source_url	requested_path	source_path_at_commit	sequence	commit	commit_iso	output_file	status	commit_subject
https://rss.tedt.org/ai_rss_feed.xml	ai_rss_feed.xml	rss_feed.xml	0001	a6316d863a9378232aa11a618d4d7700045a38dc	2025-05-29T16:27:37Z	historical/ai_rss_feed/0001_2025-05-29T16-27-37Z_a6316d863a93_ai_rss_feed_legacy_rss_feed.xml	ok_xml	Update RSS feed - 2025-05-29 16:27:37
https://rss.tedt.org/ai_rss_feed.xml	ai_rss_feed.xml	rss_feed.xml	0002	c333e91b6bcacd8a0c8a79b2f0d81aaa3c568452	2025-05-29T17:09:13Z	historical/ai_rss_feed/0002_2025-05-29T17-09-13Z_c333e91b6bca_ai_rss_feed_legacy_rss_feed.xml	ok_xml	Update RSS feed - 2025-05-29 17:09:13
https://rss.tedt.org/ai_rss_feed.xml	ai_rss_feed.xml		0003	1b70f3cb20ec54f15e1ef4f50df91fdcf70abfe6	2025-05-29T10:21:12-07:00		missing_blob	Implement feature X to enhance user experience and fix bug Y in module Z
https://rss.tedt.org/ai_rss_feed.xml	ai_rss_feed.xml	rss_feed.xml	0004	73d6b8cd24161a71a6444136703cc51c667c49cb	2025-05-29T17:26:06Z	historical/ai_rss_feed/0004_2025-05-29T17-26-06Z_73d6b8cd2416_ai_rss_feed_legacy_rss_feed.xml	ok_xml	Update RSS feed - 2025-05-29 17:26:06
https://rss.tedt.org/ai_rss_feed.xml	ai_rss_feed.xml	rss_feed.xml	0005	6ae7e990154cb206a7cac94257fcba5fbfacf835	2025-05-29T10:36:16-07:00	historical/ai_rss_feed/0005_2025-05-29T10-36-16-07-00_6ae7e990154c_ai_rss_feed_legacy_rss_feed.xml	non_xml_blob	Update rss_feed.xml
https://rss.tedt.org/ai_rss_feed.xml	ai_rss_feed.xml	rss_feed.xml	0006	426a235c4534a5f1d9f6d650f92275e47fa839c5	2025-05-29T17:49:32Z	historical/ai_rss_feed/0006_2025-05-29T17-49-32Z_426a235c4534_ai_rss_feed_legacy_rss_feed.xml	ok_xml	Update RSS feed - 2025-05-29 17:49:32
https://rss.tedt.org/ai_rss_feed.xml	ai_rss_feed.xml	ai_rss_feed.xml	0007	23fd68637eccca5d4aee6bf0d6689027b5c3d980	2025-05-29T13:49:13-07:00	historical/ai_rss_feed/0007_2025-05-29T13-49-13-07-00_23fd68637ecc_ai_rss_feed.xml	ok_xml	Rename rss_feed.xml to ai_rss_feed.xml
https://rss.tedt.org/ai_rss_feed.xml	ai_rss_feed.xml	ai_rss_feed.xml	0008	d996888f37217e24c68386199db572efcbe49999	2025-05-30T14:22:31Z	historical/ai_rss_feed/0008_2025-05-30T14-22-31Z_d996888f3721_ai_rss_feed.xml	ok_xml	Update RSS feed - 2025-05-30 14:22:31
https://rss.tedt.org/ai_rss_feed.xml	ai_rss_feed.xml	ai_rss_feed.xml	0009	5dc73b0967609ec4926304dcb5c49da110a37528	2025-05-30T16:15:12Z	historical/ai_rss_feed/0009_2025-05-30T16-15-12Z_5dc73b096760_ai_rss_feed.xml	ok_xml	Update RSS feed - 2025-05-30 16:15:12
https://rss.tedt.org/ai_rss_feed.xml	ai_rss_feed.xml	ai_rss_feed.xml	0010	23ef51f7de2acfa86294c53fbbc25e2e22a9d6a9	2025-05-31T00:56:21Z	historical/ai_rss_feed/0010_2025-05-31T00-56-21Z_23ef51f7de2a_ai_rss_feed.xml	ok_xml	Update RSS feed - 2025-05-31 00:56:21
https://rss.tedt.org/ai_rss_feed.xml	ai_rss_feed.xml	ai_rss_feed.xml	0011	77374a385751fc67d8846fd6d86ad5eeec0d5e2f	2025-05-31T08:14:55Z	historical/ai_rss_feed/0011_2025-05-31T08-14-55Z_77374a385751_ai_rss_feed.xml	ok_xml	Update RSS feed - 2025-05-31 08:14:55
https://rss.tedt.org/ai_rss_feed.xml	ai_rss_feed.xml	ai_rss_feed.xml	0012	b52a91687d71b3ccefa03a46dd0a5ef0130b4ce6	2025-05-31T16:13:43Z	historical/ai_rss_feed/0012_2025-05-31T16-13-43Z_b52a91687d71_ai_rss_feed.xml	ok_xml	Update RSS feed - 2025-05-31 16:13:43
https://rss.tedt.org/ai_rss_feed.xml	ai_rss_feed.xml	ai_rss_feed.xml	0013	b0ae7849b0cd015efac5f4c42b6a0cc817a1ba6a	2025-06-01T01:08:44Z	historical/ai_rss_feed/0013_2025-06-01T01-08-44Z_b0ae7849b0cd_ai_rss_feed.xml	ok_xml	Update RSS feed - 2025-06-01 01:08:44
https://rss.tedt.org/ai_rss_feed.xml	ai_rss_feed.xml	ai_rss_feed.xml	0014	7e493543c69b860cc3aa58cfbb013848b82b67cc	2025-06-01T08:15:38Z	historical/ai_rss_feed/0014_2025-06-01T08-15-38Z_7e493543c69b_ai_rss_feed.xml	ok_xml	Update RSS feed - 2025-06-01 08:15:38
https://rss.tedt.org/ai_rss_feed.xml	ai_rss_feed.xml	ai_rss_feed.xml	0015	1bfc609cb4b03d0e3d85d98d2003d83e599cec14	2025-06-01T16:13:22Z	historical/ai_rss_feed/0015_2025-06-01T16-13-22Z_1bfc609cb4b0_ai_rss_feed.xml	ok_xml	Update RSS feed - 2025-06-01 16:13:22
https://rss.tedt.org/ai_rss_feed.xml	ai_rss_feed.xml	ai_rss_feed.xml	0016	839c8c7368b6b3bb9d3e8ec372b91b42554be70d	2025-06-02T01:00:29Z	historical/ai_rss_feed/0016_2025-06-02T01-00-29Z_839c8c7368b6_ai_rss_feed.xml	ok_xml	Update RSS feed - 2025-06-02 01:00:29
https://rss.tedt.org/ai_rss_feed.xml	ai_rss_feed.xml	ai_rss_feed.xml	0017	bef102da58603e9a1ca870d8668bf827eadf914c	2025-06-02T08:18:37Z	historical/ai_rss_feed/0017_2025-06-02T08-18-37Z_bef102da5860_ai_rss_feed.xml	ok_xml	Update RSS feed - 2025-06-02 08:18:37
https://rss.tedt.org/ai_rss_feed.xml	ai_rss_feed.xml	ai_rss_feed.xml	0018	df67cc9db9c99786bd72082503934c2bde345577	2025-06-02T16:16:02Z	historical/ai_rss_feed/0018_2025-06-02T16-16-02Z_df67cc9db9c9_ai_rss_feed.xml	ok_xml	Update RSS feed - 2025-06-02 16:16:02
https://rss.tedt.org/ai_rss_feed.xml	ai_rss_feed.xml	ai_rss_feed.xml	0019	59ddfb436182822791d90253463a34630d0b6971	2025-06-02T18:47:28Z	historical/ai_rss_feed/0019_2025-06-02T18-47-28Z_59ddfb436182_ai_rss_feed.xml	ok_xml	Update RSS feed - 2025-06-02 18:47:28
https://rss.tedt.org/ai_rss_feed.xml	ai_rss_feed.xml	ai_rss_feed.xml	0020	d0995a456b6e9a690680c8198d67f962246d911b	2025-06-02T14:58:37-07:00	historical/ai_rss_feed/0020_2025-06-02T14-58-37-07-00_d0995a456b6e_ai_rss_feed.xml	ok_xml	Add initial dataset of AI-related articles with detailed ratings and rationales
https://rss.tedt.org/ai_rss_feed.xml	ai_rss_feed.xml	ai_rss_feed.xml	0021	1f87d60f0644c9798deaadadfe8fbf07998f2b6f	2025-06-02T15:02:53-07:00	historical/ai_rss_feed/0021_2025-06-02T15-02-53-07-00_1f87d60f0644_ai_rss_feed.xml	ok_xml	Add functionality to scrape latest AI news from LinkedIn and generate RSS feed
https://rss.tedt.org/ai_rss_feed.xml	ai_rss_feed.xml	ai_rss_feed.xml	0022	ef0f61561ddfee22f86940aa948a174012281962	2025-06-02T15:17:36-07:00	historical/ai_rss_feed/0022_2025-06-02T15-17-36-07-00_ef0f61561ddf_ai_rss_feed.xml	ok_xml	feat: Implement enhanced RSS scraper and monitoring system
https://rss.tedt.org/ai_rss_feed.xml	ai_rss_feed.xml	ai_rss_feed.xml	0023	316ba86ff7a8ace2de557d98c1c275784550a4cb	2025-06-02T22:20:29Z	historical/ai_rss_feed/0023_2025-06-02T22-20-29Z_316ba86ff7a8_ai_rss_feed.xml	ok_xml	Update RSS feeds and status report - Mon Jun  2 22:20:29 UTC 2025
https://rss.tedt.org/ai_rss_feed.xml	ai_rss_feed.xml	ai_rss_feed.xml	0024	515533fbee872f186cf95e149500eec6a85d69ec	2025-06-03T00:59:14Z	historical/ai_rss_feed/0024_2025-06-03T00-59-14Z_515533fbee87_ai_rss_feed.xml	ok_xml	Update RSS feeds and status report - Tue Jun  3 00:59:14 UTC 2025
https://rss.tedt.org/ai_rss_feed.xml	ai_rss_feed.xml	ai_rss_feed.xml	0025	8277d0d53a3e992ffa96c192546f85ea2ccbaf21	2025-06-03T08:18:44Z	historical/ai_rss_feed/0025_2025-06-03T08-18-44Z_8277d0d53a3e_ai_rss_feed.xml	ok_xml	Update RSS feeds and status report - Tue Jun  3 08:18:44 UTC 2025
https://rss.tedt.org/ai_rss_feed.xml	ai_rss_feed.xml	ai_rss_feed.xml	0026	1bed8b6030c040e175955be1c3d8a21900e1539e	2025-06-03T14:17:18Z	historical/ai_rss_feed/0026_2025-06-03T14-17-18Z_1bed8b6030c0_ai_rss_feed.xml	ok_xml	Update RSS feeds and status report - Tue Jun  3 14:17:18 UTC 2025
https://rss.tedt.org/ai_rss_feed.xml	ai_rss_feed.xml	ai_rss_feed.xml	0027	4847f54ed6a8f68e390ec34b21bdf1d2d0a9fb0c	2025-06-03T16:17:01Z	historical/ai_rss_feed/0027_2025-06-03T16-17-01Z_4847f54ed6a8_ai_rss_feed.xml	ok_xml	Update RSS feeds and status report - Tue Jun  3 16:17:01 UTC 2025
https://rss.tedt.org/ai_rss_feed.xml	ai_rss_feed.xml	ai_rss_feed.xml	0028	9863ff7048d970b1fb37678932ba9e28b1897164	2025-06-04T00:58:56Z	historical/ai_rss_feed/0028_2025-06-04T00-58-56Z_9863ff7048d9_ai_rss_feed.xml	ok_xml	Update RSS feeds and status report - Wed Jun  4 00:58:56 UTC 2025
https://rss.tedt.org/ai_rss_feed.xml	ai_rss_feed.xml	ai_rss_feed.xml	0029	af4e5a062bdab975e151877591337602335dd6aa	2025-06-04T08:18:01Z	historical/ai_rss_feed/0029_2025-06-04T08-18-01Z_af4e5a062bda_ai_rss_feed.xml	ok_xml	Update RSS feeds and status report - Wed Jun  4 08:18:01 UTC 2025
https://rss.tedt.org/ai_rss_feed.xml	ai_rss_feed.xml	ai_rss_feed.xml	0030	2b16bc5e6325533b40446730f15581e3a24aa4f1	2025-06-04T16:15:58Z	historical/ai_rss_feed/0030_2025-06-04T16-15-58Z_2b16bc5e6325_ai_rss_feed.xml	ok_xml	Update RSS feeds and status report - Wed Jun  4 16:15:58 UTC 2025
https://rss.tedt.org/ai_rss_feed.xml	ai_rss_feed.xml	ai_rss_feed.xml	0031	2fd85361383d7844af71bd0f6c999606b0a4f8c0	2025-06-05T00:58:31Z	historical/ai_rss_feed/0031_2025-06-05T00-58-31Z_2fd85361383d_ai_rss_feed.xml	ok_xml	Update RSS feeds and status report - Thu Jun  5 00:58:31 UTC 2025
https://rss.tedt.org/ai_rss_feed.xml	ai_rss_feed.xml	ai_rss_feed.xml	0032	ff6b1f39fcdcbfdc3bccf40bed42e65f7ed4ca25	2025-06-05T08:17:37Z	historical/ai_rss_feed/0032_2025-06-05T08-17-37Z_ff6b1f39fcdc_ai_rss_feed.xml	ok_xml	Update RSS feeds and status report - Thu Jun  5 08:17:37 UTC 2025
https://rss.tedt.org/ai_rss_feed.xml	ai_rss_feed.xml	ai_rss_feed.xml	0033	37fac879dbea8daffd720f9cf4dd216f60d92e3d	2025-06-05T16:16:21Z	historical/ai_rss_feed/0033_2025-06-05T16-16-21Z_37fac879dbea_ai_rss_feed.xml	ok_xml	Update RSS feeds and status report - Thu Jun  5 16:16:21 UTC 2025
https://rss.tedt.org/ai_rss_feed.xml	ai_rss_feed.xml	ai_rss_feed.xml	0034	f7a20339a88952bd56b392d58f33438d40605f85	2025-06-06T00:58:13Z	historical/ai_rss_feed/0034_2025-06-06T00-58-13Z_f7a20339a889_ai_rss_feed.xml	ok_xml	Update RSS feeds and status report - Fri Jun  6 00:58:13 UTC 2025
https://rss.tedt.org/ai_rss_feed.xml	ai_rss_feed.xml	ai_rss_feed.xml	0035	385f87828ab2a459f98279af99d84a8b4050c1ec	2025-06-06T08:17:20Z	historical/ai_rss_feed/0035_2025-06-06T08-17-20Z_385f87828ab2_ai_rss_feed.xml	ok_xml	Update RSS feeds and status report - Fri Jun  6 08:17:20 UTC 2025
https://rss.tedt.org/ai_rss_feed.xml	ai_rss_feed.xml	ai_rss_feed.xml	0036	6bb3e41f878b63bfb1b883d28773a130e3b49082	2025-06-06T16:16:08Z	historical/ai_rss_feed/0036_2025-06-06T16-16-08Z_6bb3e41f878b_ai_rss_feed.xml	ok_xml	Update RSS feeds and status report - Fri Jun  6 16:16:08 UTC 2025
https://rss.tedt.org/ai_rss_feed.xml	ai_rss_feed.xml	ai_rss_feed.xml	0037	1c3a06187c675ced49324d0c474cf1bc7a145d54	2025-06-07T00:57:49Z	historical/ai_rss_feed/0037_2025-06-07T00-57-49Z_1c3a06187c67_ai_rss_feed.xml	ok_xml	Update RSS feeds and status report - Sat Jun  7 00:57:49 UTC 2025
https://rss.tedt.org/ai_rss_feed.xml	ai_rss_feed.xml	ai_rss_feed.xml	0038	39c3189f51fb7b510c8725de08e0ef15d79172e3	2025-06-07T08:15:23Z	historical/ai_rss_feed/0038_2025-06-07T08-15-23Z_39c3189f51fb_ai_rss_feed.xml	ok_xml	Update RSS feeds and status report - Sat Jun  7 08:15:23 UTC 2025
https://rss.tedt.org/ai_rss_feed.xml	ai_rss_feed.xml	ai_rss_feed.xml	0039	2ee33c84408a3c5fd72fe399bb603ed450d8d94d	2025-06-07T16:14:24Z	historical/ai_rss_feed/0039_2025-06-07T16-14-24Z_2ee33c84408a_ai_rss_feed.xml	ok_xml	Update RSS feeds and status report - Sat Jun  7 16:14:24 UTC 2025
https://rss.tedt.org/ai_rss_feed.xml	ai_rss_feed.xml	ai_rss_feed.xml	0040	1bc771c6b14f4aa22b46895c5a10be5b496192a3	2025-06-08T01:03:54Z	historical/ai_rss_feed/0040_2025-06-08T01-03-54Z_1bc771c6b14f_ai_rss_feed.xml	ok_xml	Update RSS feeds and status report - Sun Jun  8 01:03:54 UTC 2025
https://rss.tedt.org/ai_rss_feed.xml	ai_rss_feed.xml	ai_rss_feed.xml	0041	ebfbca86d34d55cb01843722eef2ed8917a40a61	2025-06-08T08:15:48Z	historical/ai_rss_feed/0041_2025-06-08T08-15-48Z_ebfbca86d34d_ai_rss_feed.xml	ok_xml	Update RSS feeds and status report - Sun Jun  8 08:15:48 UTC 2025
https://rss.tedt.org/ai_rss_feed.xml	ai_rss_feed.xml	ai_rss_feed.xml	0042	beb8c36e042b3edff239fc9110391ecf8ccdfb8f	2025-06-08T16:14:52Z	historical/ai_rss_feed/0042_2025-06-08T16-14-52Z_beb8c36e042b_ai_rss_feed.xml	ok_xml	Update RSS feeds and status report - Sun Jun  8 16:14:52 UTC 2025
https://rss.tedt.org/ai_rss_feed.xml	ai_rss_feed.xml	ai_rss_feed.xml	0043	b87e1d5bdb0092a66aaf7a5ef3f8da9447fb046a	2025-06-08T23:43:42Z	historical/ai_rss_feed/0043_2025-06-08T23-43-42Z_b87e1d5bdb00_ai_rss_feed.xml	ok_xml	Update RSS feeds and status report - Sun Jun  8 23:43:42 UTC 2025
https://rss.tedt.org/ai_rss_feed.xml	ai_rss_feed.xml	ai_rss_feed.xml	0044	872b4f1dbd9fe4b5acced8c379fd40890fb43aa9	2025-06-08T23:57:29Z	historical/ai_rss_feed/0044_2025-06-08T23-57-29Z_872b4f1dbd9f_ai_rss_feed.xml	ok_xml	Update RSS feeds and status report - Sun Jun  8 23:57:29 UTC 2025
https://rss.tedt.org/ai_rss_feed.xml	ai_rss_feed.xml	ai_rss_feed.xml	0045	1e6a737888ced2397ba3e1a9e0f9d4059ced87bc	2025-06-09T00:15:36Z	historical/ai_rss_feed/0045_2025-06-09T00-15-36Z_1e6a737888ce_ai_rss_feed.xml	ok_xml	Update RSS feeds and status report - Mon Jun  9 00:15:36 UTC 2025
https://rss.tedt.org/ai_rss_feed.xml	ai_rss_feed.xml	ai_rss_feed.xml	0046	c8cbda1f1d38152f21d7f369a62457f7a28a8539	2025-06-09T00:19:07Z	historical/ai_rss_feed/0046_2025-06-09T00-19-07Z_c8cbda1f1d38_ai_rss_feed.xml	ok_xml	Update RSS feeds and status report - Mon Jun  9 00:19:07 UTC 2025
https://rss.tedt.org/ai_rss_feed.xml	ai_rss_feed.xml	ai_rss_feed.xml	0047	c59e893016d68f413a62d8c5c82946ea82087cac	2025-06-09T01:01:45Z	historical/ai_rss_feed/0047_2025-06-09T01-01-45Z_c59e893016d6_ai_rss_feed.xml	ok_xml	Update RSS feeds and status report - Mon Jun  9 01:01:45 UTC 2025
https://rss.tedt.org/ai_rss_feed.xml	ai_rss_feed.xml	ai_rss_feed.xml	0048	511cef32f87bbddb6f2387142806ca88d382e46a	2025-06-09T01:07:05Z	historical/ai_rss_feed/0048_2025-06-09T01-07-05Z_511cef32f87b_ai_rss_feed.xml	ok_xml	Update RSS feeds and status report - Mon Jun  9 01:07:05 UTC 2025
https://rss.tedt.org/ai_rss_feed.xml	ai_rss_feed.xml	ai_rss_feed.xml	0049	e54f5e5256492c3a9a967253bf544d8cc18025e5	2025-06-09T02:06:27Z	historical/ai_rss_feed/0049_2025-06-09T02-06-27Z_e54f5e525649_ai_rss_feed.xml	ok_xml	Update RSS feeds and status report - Mon Jun  9 02:06:27 UTC 2025
https://rss.tedt.org/ai_rss_feed.xml	ai_rss_feed.xml	ai_rss_feed.xml	0050	5376d504adc390335c5bb8f1ef1904cefcf4a204	2025-06-09T02:29:28Z	historical/ai_rss_feed/0050_2025-06-09T02-29-28Z_5376d504adc3_ai_rss_feed.xml	ok_xml	Update RSS feeds and status report - Mon Jun  9 02:29:28 UTC 2025
https://rss.tedt.org/ai_rss_feed.xml	ai_rss_feed.xml	ai_rss_feed.xml	0051	8e89a6b9e78d132c4179889b919367f90cadf071	2025-06-09T08:18:52Z	historical/ai_rss_feed/0051_2025-06-09T08-18-52Z_8e89a6b9e78d_ai_rss_feed.xml	ok_xml	Update RSS feeds and status report - Mon Jun  9 08:18:52 UTC 2025
https://rss.tedt.org/ai_rss_feed.xml	ai_rss_feed.xml	ai_rss_feed.xml	0052	ba68e1dca18dd44b5977e909d3e3d3ad15fc1667	2025-06-09T15:54:37Z	historical/ai_rss_feed/0052_2025-06-09T15-54-37Z_ba68e1dca18d_ai_rss_feed.xml	ok_xml	Update RSS feeds and status report - Mon Jun  9 15:54:37 UTC 2025
https://rss.tedt.org/ai_rss_feed.xml	ai_rss_feed.xml	ai_rss_feed.xml	0053	61eb86ffc56e512d820a8eb973fea74690f99c3e	2025-06-09T16:14:43Z	historical/ai_rss_feed/0053_2025-06-09T16-14-43Z_61eb86ffc56e_ai_rss_feed.xml	ok_xml	Update RSS feeds and status report - Mon Jun  9 16:14:43 UTC 2025
https://rss.tedt.org/ai_rss_feed.xml	ai_rss_feed.xml	ai_rss_feed.xml	0054	366dec05948700d40e1c4c9ea9e8742d53651af1	2025-06-09T18:12:16Z	historical/ai_rss_feed/0054_2025-06-09T18-12-16Z_366dec059487_ai_rss_feed.xml	ok_xml	Update RSS feeds and status report - Mon Jun  9 18:12:16 UTC 2025
https://rss.tedt.org/ai_rss_feed.xml	ai_rss_feed.xml	ai_rss_feed.xml	0055	2ff2b366a40dcd20ad1b03ef05d652b7dd51998c	2025-06-09T18:18:08Z	historical/ai_rss_feed/0055_2025-06-09T18-18-08Z_2ff2b366a40d_ai_rss_feed.xml	ok_xml	Update RSS feeds and status report - Mon Jun  9 18:18:08 UTC 2025
https://rss.tedt.org/ai_rss_feed.xml	ai_rss_feed.xml	ai_rss_feed.xml	0056	f642c33b11570585cb981033748285fe761d8117	2025-06-09T18:31:35Z	historical/ai_rss_feed/0056_2025-06-09T18-31-35Z_f642c33b1157_ai_rss_feed.xml	ok_xml	Update RSS feeds and status report - Mon Jun  9 18:31:35 UTC 2025
https://rss.tedt.org/ai_rss_feed.xml	ai_rss_feed.xml	ai_rss_feed.xml	0057	b003442949c32798b8d65f163ce1f9c29af90bf7	2025-06-10T00:58:43Z	historical/ai_rss_feed/0057_2025-06-10T00-58-43Z_b003442949c3_ai_rss_feed.xml	ok_xml	Update RSS feeds and status report - Tue Jun 10 00:58:43 UTC 2025
https://rss.tedt.org/ai_rss_feed.xml	ai_rss_feed.xml	ai_rss_feed.xml	0058	f138c8cda46e45246af10af07aa7c61ad49f9a4d	2025-06-10T08:17:44Z	historical/ai_rss_feed/0058_2025-06-10T08-17-44Z_f138c8cda46e_ai_rss_feed.xml	ok_xml	Update RSS feeds and status report - Tue Jun 10 08:17:44 UTC 2025
https://rss.tedt.org/ai_rss_feed.xml	ai_rss_feed.xml	ai_rss_feed.xml	0059	b24ca90bd56b50fb09c2169b8ae66d272b1a2854	2025-06-10T16:16:05Z	historical/ai_rss_feed/0059_2025-06-10T16-16-05Z_b24ca90bd56b_ai_rss_feed.xml	ok_xml	Update RSS feeds and status report - Tue Jun 10 16:16:05 UTC 2025
https://rss.tedt.org/ai_rss_feed.xml	ai_rss_feed.xml	ai_rss_feed.xml	0060	e442cd8ec13e4c3a9a58bd7fc6f25b99538823cd	2025-06-11T00:58:24Z	historical/ai_rss_feed/0060_2025-06-11T00-58-24Z_e442cd8ec13e_ai_rss_feed.xml	ok_xml	Update RSS feeds and status report - Wed Jun 11 00:58:24 UTC 2025
https://rss.tedt.org/ai_rss_feed.xml	ai_rss_feed.xml	ai_rss_feed.xml	0061	e64a34c635a3ee25fb0370bc3f2a021edb0c344b	2025-06-11T08:17:24Z	historical/ai_rss_feed/0061_2025-06-11T08-17-24Z_e64a34c635a3_ai_rss_feed.xml	ok_xml	Update RSS feeds and status report - Wed Jun 11 08:17:24 UTC 2025
https://rss.tedt.org/ai_rss_feed.xml	ai_rss_feed.xml	ai_rss_feed.xml	0062	1f8646b6247ec1912b56bbba982cfd10ac5184ea	2025-06-11T16:16:13Z	historical/ai_rss_feed/0062_2025-06-11T16-16-13Z_1f8646b6247e_ai_rss_feed.xml	ok_xml	Update RSS feeds and status report - Wed Jun 11 16:16:13 UTC 2025
https://rss.tedt.org/ai_rss_feed.xml	ai_rss_feed.xml	ai_rss_feed.xml	0063	ecd56a3693fdf152cee7dbc4a3fcd070dbd185ee	2025-06-12T00:58:14Z	historical/ai_rss_feed/0063_2025-06-12T00-58-14Z_ecd56a3693fd_ai_rss_feed.xml	ok_xml	Update RSS feeds and status report - Thu Jun 12 00:58:14 UTC 2025
https://rss.tedt.org/ai_rss_feed.xml	ai_rss_feed.xml	ai_rss_feed.xml	0064	828ec2d278f5f811b6b12f1a86fb7fe46a1d3964	2025-06-12T08:17:34Z	historical/ai_rss_feed/0064_2025-06-12T08-17-34Z_828ec2d278f5_ai_rss_feed.xml	ok_xml	Update RSS feeds and status report - Thu Jun 12 08:17:34 UTC 2025
https://rss.tedt.org/ai_rss_feed.xml	ai_rss_feed.xml	ai_rss_feed.xml	0065	6a53648e3a8972581398720d6d4361cbc2a98f35	2025-06-12T16:15:46Z	historical/ai_rss_feed/0065_2025-06-12T16-15-46Z_6a53648e3a89_ai_rss_feed.xml	ok_xml	Update RSS feeds and status report - Thu Jun 12 16:15:46 UTC 2025
https://rss.tedt.org/ai_rss_feed.xml	ai_rss_feed.xml	ai_rss_feed.xml	0066	b9844735a2ba8cd5fa6b46ebbe5cc13916f8ac78	2025-06-13T00:58:51Z	historical/ai_rss_feed/0066_2025-06-13T00-58-51Z_b9844735a2ba_ai_rss_feed.xml	ok_xml	Update RSS feeds and status report - Fri Jun 13 00:58:51 UTC 2025
https://rss.tedt.org/ai_rss_feed.xml	ai_rss_feed.xml	ai_rss_feed.xml	0067	d08c5baf56ced0a4bf431889326463295718ef85	2025-06-13T08:17:32Z	historical/ai_rss_feed/0067_2025-06-13T08-17-32Z_d08c5baf56ce_ai_rss_feed.xml	ok_xml	Update RSS feeds and status report - Fri Jun 13 08:17:32 UTC 2025
https://rss.tedt.org/ai_rss_feed.xml	ai_rss_feed.xml	ai_rss_feed.xml	0068	c4ecee391aa0a12afe850dc3da174edff9a875e7	2025-06-13T16:15:24Z	historical/ai_rss_feed/0068_2025-06-13T16-15-24Z_c4ecee391aa0_ai_rss_feed.xml	ok_xml	Update RSS feeds and status report - Fri Jun 13 16:15:24 UTC 2025
https://rss.tedt.org/ai_rss_feed.xml	ai_rss_feed.xml	ai_rss_feed.xml	0069	cbc0d86e4effbd205fe3a579c3d83b197530f1bc	2025-06-14T00:57:01Z	historical/ai_rss_feed/0069_2025-06-14T00-57-01Z_cbc0d86e4eff_ai_rss_feed.xml	ok_xml	Update RSS feeds and status report - Sat Jun 14 00:57:01 UTC 2025
https://rss.tedt.org/ai_rss_feed.xml	ai_rss_feed.xml	ai_rss_feed.xml	0070	75f0bdd708770477d4608ea9a3863e228d5c7173	2025-06-14T08:15:27Z	historical/ai_rss_feed/0070_2025-06-14T08-15-27Z_75f0bdd70877_ai_rss_feed.xml	ok_xml	Update RSS feeds and status report - Sat Jun 14 08:15:27 UTC 2025
https://rss.tedt.org/ai_rss_feed.xml	ai_rss_feed.xml	ai_rss_feed.xml	0071	bbaef9c947cc8a40334ee6f1a4056d5608e8eb58	2025-06-14T16:14:28Z	historical/ai_rss_feed/0071_2025-06-14T16-14-28Z_bbaef9c947cc_ai_rss_feed.xml	ok_xml	Update RSS feeds and status report - Sat Jun 14 16:14:28 UTC 2025
https://rss.tedt.org/ai_rss_feed.xml	ai_rss_feed.xml	ai_rss_feed.xml	0072	46dc083f9ef10834bcd102f983ac0236cecdc040	2025-06-15T01:04:34Z	historical/ai_rss_feed/0072_2025-06-15T01-04-34Z_46dc083f9ef1_ai_rss_feed.xml	ok_xml	Update RSS feeds and status report - Sun Jun 15 01:04:34 UTC 2025
https://rss.tedt.org/ai_rss_feed.xml	ai_rss_feed.xml	ai_rss_feed.xml	0073	4ac8c09e346e80355a20819ed1ab9a1061e4c6b9	2025-06-15T08:15:01Z	historical/ai_rss_feed/0073_2025-06-15T08-15-01Z_4ac8c09e346e_ai_rss_feed.xml	ok_xml	Update RSS feeds and status report - Sun Jun 15 08:15:01 UTC 2025
https://rss.tedt.org/ai_rss_feed.xml	ai_rss_feed.xml	ai_rss_feed.xml	0074	d836eae9f647260d7f85892ce7c63d496a901473	2025-06-15T16:14:07Z	historical/ai_rss_feed/0074_2025-06-15T16-14-07Z_d836eae9f647_ai_rss_feed.xml	ok_xml	Update RSS feeds and status report - Sun Jun 15 16:14:07 UTC 2025
https://rss.tedt.org/ai_rss_feed.xml	ai_rss_feed.xml	ai_rss_feed.xml	0075	0101a05bde5e2b47ef8b8b79256d2d9e46f9f787	2025-06-16T01:00:17Z	historical/ai_rss_feed/0075_2025-06-16T01-00-17Z_0101a05bde5e_ai_rss_feed.xml	ok_xml	Update RSS feeds and status report - Mon Jun 16 01:00:17 UTC 2025
https://rss.tedt.org/ai_rss_feed.xml	ai_rss_feed.xml	ai_rss_feed.xml	0076	d061f8e0f58b06d3171cddaec9684edc16a8f7c3	2025-06-16T08:18:35Z	historical/ai_rss_feed/0076_2025-06-16T08-18-35Z_d061f8e0f58b_ai_rss_feed.xml	ok_xml	Update RSS feeds and status report - Mon Jun 16 08:18:35 UTC 2025
https://rss.tedt.org/ai_rss_feed.xml	ai_rss_feed.xml	ai_rss_feed.xml	0077	fb69da93a32921204303089d93bdf36e411f315f	2025-06-16T16:16:02Z	historical/ai_rss_feed/0077_2025-06-16T16-16-02Z_fb69da93a329_ai_rss_feed.xml	ok_xml	Update RSS feeds and status report - Mon Jun 16 16:16:02 UTC 2025
https://rss.tedt.org/ai_rss_feed.xml	ai_rss_feed.xml	ai_rss_feed.xml	0078	1b8b294ebd958f31535a07f43b9b055decba79b2	2025-06-17T00:58:53Z	historical/ai_rss_feed/0078_2025-06-17T00-58-53Z_1b8b294ebd95_ai_rss_feed.xml	ok_xml	Update RSS feeds and status report - Tue Jun 17 00:58:53 UTC 2025
https://rss.tedt.org/ai_rss_feed.xml	ai_rss_feed.xml	ai_rss_feed.xml	0079	aa3d1fa7f72c39603fda310ada22c812e9adf261	2025-06-17T08:17:52Z	historical/ai_rss_feed/0079_2025-06-17T08-17-52Z_aa3d1fa7f72c_ai_rss_feed.xml	ok_xml	Update RSS feeds and status report - Tue Jun 17 08:17:52 UTC 2025
https://rss.tedt.org/ai_rss_feed.xml	ai_rss_feed.xml	ai_rss_feed.xml	0080	ca342cbba4597be8c6ef81b24edfeb9b4eb2134f	2025-06-17T16:16:07Z	historical/ai_rss_feed/0080_2025-06-17T16-16-07Z_ca342cbba459_ai_rss_feed.xml	ok_xml	Update RSS feeds and status report - Tue Jun 17 16:16:07 UTC 2025
https://rss.tedt.org/ai_rss_feed.xml	ai_rss_feed.xml	ai_rss_feed.xml	0081	d603fcb084616e2b87078beea91aeca8e4ee92b0	2025-06-18T00:59:03Z	historical/ai_rss_feed/0081_2025-06-18T00-59-03Z_d603fcb08461_ai_rss_feed.xml	ok_xml	Update RSS feeds and status report - Wed Jun 18 00:59:03 UTC 2025
https://rss.tedt.org/ai_rss_feed.xml	ai_rss_feed.xml	ai_rss_feed.xml	0082	cebb08b942cbc913c810f7fd2f1efc2b3ca44b27	2025-06-18T08:18:01Z	historical/ai_rss_feed/0082_2025-06-18T08-18-01Z_cebb08b942cb_ai_rss_feed.xml	ok_xml	Update RSS feeds and status report - Wed Jun 18 08:18:01 UTC 2025
https://rss.tedt.org/ai_rss_feed.xml	ai_rss_feed.xml	ai_rss_feed.xml	0083	fa0a634e914d80ef6cd1ba85f81d9a7526e17f01	2025-06-18T16:15:55Z	historical/ai_rss_feed/0083_2025-06-18T16-15-55Z_fa0a634e914d_ai_rss_feed.xml	ok_xml	Update RSS feeds and status report - Wed Jun 18 16:15:55 UTC 2025
https://rss.tedt.org/ai_rss_feed.xml	ai_rss_feed.xml	ai_rss_feed.xml	0084	7042a429e7f6279f558570de88811bcf6c6b1cbb	2025-06-19T00:58:50Z	historical/ai_rss_feed/0084_2025-06-19T00-58-50Z_7042a429e7f6_ai_rss_feed.xml	ok_xml	Update RSS feeds and status report - Thu Jun 19 00:58:50 UTC 2025
https://rss.tedt.org/ai_rss_feed.xml	ai_rss_feed.xml	ai_rss_feed.xml	0085	dcd46a42c207d64e2376834201a919f5ba58c4c7	2025-06-19T08:17:41Z	historical/ai_rss_feed/0085_2025-06-19T08-17-41Z_dcd46a42c207_ai_rss_feed.xml	ok_xml	Update RSS feeds and status report - Thu Jun 19 08:17:41 UTC 2025
https://rss.tedt.org/ai_rss_feed.xml	ai_rss_feed.xml	ai_rss_feed.xml	0086	c67705a6a915a43d7b6a12f558e91df13250ed97	2025-06-19T16:15:24Z	historical/ai_rss_feed/0086_2025-06-19T16-15-24Z_c67705a6a915_ai_rss_feed.xml	ok_xml	Update RSS feeds and status report - Thu Jun 19 16:15:24 UTC 2025
https://rss.tedt.org/ai_rss_feed.xml	ai_rss_feed.xml	ai_rss_feed.xml	0087	5a876fe993ca1622660c2925db0b989546031624	2025-06-20T00:58:40Z	historical/ai_rss_feed/0087_2025-06-20T00-58-40Z_5a876fe993ca_ai_rss_feed.xml	ok_xml	Update RSS feeds and status report - Fri Jun 20 00:58:40 UTC 2025
https://rss.tedt.org/ai_rss_feed.xml	ai_rss_feed.xml	ai_rss_feed.xml	0088	19c0df643b4151d4bebcab1da932dfebbdabafd6	2025-06-20T08:17:37Z	historical/ai_rss_feed/0088_2025-06-20T08-17-37Z_19c0df643b41_ai_rss_feed.xml	ok_xml	Update RSS feeds and status report - Fri Jun 20 08:17:37 UTC 2025
https://rss.tedt.org/ai_rss_feed.xml	ai_rss_feed.xml	ai_rss_feed.xml	0089	cfb004db7282fb6b2ab9bfc3581b8fe2b35520d2	2025-06-20T16:25:55Z	historical/ai_rss_feed/0089_2025-06-20T16-25-55Z_cfb004db7282_ai_rss_feed.xml	ok_xml	Update RSS feeds and status report - Fri Jun 20 16:25:55 UTC 2025
https://rss.tedt.org/ai_rss_feed.xml	ai_rss_feed.xml	ai_rss_feed.xml	0090	2ddebe201736b222755f1bc125dc73b0f43912bf	2025-06-21T00:57:55Z	historical/ai_rss_feed/0090_2025-06-21T00-57-55Z_2ddebe201736_ai_rss_feed.xml	ok_xml	Update RSS feeds and status report - Sat Jun 21 00:57:55 UTC 2025
https://rss.tedt.org/ai_rss_feed.xml	ai_rss_feed.xml	ai_rss_feed.xml	0091	2168698a9b943169b1e1f0082fa249273f73ff13	2025-06-21T08:15:32Z	historical/ai_rss_feed/0091_2025-06-21T08-15-32Z_2168698a9b94_ai_rss_feed.xml	ok_xml	Update RSS feeds and status report - Sat Jun 21 08:15:32 UTC 2025
https://rss.tedt.org/ai_rss_feed.xml	ai_rss_feed.xml	ai_rss_feed.xml	0092	38f39cd90f5b789ac191ed49022a1456664727c3	2025-06-21T16:14:18Z	historical/ai_rss_feed/0092_2025-06-21T16-14-18Z_38f39cd90f5b_ai_rss_feed.xml	ok_xml	Update RSS feeds and status report - Sat Jun 21 16:14:18 UTC 2025
https://rss.tedt.org/ai_rss_feed.xml	ai_rss_feed.xml	ai_rss_feed.xml	0093	412a908d64b8253ece6f0bccebfcc8e7e9f40e14	2025-06-22T01:04:10Z	historical/ai_rss_feed/0093_2025-06-22T01-04-10Z_412a908d64b8_ai_rss_feed.xml	ok_xml	Update RSS feeds and status report - Sun Jun 22 01:04:10 UTC 2025
https://rss.tedt.org/ai_rss_feed.xml	ai_rss_feed.xml	ai_rss_feed.xml	0094	d3c78342645c8ce4d0a78310b99d881592e189eb	2025-06-22T08:15:47Z	historical/ai_rss_feed/0094_2025-06-22T08-15-47Z_d3c78342645c_ai_rss_feed.xml	ok_xml	Update RSS feeds and status report - Sun Jun 22 08:15:47 UTC 2025
https://rss.tedt.org/ai_rss_feed.xml	ai_rss_feed.xml	ai_rss_feed.xml	0095	d22fb6c8c3d0171be5bd695697f8f89c0e81b1a7	2025-06-22T16:14:01Z	historical/ai_rss_feed/0095_2025-06-22T16-14-01Z_d22fb6c8c3d0_ai_rss_feed.xml	ok_xml	Update RSS feeds and status report - Sun Jun 22 16:14:01 UTC 2025
https://rss.tedt.org/ai_rss_feed.xml	ai_rss_feed.xml	ai_rss_feed.xml	0096	a3ff50e4912b4b20a5b0dab39992bc21558d92de	2025-06-23T01:02:38Z	historical/ai_rss_feed/0096_2025-06-23T01-02-38Z_a3ff50e4912b_ai_rss_feed.xml	ok_xml	Update RSS feeds and status report - Mon Jun 23 01:02:38 UTC 2025
https://rss.tedt.org/ai_rss_feed.xml	ai_rss_feed.xml	ai_rss_feed.xml	0097	8d295a0d21695e7e157a3a0705ca065893b8de99	2025-06-23T08:18:48Z	historical/ai_rss_feed/0097_2025-06-23T08-18-48Z_8d295a0d2169_ai_rss_feed.xml	ok_xml	Update RSS feeds and status report - Mon Jun 23 08:18:48 UTC 2025
https://rss.tedt.org/ai_rss_feed.xml	ai_rss_feed.xml	ai_rss_feed.xml	0098	e7e71abda847c81722c6533d26eda0814404481b	2025-06-23T16:16:20Z	historical/ai_rss_feed/0098_2025-06-23T16-16-20Z_e7e71abda847_ai_rss_feed.xml	ok_xml	Update RSS feeds and status report - Mon Jun 23 16:16:20 UTC 2025
https://rss.tedt.org/ai_rss_feed.xml	ai_rss_feed.xml	ai_rss_feed.xml	0099	0b3a003dd3a121cfc969e3702f50f3c992dd0963	2025-06-24T00:59:11Z	historical/ai_rss_feed/0099_2025-06-24T00-59-11Z_0b3a003dd3a1_ai_rss_feed.xml	ok_xml	Update RSS feeds and status report - Tue Jun 24 00:59:11 UTC 2025
https://rss.tedt.org/ai_rss_feed.xml	ai_rss_feed.xml	ai_rss_feed.xml	0100	64d928c9dff45a652c31d7bf8569acdcb2d6616e	2025-06-24T08:18:23Z	historical/ai_rss_feed/0100_2025-06-24T08-18-23Z_64d928c9dff4_ai_rss_feed.xml	ok_xml	Update RSS feeds and status report - Tue Jun 24 08:18:23 UTC 2025
https://rss.tedt.org/ai_rss_feed.xml	ai_rss_feed.xml	ai_rss_feed.xml	0101	a576c168525ab541136b8dbf7045d7c68d8f9d67	2025-06-24T16:15:33Z	historical/ai_rss_feed/0101_2025-06-24T16-15-33Z_a576c168525a_ai_rss_feed.xml	ok_xml	Update RSS feeds and status report - Tue Jun 24 16:15:33 UTC 2025
https://rss.tedt.org/ai_rss_feed.xml	ai_rss_feed.xml	ai_rss_feed.xml	0102	7a18aba0450f105327d14adc07f36d1f91bef5ab	2025-06-25T01:00:03Z	historical/ai_rss_feed/0102_2025-06-25T01-00-03Z_7a18aba0450f_ai_rss_feed.xml	ok_xml	Update RSS feeds and status report - Wed Jun 25 01:00:03 UTC 2025
https://rss.tedt.org/ai_rss_feed.xml	ai_rss_feed.xml	ai_rss_feed.xml	0103	4d22f22a3673e9071a75d87f5881954ece36ee53	2025-06-25T08:18:22Z	historical/ai_rss_feed/0103_2025-06-25T08-18-22Z_4d22f22a3673_ai_rss_feed.xml	ok_xml	Update RSS feeds and status report - Wed Jun 25 08:18:22 UTC 2025
https://rss.tedt.org/ai_rss_feed.xml	ai_rss_feed.xml	ai_rss_feed.xml	0104	c9ac0f6e7109acf1979f94e1a920322d755055e7	2025-06-25T16:16:14Z	historical/ai_rss_feed/0104_2025-06-25T16-16-14Z_c9ac0f6e7109_ai_rss_feed.xml	ok_xml	Update RSS feeds and status report - Wed Jun 25 16:16:14 UTC 2025
https://rss.tedt.org/ai_rss_feed.xml	ai_rss_feed.xml	ai_rss_feed.xml	0105	9439fd5a9a3c741aa47b9d8b43b2f3ff5045c264	2025-06-26T00:59:10Z	historical/ai_rss_feed/0105_2025-06-26T00-59-10Z_9439fd5a9a3c_ai_rss_feed.xml	ok_xml	Update RSS feeds and status report - Thu Jun 26 00:59:10 UTC 2025
https://rss.tedt.org/ai_rss_feed.xml	ai_rss_feed.xml	ai_rss_feed.xml	0106	54205a37c28bb00135d8d7eef6bb53479d591a27	2025-06-26T08:18:01Z	historical/ai_rss_feed/0106_2025-06-26T08-18-01Z_54205a37c28b_ai_rss_feed.xml	ok_xml	Update RSS feeds and status report - Thu Jun 26 08:18:01 UTC 2025
https://rss.tedt.org/ai_rss_feed.xml	ai_rss_feed.xml	ai_rss_feed.xml	0107	7f610bc3cda49c05481c7d4d266d39d4b27df621	2025-06-26T16:16:02Z	historical/ai_rss_feed/0107_2025-06-26T16-16-02Z_7f610bc3cda4_ai_rss_feed.xml	ok_xml	Update RSS feeds and status report - Thu Jun 26 16:16:02 UTC 2025
https://rss.tedt.org/ai_rss_feed.xml	ai_rss_feed.xml	ai_rss_feed.xml	0108	54c209c80413ced2cd8887344e489904d3317c84	2025-06-27T01:00:10Z	historical/ai_rss_feed/0108_2025-06-27T01-00-10Z_54c209c80413_ai_rss_feed.xml	ok_xml	Update RSS feeds and status report - Fri Jun 27 01:00:10 UTC 2025
https://rss.tedt.org/ai_rss_feed.xml	ai_rss_feed.xml	ai_rss_feed.xml	0109	ced0ea0a282881a03e79d1266ef728627d53d8d4	2025-06-27T08:17:16Z	historical/ai_rss_feed/0109_2025-06-27T08-17-16Z_ced0ea0a2828_ai_rss_feed.xml	ok_xml	Update RSS feeds and status report - Fri Jun 27 08:17:16 UTC 2025
https://rss.tedt.org/ai_rss_feed.xml	ai_rss_feed.xml	ai_rss_feed.xml	0110	6a43ac811a2310940e8beef56425ba81d603b47b	2025-06-27T16:16:13Z	historical/ai_rss_feed/0110_2025-06-27T16-16-13Z_6a43ac811a23_ai_rss_feed.xml	ok_xml	Update RSS feeds and status report - Fri Jun 27 16:16:13 UTC 2025
https://rss.tedt.org/ai_rss_feed.xml	ai_rss_feed.xml	ai_rss_feed.xml	0111	79bb9026dd08ab483345d3c68ab03d74a238ee82	2025-06-28T00:57:25Z	historical/ai_rss_feed/0111_2025-06-28T00-57-25Z_79bb9026dd08_ai_rss_feed.xml	ok_xml	Update RSS feeds and status report - Sat Jun 28 00:57:25 UTC 2025
https://rss.tedt.org/ai_rss_feed.xml	ai_rss_feed.xml	ai_rss_feed.xml	0112	53bfb2a09c0b1ad2c8ba57c1d0d9ad1bbc5f754f	2025-06-28T08:15:29Z	historical/ai_rss_feed/0112_2025-06-28T08-15-29Z_53bfb2a09c0b_ai_rss_feed.xml	ok_xml	Update RSS feeds and status report - Sat Jun 28 08:15:29 UTC 2025
https://rss.tedt.org/ai_rss_feed.xml	ai_rss_feed.xml	ai_rss_feed.xml	0113	db13b8a67f49e5b74a20882e756ad247c8d817a3	2025-06-28T16:13:57Z	historical/ai_rss_feed/0113_2025-06-28T16-13-57Z_db13b8a67f49_ai_rss_feed.xml	ok_xml	Update RSS feeds and status report - Sat Jun 28 16:13:57 UTC 2025
https://rss.tedt.org/ai_rss_feed.xml	ai_rss_feed.xml	ai_rss_feed.xml	0114	94903e4cb15271e8d9a67c7d878a6fb2937c010a	2025-06-29T01:05:31Z	historical/ai_rss_feed/0114_2025-06-29T01-05-31Z_94903e4cb152_ai_rss_feed.xml	ok_xml	Update RSS feeds and status report - Sun Jun 29 01:05:31 UTC 2025
https://rss.tedt.org/ai_rss_feed.xml	ai_rss_feed.xml	ai_rss_feed.xml	0115	62a5300330d1d2a1342567b704fe56f0453e0e63	2025-06-29T08:15:06Z	historical/ai_rss_feed/0115_2025-06-29T08-15-06Z_62a5300330d1_ai_rss_feed.xml	ok_xml	Update RSS feeds and status report - Sun Jun 29 08:15:06 UTC 2025
https://rss.tedt.org/ai_rss_feed.xml	ai_rss_feed.xml	ai_rss_feed.xml	0116	a26eec0da194e6a587d728316e144f3542a55045	2025-06-29T16:14:08Z	historical/ai_rss_feed/0116_2025-06-29T16-14-08Z_a26eec0da194_ai_rss_feed.xml	ok_xml	Update RSS feeds and status report - Sun Jun 29 16:14:08 UTC 2025
https://rss.tedt.org/ai_rss_feed.xml	ai_rss_feed.xml	ai_rss_feed.xml	0117	3d26850f7f8dad24dba18a7de217a54fd1ef8445	2025-06-30T01:02:43Z	historical/ai_rss_feed/0117_2025-06-30T01-02-43Z_3d26850f7f8d_ai_rss_feed.xml	ok_xml	Update RSS feeds and status report - Mon Jun 30 01:02:43 UTC 2025
https://rss.tedt.org/ai_rss_feed.xml	ai_rss_feed.xml	ai_rss_feed.xml	0118	c752d525379bc9830a75d7ade27a72b7ac9502d6	2025-06-30T08:18:48Z	historical/ai_rss_feed/0118_2025-06-30T08-18-48Z_c752d525379b_ai_rss_feed.xml	ok_xml	Update RSS feeds and status report - Mon Jun 30 08:18:48 UTC 2025
https://rss.tedt.org/ai_rss_feed.xml	ai_rss_feed.xml	ai_rss_feed.xml	0119	d154bcb352c1b919a2744cd7a6e1a8192d1e8bc2	2025-06-30T16:15:39Z	historical/ai_rss_feed/0119_2025-06-30T16-15-39Z_d154bcb352c1_ai_rss_feed.xml	ok_xml	Update RSS feeds and status report - Mon Jun 30 16:15:39 UTC 2025
https://rss.tedt.org/ai_rss_feed.xml	ai_rss_feed.xml	ai_rss_feed.xml	0120	aac6be1e77227c9f3b899f6b3162505b7a0cf0f0	2025-07-01T01:06:18Z	historical/ai_rss_feed/0120_2025-07-01T01-06-18Z_aac6be1e7722_ai_rss_feed.xml	ok_xml	Update RSS feeds and status report - Tue Jul  1 01:06:18 UTC 2025
https://rss.tedt.org/ai_rss_feed.xml	ai_rss_feed.xml	ai_rss_feed.xml	0121	1aef26ada5c485a54b6e6eb2ea661e3bbbc810ef	2025-07-01T08:18:23Z	historical/ai_rss_feed/0121_2025-07-01T08-18-23Z_1aef26ada5c4_ai_rss_feed.xml	ok_xml	Update RSS feeds and status report - Tue Jul  1 08:18:23 UTC 2025
https://rss.tedt.org/ai_rss_feed.xml	ai_rss_feed.xml	ai_rss_feed.xml	0122	f82a737dd18d76fc00e11c250bac63a5f29a34e1	2025-07-01T16:16:36Z	historical/ai_rss_feed/0122_2025-07-01T16-16-36Z_f82a737dd18d_ai_rss_feed.xml	ok_xml	Update RSS feeds and status report - Tue Jul  1 16:16:36 UTC 2025
https://rss.tedt.org/ai_rss_feed.xml	ai_rss_feed.xml	ai_rss_feed.xml	0123	47cd4d22109f8d8f5e64cbf6440904a1091a507b	2025-07-02T00:59:20Z	historical/ai_rss_feed/0123_2025-07-02T00-59-20Z_47cd4d22109f_ai_rss_feed.xml	ok_xml	Update RSS feeds and status report - Wed Jul  2 00:59:20 UTC 2025
https://rss.tedt.org/ai_rss_feed.xml	ai_rss_feed.xml	ai_rss_feed.xml	0124	596e044ede09f151827a5214aa2c49728ac6c450	2025-07-02T08:18:02Z	historical/ai_rss_feed/0124_2025-07-02T08-18-02Z_596e044ede09_ai_rss_feed.xml	ok_xml	Update RSS feeds and status report - Wed Jul  2 08:18:02 UTC 2025
https://rss.tedt.org/ai_rss_feed.xml	ai_rss_feed.xml	ai_rss_feed.xml	0125	6fdbe622044769874101c6f0583af1e708eb9604	2025-07-03T00:59:19Z	historical/ai_rss_feed/0125_2025-07-03T00-59-19Z_6fdbe6220447_ai_rss_feed.xml	ok_xml	Update RSS feeds and status report - Thu Jul  3 00:59:19 UTC 2025
https://rss.tedt.org/ai_rss_feed.xml	ai_rss_feed.xml	ai_rss_feed.xml	0126	7cf8db02049fc0e9113b04baa44c3fca300f09fc	2025-07-03T08:17:27Z	historical/ai_rss_feed/0126_2025-07-03T08-17-27Z_7cf8db02049f_ai_rss_feed.xml	ok_xml	Update RSS feeds and status report - Thu Jul  3 08:17:27 UTC 2025
https://rss.tedt.org/ai_rss_feed.xml	ai_rss_feed.xml	ai_rss_feed.xml	0127	4578fe10f73f775e9322a34c64ccea0362ac79cc	2025-07-03T16:16:41Z	historical/ai_rss_feed/0127_2025-07-03T16-16-41Z_4578fe10f73f_ai_rss_feed.xml	ok_xml	Update RSS feeds and status report - Thu Jul  3 16:16:41 UTC 2025
https://rss.tedt.org/ai_rss_feed.xml	ai_rss_feed.xml	ai_rss_feed.xml	0128	b4438e517016480a824dc7409d843fc26b778f3f	2025-07-04T00:58:48Z	historical/ai_rss_feed/0128_2025-07-04T00-58-48Z_b4438e517016_ai_rss_feed.xml	ok_xml	Update RSS feeds and status report - Fri Jul  4 00:58:48 UTC 2025
https://rss.tedt.org/ai_rss_feed.xml	ai_rss_feed.xml	ai_rss_feed.xml	0129	83b567403f29b7fa0d44bcfef41efb4c63a9e94f	2025-07-04T08:17:38Z	historical/ai_rss_feed/0129_2025-07-04T08-17-38Z_83b567403f29_ai_rss_feed.xml	ok_xml	Update RSS feeds and status report - Fri Jul  4 08:17:38 UTC 2025
https://rss.tedt.org/ai_rss_feed.xml	ai_rss_feed.xml	ai_rss_feed.xml	0130	29be6923e08bc13b7555653011193f4ee667a9c5	2025-07-04T16:15:21Z	historical/ai_rss_feed/0130_2025-07-04T16-15-21Z_29be6923e08b_ai_rss_feed.xml	ok_xml	Update RSS feeds and status report - Fri Jul  4 16:15:21 UTC 2025
https://rss.tedt.org/ai_rss_feed.xml	ai_rss_feed.xml	ai_rss_feed.xml	0131	91b6825e1df7063ceedc18b77385108b384dc620	2025-07-05T00:56:39Z	historical/ai_rss_feed/0131_2025-07-05T00-56-39Z_91b6825e1df7_ai_rss_feed.xml	ok_xml	Update RSS feeds and status report - Sat Jul  5 00:56:39 UTC 2025
https://rss.tedt.org/ai_rss_feed.xml	ai_rss_feed.xml	ai_rss_feed.xml	0132	9519946bc4e31dbe82be428ac44973c4a0afdd3b	2025-07-05T08:15:55Z	historical/ai_rss_feed/0132_2025-07-05T08-15-55Z_9519946bc4e3_ai_rss_feed.xml	ok_xml	Update RSS feeds and status report - Sat Jul  5 08:15:55 UTC 2025
https://rss.tedt.org/ai_rss_feed.xml	ai_rss_feed.xml	ai_rss_feed.xml	0133	74583f635c000db637dcf39d2ce82de9fa2cc8e8	2025-07-05T16:14:27Z	historical/ai_rss_feed/0133_2025-07-05T16-14-27Z_74583f635c00_ai_rss_feed.xml	ok_xml	Update RSS feeds and status report - Sat Jul  5 16:14:27 UTC 2025
https://rss.tedt.org/ai_rss_feed.xml	ai_rss_feed.xml	ai_rss_feed.xml	0134	69bd4401398d35a43c085a4adc902270c60d6666	2025-07-06T01:04:38Z	historical/ai_rss_feed/0134_2025-07-06T01-04-38Z_69bd4401398d_ai_rss_feed.xml	ok_xml	Update RSS feeds and status report - Sun Jul  6 01:04:38 UTC 2025
https://rss.tedt.org/ai_rss_feed.xml	ai_rss_feed.xml	ai_rss_feed.xml	0135	8d7cc8dedcdd384f116d1d5f5c42cc0e2cddeb8d	2025-07-06T08:15:15Z	historical/ai_rss_feed/0135_2025-07-06T08-15-15Z_8d7cc8dedcdd_ai_rss_feed.xml	ok_xml	Update RSS feeds and status report - Sun Jul  6 08:15:15 UTC 2025
https://rss.tedt.org/ai_rss_feed.xml	ai_rss_feed.xml	ai_rss_feed.xml	0136	6fcc22525ec50396ed38a7985b0a393b8939df24	2025-07-06T16:13:58Z	historical/ai_rss_feed/0136_2025-07-06T16-13-58Z_6fcc22525ec5_ai_rss_feed.xml	ok_xml	Update RSS feeds and status report - Sun Jul  6 16:13:58 UTC 2025
https://rss.tedt.org/ai_rss_feed.xml	ai_rss_feed.xml	ai_rss_feed.xml	0137	b45c4d7c80a43b1503d26c12d658d65af2d7171f	2025-07-07T01:03:16Z	historical/ai_rss_feed/0137_2025-07-07T01-03-16Z_b45c4d7c80a4_ai_rss_feed.xml	ok_xml	Update RSS feeds and status report - Mon Jul  7 01:03:16 UTC 2025
https://rss.tedt.org/ai_rss_feed.xml	ai_rss_feed.xml	ai_rss_feed.xml	0138	dc3da2f3b3e1099287e4464cc277848d30211ae9	2025-07-07T08:19:31Z	historical/ai_rss_feed/0138_2025-07-07T08-19-31Z_dc3da2f3b3e1_ai_rss_feed.xml	ok_xml	Update RSS feeds and status report - Mon Jul  7 08:19:31 UTC 2025
https://rss.tedt.org/ai_rss_feed.xml	ai_rss_feed.xml	ai_rss_feed.xml	0139	b1789deba765b4bfba68d6c87b67e0596a5040a6	2025-07-07T16:15:57Z	historical/ai_rss_feed/0139_2025-07-07T16-15-57Z_b1789deba765_ai_rss_feed.xml	ok_xml	Update RSS feeds and status report - Mon Jul  7 16:15:57 UTC 2025
https://rss.tedt.org/ai_rss_feed.xml	ai_rss_feed.xml	ai_rss_feed.xml	0140	b9120d79080aed225066f3949c4b5636bac28de6	2025-07-08T00:59:44Z	historical/ai_rss_feed/0140_2025-07-08T00-59-44Z_b9120d79080a_ai_rss_feed.xml	ok_xml	Update RSS feeds and status report - Tue Jul  8 00:59:44 UTC 2025
https://rss.tedt.org/ai_rss_feed.xml	ai_rss_feed.xml	ai_rss_feed.xml	0141	f9e6e8dabc2ab04e2b9479f68d48d8301a688066	2025-07-08T08:18:27Z	historical/ai_rss_feed/0141_2025-07-08T08-18-27Z_f9e6e8dabc2a_ai_rss_feed.xml	ok_xml	Update RSS feeds and status report - Tue Jul  8 08:18:27 UTC 2025
https://rss.tedt.org/ai_rss_feed.xml	ai_rss_feed.xml	ai_rss_feed.xml	0142	db18dc373bc12ee588802388c5362b7545ba6f83	2025-07-08T16:16:18Z	historical/ai_rss_feed/0142_2025-07-08T16-16-18Z_db18dc373bc1_ai_rss_feed.xml	ok_xml	Update RSS feeds and status report - Tue Jul  8 16:16:18 UTC 2025
https://rss.tedt.org/ai_rss_feed.xml	ai_rss_feed.xml	ai_rss_feed.xml	0143	9bee0a771ec4a750bd40b02e4c99eee5e92ac30d	2025-07-09T01:00:20Z	historical/ai_rss_feed/0143_2025-07-09T01-00-20Z_9bee0a771ec4_ai_rss_feed.xml	ok_xml	Update RSS feeds and status report - Wed Jul  9 01:00:20 UTC 2025
https://rss.tedt.org/ai_rss_feed.xml	ai_rss_feed.xml	ai_rss_feed.xml	0144	d42d08735b35bcfda8adeb25d613719f238a11c5	2025-07-09T08:18:06Z	historical/ai_rss_feed/0144_2025-07-09T08-18-06Z_d42d08735b35_ai_rss_feed.xml	ok_xml	Update RSS feeds and status report - Wed Jul  9 08:18:06 UTC 2025
https://rss.tedt.org/ai_rss_feed.xml	ai_rss_feed.xml	ai_rss_feed.xml	0145	4d9a5257b33025a2722558b39246fb994423508f	2025-07-09T16:13:47Z	historical/ai_rss_feed/0145_2025-07-09T16-13-47Z_4d9a5257b330_ai_rss_feed.xml	ok_xml	Update RSS feeds and status report - Wed Jul  9 16:13:47 UTC 2025
https://rss.tedt.org/ai_rss_feed.xml	ai_rss_feed.xml	ai_rss_feed.xml	0146	937bfa7fafd5778dc672e74bd7a1fc22947952ad	2025-07-10T01:00:25Z	historical/ai_rss_feed/0146_2025-07-10T01-00-25Z_937bfa7fafd5_ai_rss_feed.xml	ok_xml	Update RSS feeds and status report - Thu Jul 10 01:00:25 UTC 2025
https://rss.tedt.org/ai_rss_feed.xml	ai_rss_feed.xml	ai_rss_feed.xml	0147	625c283fbfd9ec0fe26176c148ac541c97325ac9	2025-07-10T08:18:14Z	historical/ai_rss_feed/0147_2025-07-10T08-18-14Z_625c283fbfd9_ai_rss_feed.xml	ok_xml	Update RSS feeds and status report - Thu Jul 10 08:18:14 UTC 2025
https://rss.tedt.org/ai_rss_feed.xml	ai_rss_feed.xml	ai_rss_feed.xml	0148	883a4b2b7eaf3750d997e37283081d9df8215bc7	2025-07-10T16:16:04Z	historical/ai_rss_feed/0148_2025-07-10T16-16-04Z_883a4b2b7eaf_ai_rss_feed.xml	ok_xml	Update RSS feeds and status report - Thu Jul 10 16:16:04 UTC 2025
https://rss.tedt.org/ai_rss_feed.xml	ai_rss_feed.xml	ai_rss_feed.xml	0149	f7d9e624e9915b9cce31eba949734b551c5e3603	2025-07-11T01:01:04Z	historical/ai_rss_feed/0149_2025-07-11T01-01-04Z_f7d9e624e991_ai_rss_feed.xml	ok_xml	Update RSS feeds and status report - Fri Jul 11 01:01:04 UTC 2025
https://rss.tedt.org/ai_rss_feed.xml	ai_rss_feed.xml	ai_rss_feed.xml	0150	48cc785db6d95251beb87e815a3344b34f36f175	2025-07-11T08:17:54Z	historical/ai_rss_feed/0150_2025-07-11T08-17-54Z_48cc785db6d9_ai_rss_feed.xml	ok_xml	Update RSS feeds and status report - Fri Jul 11 08:17:54 UTC 2025
https://rss.tedt.org/ai_rss_feed.xml	ai_rss_feed.xml	ai_rss_feed.xml	0151	0234f8321b425272516da1adec1ed407a22b95ab	2025-07-11T16:16:12Z	historical/ai_rss_feed/0151_2025-07-11T16-16-12Z_0234f8321b42_ai_rss_feed.xml	ok_xml	Update RSS feeds and status report - Fri Jul 11 16:16:12 UTC 2025
https://rss.tedt.org/ai_rss_feed.xml	ai_rss_feed.xml	ai_rss_feed.xml	0152	8f34d939c563655c47cc18a0d391e9c0e0308d39	2025-07-12T01:02:36Z	historical/ai_rss_feed/0152_2025-07-12T01-02-36Z_8f34d939c563_ai_rss_feed.xml	ok_xml	Update RSS feeds and status report - Sat Jul 12 01:02:36 UTC 2025
https://rss.tedt.org/ai_rss_feed.xml	ai_rss_feed.xml	ai_rss_feed.xml	0153	3e6f434af83f534ca701183d88ffef33f2c4b45e	2025-07-12T08:15:42Z	historical/ai_rss_feed/0153_2025-07-12T08-15-42Z_3e6f434af83f_ai_rss_feed.xml	ok_xml	Update RSS feeds and status report - Sat Jul 12 08:15:42 UTC 2025
https://rss.tedt.org/ai_rss_feed.xml	ai_rss_feed.xml	ai_rss_feed.xml	0154	7f3454b8cbd90d167b8a075544a882ca5272f40c	2025-07-12T16:14:22Z	historical/ai_rss_feed/0154_2025-07-12T16-14-22Z_7f3454b8cbd9_ai_rss_feed.xml	ok_xml	Update RSS feeds and status report - Sat Jul 12 16:14:22 UTC 2025
https://rss.tedt.org/ai_rss_feed.xml	ai_rss_feed.xml	ai_rss_feed.xml	0155	dabc623a2ec6235fc6bfa4f25eb3ff9c9b8c815c	2025-07-13T01:06:51Z	historical/ai_rss_feed/0155_2025-07-13T01-06-51Z_dabc623a2ec6_ai_rss_feed.xml	ok_xml	Update RSS feeds and status report - Sun Jul 13 01:06:51 UTC 2025
https://rss.tedt.org/ai_rss_feed.xml	ai_rss_feed.xml	ai_rss_feed.xml	0156	72cb5325b922efa160e2a4399664d4ff34fc1ebf	2025-07-13T08:15:40Z	historical/ai_rss_feed/0156_2025-07-13T08-15-40Z_72cb5325b922_ai_rss_feed.xml	ok_xml	Update RSS feeds and status report - Sun Jul 13 08:15:40 UTC 2025
https://rss.tedt.org/ai_rss_feed.xml	ai_rss_feed.xml	ai_rss_feed.xml	0157	3868ce25a7c87bcf29bb5dfc176b9459719337a3	2025-07-13T16:14:46Z	historical/ai_rss_feed/0157_2025-07-13T16-14-46Z_3868ce25a7c8_ai_rss_feed.xml	ok_xml	Update RSS feeds and status report - Sun Jul 13 16:14:46 UTC 2025
https://rss.tedt.org/ai_rss_feed.xml	ai_rss_feed.xml	ai_rss_feed.xml	0158	a85b3516fea0ee8a7a903f91a64a6d3046fcbc1b	2025-07-14T01:04:06Z	historical/ai_rss_feed/0158_2025-07-14T01-04-06Z_a85b3516fea0_ai_rss_feed.xml	ok_xml	Update RSS feeds and status report - Mon Jul 14 01:04:06 UTC 2025
https://rss.tedt.org/ai_rss_feed.xml	ai_rss_feed.xml	ai_rss_feed.xml	0159	f35bcb8c1e9ecee4e8365671db94072024759f96	2025-07-14T08:19:39Z	historical/ai_rss_feed/0159_2025-07-14T08-19-39Z_f35bcb8c1e9e_ai_rss_feed.xml	ok_xml	Update RSS feeds and status report - Mon Jul 14 08:19:39 UTC 2025
https://rss.tedt.org/ai_rss_feed.xml	ai_rss_feed.xml	ai_rss_feed.xml	0160	a1198379fab485a138b16b152056c40296a903fd	2025-07-14T16:16:34Z	historical/ai_rss_feed/0160_2025-07-14T16-16-34Z_a1198379fab4_ai_rss_feed.xml	ok_xml	Update RSS feeds and status report - Mon Jul 14 16:16:34 UTC 2025
https://rss.tedt.org/ai_rss_feed.xml	ai_rss_feed.xml	ai_rss_feed.xml	0161	e607059ea58429cdcff42108304285d91ba8194b	2025-07-15T01:03:13Z	historical/ai_rss_feed/0161_2025-07-15T01-03-13Z_e607059ea584_ai_rss_feed.xml	ok_xml	Update RSS feeds and status report - Tue Jul 15 01:03:13 UTC 2025
https://rss.tedt.org/ai_rss_feed.xml	ai_rss_feed.xml	ai_rss_feed.xml	0162	b7f4ed77e89650829dec9684b14ea83f44fd2784	2025-07-15T08:18:52Z	historical/ai_rss_feed/0162_2025-07-15T08-18-52Z_b7f4ed77e896_ai_rss_feed.xml	ok_xml	Update RSS feeds and status report - Tue Jul 15 08:18:52 UTC 2025
https://rss.tedt.org/ai_rss_feed.xml	ai_rss_feed.xml	ai_rss_feed.xml	0163	c67690b16a49338509a169eded98a3b3f05802ff	2025-07-15T14:07:02Z	historical/ai_rss_feed/0163_2025-07-15T14-07-02Z_c67690b16a49_ai_rss_feed.xml	ok_xml	Update RSS feeds and status report - Tue Jul 15 14:07:02 UTC 2025
https://rss.tedt.org/ai_rss_feed.xml	ai_rss_feed.xml	ai_rss_feed.xml	0164	d3f451537ac543ebc1c4cc32e33acc9b2b5d63f8	2025-07-15T16:16:48Z	historical/ai_rss_feed/0164_2025-07-15T16-16-48Z_d3f451537ac5_ai_rss_feed.xml	ok_xml	Update RSS feeds and status report - Tue Jul 15 16:16:48 UTC 2025
https://rss.tedt.org/ai_rss_feed.xml	ai_rss_feed.xml	ai_rss_feed.xml	0165	34ed29193a289784a96557cc12783e04150d54c4	2025-07-16T01:01:56Z	historical/ai_rss_feed/0165_2025-07-16T01-01-56Z_34ed29193a28_ai_rss_feed.xml	ok_xml	Update RSS feeds and status report - Wed Jul 16 01:01:56 UTC 2025
https://rss.tedt.org/ai_rss_feed.xml	ai_rss_feed.xml	ai_rss_feed.xml	0166	4e82b3d3c6873bf42813a9ec63827aa3cf4ae2c7	2025-07-16T08:18:51Z	historical/ai_rss_feed/0166_2025-07-16T08-18-51Z_4e82b3d3c687_ai_rss_feed.xml	ok_xml	Update RSS feeds and status report - Wed Jul 16 08:18:51 UTC 2025
https://rss.tedt.org/ai_rss_feed.xml	ai_rss_feed.xml	ai_rss_feed.xml	0167	72e8e0d9af8eac5a190ffbcad7d05e5f1a7fe124	2025-07-16T16:17:09Z	historical/ai_rss_feed/0167_2025-07-16T16-17-09Z_72e8e0d9af8e_ai_rss_feed.xml	ok_xml	Update RSS feeds and status report - Wed Jul 16 16:17:09 UTC 2025
https://rss.tedt.org/ai_rss_feed.xml	ai_rss_feed.xml	ai_rss_feed.xml	0168	5c1cc69d14df91b45609a9c5269d1a173c139a32	2025-07-17T01:02:20Z	historical/ai_rss_feed/0168_2025-07-17T01-02-20Z_5c1cc69d14df_ai_rss_feed.xml	ok_xml	Update RSS feeds and status report - Thu Jul 17 01:02:20 UTC 2025
https://rss.tedt.org/ai_rss_feed.xml	ai_rss_feed.xml	ai_rss_feed.xml	0169	bf1f0a2da60584777efad675f8485dd0883e68b2	2025-07-17T08:18:28Z	historical/ai_rss_feed/0169_2025-07-17T08-18-28Z_bf1f0a2da605_ai_rss_feed.xml	ok_xml	Update RSS feeds and status report - Thu Jul 17 08:18:28 UTC 2025
https://rss.tedt.org/ai_rss_feed.xml	ai_rss_feed.xml	ai_rss_feed.xml	0170	46197b9fb8047770ee0d2c0796626b606ed2b308	2025-07-17T16:16:45Z	historical/ai_rss_feed/0170_2025-07-17T16-16-45Z_46197b9fb804_ai_rss_feed.xml	ok_xml	Update RSS feeds and status report - Thu Jul 17 16:16:45 UTC 2025
https://rss.tedt.org/ai_rss_feed.xml	ai_rss_feed.xml	ai_rss_feed.xml	0171	00ea119017a9caf111fd74cedd59f3af5e816188	2025-07-18T01:01:59Z	historical/ai_rss_feed/0171_2025-07-18T01-01-59Z_00ea119017a9_ai_rss_feed.xml	ok_xml	Update RSS feeds and status report - Fri Jul 18 01:01:59 UTC 2025
https://rss.tedt.org/ai_rss_feed.xml	ai_rss_feed.xml	ai_rss_feed.xml	0172	047c0fa60ca7705f9ebb9bb29ea5df2846f9d802	2025-07-18T08:18:10Z	historical/ai_rss_feed/0172_2025-07-18T08-18-10Z_047c0fa60ca7_ai_rss_feed.xml	ok_xml	Update RSS feeds and status report - Fri Jul 18 08:18:10 UTC 2025
https://rss.tedt.org/ai_rss_feed.xml	ai_rss_feed.xml	ai_rss_feed.xml	0173	7b751e50b6396cd8d67c3110ed9d1fb44b07e0f5	2025-07-18T16:18:01Z	historical/ai_rss_feed/0173_2025-07-18T16-18-01Z_7b751e50b639_ai_rss_feed.xml	ok_xml	Update RSS feeds and status report - Fri Jul 18 16:18:01 UTC 2025
https://rss.tedt.org/ai_rss_feed.xml	ai_rss_feed.xml	ai_rss_feed.xml	0174	8d337268fef18dd3aeb25e6b4d8b90151106a725	2025-07-19T01:00:13Z	historical/ai_rss_feed/0174_2025-07-19T01-00-13Z_8d337268fef1_ai_rss_feed.xml	ok_xml	Update RSS feeds and status report - Sat Jul 19 01:00:13 UTC 2025
https://rss.tedt.org/ai_rss_feed.xml	ai_rss_feed.xml	ai_rss_feed.xml	0175	dfc07d2abb01d0dc9e6a04d94a22182819be30fa	2025-07-19T08:16:02Z	historical/ai_rss_feed/0175_2025-07-19T08-16-02Z_dfc07d2abb01_ai_rss_feed.xml	ok_xml	Update RSS feeds and status report - Sat Jul 19 08:16:02 UTC 2025
https://rss.tedt.org/ai_rss_feed.xml	ai_rss_feed.xml	ai_rss_feed.xml	0176	1877bf5409a8fe7b55347297e4c7972a7a4fbdc7	2025-07-19T16:14:42Z	historical/ai_rss_feed/0176_2025-07-19T16-14-42Z_1877bf5409a8_ai_rss_feed.xml	ok_xml	Update RSS feeds and status report - Sat Jul 19 16:14:42 UTC 2025
https://rss.tedt.org/ai_rss_feed.xml	ai_rss_feed.xml	ai_rss_feed.xml	0177	bcfb62a8fea85de42a5dde941552d49c376e1485	2025-07-20T01:08:17Z	historical/ai_rss_feed/0177_2025-07-20T01-08-17Z_bcfb62a8fea8_ai_rss_feed.xml	ok_xml	Update RSS feeds and status report - Sun Jul 20 01:08:17 UTC 2025
https://rss.tedt.org/ai_rss_feed.xml	ai_rss_feed.xml	ai_rss_feed.xml	0178	2550b35d35272b308d876fcc39df6310043369fc	2025-07-20T08:16:43Z	historical/ai_rss_feed/0178_2025-07-20T08-16-43Z_2550b35d3527_ai_rss_feed.xml	ok_xml	Update RSS feeds and status report - Sun Jul 20 08:16:43 UTC 2025
https://rss.tedt.org/ai_rss_feed.xml	ai_rss_feed.xml	ai_rss_feed.xml	0179	d90e0a88c06c6364c640498df4470418dd770f14	2025-07-20T16:15:13Z	historical/ai_rss_feed/0179_2025-07-20T16-15-13Z_d90e0a88c06c_ai_rss_feed.xml	ok_xml	Update RSS feeds and status report - Sun Jul 20 16:15:13 UTC 2025
https://rss.tedt.org/ai_rss_feed.xml	ai_rss_feed.xml	ai_rss_feed.xml	0180	609960ad1c0c84f7ae0c4b3d6b5b7f509a45c4e6	2025-07-21T01:06:29Z	historical/ai_rss_feed/0180_2025-07-21T01-06-29Z_609960ad1c0c_ai_rss_feed.xml	ok_xml	Update RSS feeds and status report - Mon Jul 21 01:06:29 UTC 2025
https://rss.tedt.org/ai_rss_feed.xml	ai_rss_feed.xml	ai_rss_feed.xml	0181	cfd2c53f9fa19561e03ee5627712bb324798d3e0	2025-07-21T08:20:38Z	historical/ai_rss_feed/0181_2025-07-21T08-20-38Z_cfd2c53f9fa1_ai_rss_feed.xml	ok_xml	Update RSS feeds and status report - Mon Jul 21 08:20:38 UTC 2025
https://rss.tedt.org/ai_rss_feed.xml	ai_rss_feed.xml	ai_rss_feed.xml	0182	cefa50a4f9a4e34fca1d53a69964778f8fc81348	2025-07-21T16:16:00Z	historical/ai_rss_feed/0182_2025-07-21T16-16-00Z_cefa50a4f9a4_ai_rss_feed.xml	ok_xml	Update RSS feeds and status report - Mon Jul 21 16:16:00 UTC 2025
https://rss.tedt.org/ai_rss_feed.xml	ai_rss_feed.xml	ai_rss_feed.xml	0183	8bb1a839a801e035998f79f50a8014cbd7f593be	2025-07-22T01:02:09Z	historical/ai_rss_feed/0183_2025-07-22T01-02-09Z_8bb1a839a801_ai_rss_feed.xml	ok_xml	Update RSS feeds and status report - Tue Jul 22 01:02:09 UTC 2025
https://rss.tedt.org/ai_rss_feed.xml	ai_rss_feed.xml	ai_rss_feed.xml	0184	041307b3e48ebb36204e721836e0676dd6376b0d	2025-07-22T08:19:18Z	historical/ai_rss_feed/0184_2025-07-22T08-19-18Z_041307b3e48e_ai_rss_feed.xml	ok_xml	Update RSS feeds and status report - Tue Jul 22 08:19:18 UTC 2025
https://rss.tedt.org/ai_rss_feed.xml	ai_rss_feed.xml	ai_rss_feed.xml	0185	0fad829d0e1c0cdf0c3db455da036b8d1b0050e6	2025-07-22T16:16:39Z	historical/ai_rss_feed/0185_2025-07-22T16-16-39Z_0fad829d0e1c_ai_rss_feed.xml	ok_xml	Update RSS feeds and status report - Tue Jul 22 16:16:39 UTC 2025
https://rss.tedt.org/ai_rss_feed.xml	ai_rss_feed.xml	ai_rss_feed.xml	0186	2bada7cac934388c8e621354427d83cdb6b22304	2025-07-23T01:03:16Z	historical/ai_rss_feed/0186_2025-07-23T01-03-16Z_2bada7cac934_ai_rss_feed.xml	ok_xml	Update RSS feeds and status report - Wed Jul 23 01:03:16 UTC 2025
https://rss.tedt.org/ai_rss_feed.xml	ai_rss_feed.xml	ai_rss_feed.xml	0187	56703fce2aae0a02e5e10f8aa8d8a69fbaaa3245	2025-07-23T08:18:51Z	historical/ai_rss_feed/0187_2025-07-23T08-18-51Z_56703fce2aae_ai_rss_feed.xml	ok_xml	Update RSS feeds and status report - Wed Jul 23 08:18:51 UTC 2025
https://rss.tedt.org/ai_rss_feed.xml	ai_rss_feed.xml	ai_rss_feed.xml	0188	1c15e58b6ddf64065838e45c279cef32d5413603	2025-07-23T16:16:56Z	historical/ai_rss_feed/0188_2025-07-23T16-16-56Z_1c15e58b6ddf_ai_rss_feed.xml	ok_xml	Update RSS feeds and status report - Wed Jul 23 16:16:56 UTC 2025
https://rss.tedt.org/ai_rss_feed.xml	ai_rss_feed.xml	ai_rss_feed.xml	0189	74a6e880fc1f8d77bf3036a2973977f385991866	2025-07-24T01:02:13Z	historical/ai_rss_feed/0189_2025-07-24T01-02-13Z_74a6e880fc1f_ai_rss_feed.xml	ok_xml	Update RSS feeds and status report - Thu Jul 24 01:02:13 UTC 2025
https://rss.tedt.org/ai_rss_feed.xml	ai_rss_feed.xml	ai_rss_feed.xml	0190	dabd0b838e610a14616645dcabe0acadf0da84db	2025-07-24T08:19:14Z	historical/ai_rss_feed/0190_2025-07-24T08-19-14Z_dabd0b838e61_ai_rss_feed.xml	ok_xml	Update RSS feeds and status report - Thu Jul 24 08:19:14 UTC 2025
https://rss.tedt.org/ai_rss_feed.xml	ai_rss_feed.xml	ai_rss_feed.xml	0191	09de13cff033cfbb9c021be2834d1fd94f764429	2025-07-24T16:15:44Z	historical/ai_rss_feed/0191_2025-07-24T16-15-44Z_09de13cff033_ai_rss_feed.xml	ok_xml	Update RSS feeds and status report - Thu Jul 24 16:15:44 UTC 2025
https://rss.tedt.org/ai_rss_feed.xml	ai_rss_feed.xml	ai_rss_feed.xml	0192	27d3d2d83411ffb7e2ddee0f76641e16999d070a	2025-07-25T01:02:10Z	historical/ai_rss_feed/0192_2025-07-25T01-02-10Z_27d3d2d83411_ai_rss_feed.xml	ok_xml	Update RSS feeds and status report - Fri Jul 25 01:02:10 UTC 2025
https://rss.tedt.org/ai_rss_feed.xml	ai_rss_feed.xml	ai_rss_feed.xml	0193	8f1a6e34eec0b16264eef34c8f6f9d8e51c1baf0	2025-07-25T08:18:12Z	historical/ai_rss_feed/0193_2025-07-25T08-18-12Z_8f1a6e34eec0_ai_rss_feed.xml	ok_xml	Update RSS feeds and status report - Fri Jul 25 08:18:12 UTC 2025
https://rss.tedt.org/ai_rss_feed.xml	ai_rss_feed.xml	ai_rss_feed.xml	0194	65caecc60108ac5e25b4e04642f474142b44f61f	2025-07-25T16:16:12Z	historical/ai_rss_feed/0194_2025-07-25T16-16-12Z_65caecc60108_ai_rss_feed.xml	ok_xml	Update RSS feeds and status report - Fri Jul 25 16:16:12 UTC 2025
https://rss.tedt.org/ai_rss_feed.xml	ai_rss_feed.xml	ai_rss_feed.xml	0195	56f24cfb7a7af30b389753fcc82d7450add5946d	2025-07-26T01:00:32Z	historical/ai_rss_feed/0195_2025-07-26T01-00-32Z_56f24cfb7a7a_ai_rss_feed.xml	ok_xml	Update RSS feeds and status report - Sat Jul 26 01:00:32 UTC 2025
https://rss.tedt.org/ai_rss_feed.xml	ai_rss_feed.xml	ai_rss_feed.xml	0196	e0c056fb7e7e4b97ba1843c6da67095782df17c2	2025-07-26T08:16:09Z	historical/ai_rss_feed/0196_2025-07-26T08-16-09Z_e0c056fb7e7e_ai_rss_feed.xml	ok_xml	Update RSS feeds and status report - Sat Jul 26 08:16:09 UTC 2025
https://rss.tedt.org/ai_rss_feed.xml	ai_rss_feed.xml	ai_rss_feed.xml	0197	8361e864bbd895ff8c535d608c2603170a0800b4	2025-07-26T16:14:46Z	historical/ai_rss_feed/0197_2025-07-26T16-14-46Z_8361e864bbd8_ai_rss_feed.xml	ok_xml	Update RSS feeds and status report - Sat Jul 26 16:14:46 UTC 2025
https://rss.tedt.org/ai_rss_feed.xml	ai_rss_feed.xml	ai_rss_feed.xml	0198	dc7abe6e8a5eef1712cd890b80cf1b2b7f877e43	2025-07-27T01:08:24Z	historical/ai_rss_feed/0198_2025-07-27T01-08-24Z_dc7abe6e8a5e_ai_rss_feed.xml	ok_xml	Update RSS feeds and status report - Sun Jul 27 01:08:24 UTC 2025
https://rss.tedt.org/ai_rss_feed.xml	ai_rss_feed.xml	ai_rss_feed.xml	0199	88bb388e994ada8315b8ded17924351676f04f9c	2025-07-27T08:16:10Z	historical/ai_rss_feed/0199_2025-07-27T08-16-10Z_88bb388e994a_ai_rss_feed.xml	ok_xml	Update RSS feeds and status report - Sun Jul 27 08:16:10 UTC 2025
https://rss.tedt.org/ai_rss_feed.xml	ai_rss_feed.xml	ai_rss_feed.xml	0200	97f21fcef7f5a6fdf5379d9f26d9c8731c9249eb	2025-07-27T16:14:54Z	historical/ai_rss_feed/0200_2025-07-27T16-14-54Z_97f21fcef7f5_ai_rss_feed.xml	ok_xml	Update RSS feeds and status report - Sun Jul 27 16:14:54 UTC 2025
https://rss.tedt.org/ai_rss_feed.xml	ai_rss_feed.xml	ai_rss_feed.xml	0201	2f95b1d365a0da66bc94b1b356f128fd9f9855f3	2025-07-28T01:07:02Z	historical/ai_rss_feed/0201_2025-07-28T01-07-02Z_2f95b1d365a0_ai_rss_feed.xml	ok_xml	Update RSS feeds and status report - Mon Jul 28 01:07:02 UTC 2025
https://rss.tedt.org/ai_rss_feed.xml	ai_rss_feed.xml	ai_rss_feed.xml	0202	6d81aeadd8cf100c8ff858b9e68374d5c8992048	2025-07-28T08:20:46Z	historical/ai_rss_feed/0202_2025-07-28T08-20-46Z_6d81aeadd8cf_ai_rss_feed.xml	ok_xml	Update RSS feeds and status report - Mon Jul 28 08:20:46 UTC 2025
https://rss.tedt.org/ai_rss_feed.xml	ai_rss_feed.xml	ai_rss_feed.xml	0203	f32bc016f02d332bd66d26506714fc97af996cc8	2025-07-28T16:18:03Z	historical/ai_rss_feed/0203_2025-07-28T16-18-03Z_f32bc016f02d_ai_rss_feed.xml	ok_xml	Update RSS feeds and status report - Mon Jul 28 16:18:03 UTC 2025
https://rss.tedt.org/ai_rss_feed.xml	ai_rss_feed.xml	ai_rss_feed.xml	0204	98c8add600b6ed0fb6c41b093ff05d75dfca2182	2025-07-29T01:09:02Z	historical/ai_rss_feed/0204_2025-07-29T01-09-02Z_98c8add600b6_ai_rss_feed.xml	ok_xml	Update RSS feeds and status report - Tue Jul 29 01:09:02 UTC 2025
https://rss.tedt.org/ai_rss_feed.xml	ai_rss_feed.xml	ai_rss_feed.xml	0205	baf77e54a169320a6726477bcf417cbe547a96f4	2025-07-29T08:18:52Z	historical/ai_rss_feed/0205_2025-07-29T08-18-52Z_baf77e54a169_ai_rss_feed.xml	ok_xml	Update RSS feeds and status report - Tue Jul 29 08:18:52 UTC 2025
https://rss.tedt.org/ai_rss_feed.xml	ai_rss_feed.xml	ai_rss_feed.xml	0206	2342e86c51d20514518b408574cb05637d4d1a61	2025-07-29T16:15:53Z	historical/ai_rss_feed/0206_2025-07-29T16-15-53Z_2342e86c51d2_ai_rss_feed.xml	ok_xml	Update RSS feeds and status report - Tue Jul 29 16:15:53 UTC 2025
https://rss.tedt.org/ai_rss_feed.xml	ai_rss_feed.xml	ai_rss_feed.xml	0207	891de5dcd21794705e45819707bb7ae565e467fe	2025-07-30T01:03:18Z	historical/ai_rss_feed/0207_2025-07-30T01-03-18Z_891de5dcd217_ai_rss_feed.xml	ok_xml	Update RSS feeds and status report - Wed Jul 30 01:03:18 UTC 2025
https://rss.tedt.org/ai_rss_feed.xml	ai_rss_feed.xml	ai_rss_feed.xml	0208	30368f75ef8ae35acb5ac106411de080873ab6d2	2025-07-30T08:19:02Z	historical/ai_rss_feed/0208_2025-07-30T08-19-02Z_30368f75ef8a_ai_rss_feed.xml	ok_xml	Update RSS feeds and status report - Wed Jul 30 08:19:02 UTC 2025
https://rss.tedt.org/ai_rss_feed.xml	ai_rss_feed.xml	ai_rss_feed.xml	0209	648d1d6438e39972058b4813b630a6154e1901df	2025-07-30T16:17:04Z	historical/ai_rss_feed/0209_2025-07-30T16-17-04Z_648d1d6438e3_ai_rss_feed.xml	ok_xml	Update RSS feeds and status report - Wed Jul 30 16:17:04 UTC 2025
https://rss.tedt.org/ai_rss_feed.xml	ai_rss_feed.xml	ai_rss_feed.xml	0210	b7fce6db722dd5e1994f769b197cbb89c6d343aa	2025-07-31T01:02:52Z	historical/ai_rss_feed/0210_2025-07-31T01-02-52Z_b7fce6db722d_ai_rss_feed.xml	ok_xml	Update RSS feeds and status report - Thu Jul 31 01:02:52 UTC 2025
https://rss.tedt.org/ai_rss_feed.xml	ai_rss_feed.xml	ai_rss_feed.xml	0211	505b8ce496116e6e02b4fe4151d1aa91ac192e4e	2025-07-31T08:19:13Z	historical/ai_rss_feed/0211_2025-07-31T08-19-13Z_505b8ce49611_ai_rss_feed.xml	ok_xml	Update RSS feeds and status report - Thu Jul 31 08:19:13 UTC 2025
https://rss.tedt.org/ai_rss_feed.xml	ai_rss_feed.xml	ai_rss_feed.xml	0212	5f05436468a93a4a94c91e46ecd4ec5089513df8	2025-07-31T14:44:41Z	historical/ai_rss_feed/0212_2025-07-31T14-44-41Z_5f05436468a9_ai_rss_feed.xml	ok_xml	Update RSS feeds and status report - Thu Jul 31 14:44:41 UTC 2025
https://rss.tedt.org/ai_rss_feed.xml	ai_rss_feed.xml	ai_rss_feed.xml	0213	f62a99bb2ba3a022f98454670928399f700b5c33	2025-07-31T16:17:10Z	historical/ai_rss_feed/0213_2025-07-31T16-17-10Z_f62a99bb2ba3_ai_rss_feed.xml	ok_xml	Update RSS feeds and status report - Thu Jul 31 16:17:10 UTC 2025
https://rss.tedt.org/ai_rss_feed.xml	ai_rss_feed.xml	ai_rss_feed.xml	0214	1da3a1405012c07a80970069d0952d3a7960643b	2025-08-01T01:10:21Z	historical/ai_rss_feed/0214_2025-08-01T01-10-21Z_1da3a1405012_ai_rss_feed.xml	ok_xml	Update RSS feeds and status report - Fri Aug  1 01:10:21 UTC 2025
https://rss.tedt.org/ai_rss_feed.xml	ai_rss_feed.xml	ai_rss_feed.xml	0215	ac0d2a3f1e74156dc37cfa2620b13960d4bc84a1	2025-08-01T08:19:07Z	historical/ai_rss_feed/0215_2025-08-01T08-19-07Z_ac0d2a3f1e74_ai_rss_feed.xml	ok_xml	Update RSS feeds and status report - Fri Aug  1 08:19:07 UTC 2025
https://rss.tedt.org/ai_rss_feed.xml	ai_rss_feed.xml	ai_rss_feed.xml	0216	2617d895e17596c5670bccf37d595c0c9ed3958d	2025-08-01T16:17:05Z	historical/ai_rss_feed/0216_2025-08-01T16-17-05Z_2617d895e175_ai_rss_feed.xml	ok_xml	Update RSS feeds and status report - Fri Aug  1 16:17:05 UTC 2025
https://rss.tedt.org/ai_rss_feed.xml	ai_rss_feed.xml	ai_rss_feed.xml	0217	2e6b882e53b345c229235b74d7e5092a96b23859	2025-08-02T01:00:33Z	historical/ai_rss_feed/0217_2025-08-02T01-00-33Z_2e6b882e53b3_ai_rss_feed.xml	ok_xml	Update RSS feeds and status report - Sat Aug  2 01:00:33 UTC 2025
https://rss.tedt.org/ai_rss_feed.xml	ai_rss_feed.xml	ai_rss_feed.xml	0218	b2b4b119a94975bcb10e0323e17ffa0743faece0	2025-08-02T08:16:44Z	historical/ai_rss_feed/0218_2025-08-02T08-16-44Z_b2b4b119a949_ai_rss_feed.xml	ok_xml	Update RSS feeds and status report - Sat Aug  2 08:16:44 UTC 2025
https://rss.tedt.org/ai_rss_feed.xml	ai_rss_feed.xml	ai_rss_feed.xml	0219	02188fe555a619fc9e2780eaf86043e93bb27a11	2025-08-02T16:14:59Z	historical/ai_rss_feed/0219_2025-08-02T16-14-59Z_02188fe555a6_ai_rss_feed.xml	ok_xml	Update RSS feeds and status report - Sat Aug  2 16:14:59 UTC 2025
https://rss.tedt.org/ai_rss_feed.xml	ai_rss_feed.xml	ai_rss_feed.xml	0220	c7160f42996e3f8aefd3663045024564c370231c	2025-08-03T01:09:00Z	historical/ai_rss_feed/0220_2025-08-03T01-09-00Z_c7160f42996e_ai_rss_feed.xml	ok_xml	Update RSS feeds and status report - Sun Aug  3 01:09:00 UTC 2025
https://rss.tedt.org/ai_rss_feed.xml	ai_rss_feed.xml	ai_rss_feed.xml	0221	c4afdf62c6a7add0b722698ddc2769060a9b4639	2025-08-03T08:16:34Z	historical/ai_rss_feed/0221_2025-08-03T08-16-34Z_c4afdf62c6a7_ai_rss_feed.xml	ok_xml	Update RSS feeds and status report - Sun Aug  3 08:16:34 UTC 2025
https://rss.tedt.org/ai_rss_feed.xml	ai_rss_feed.xml	ai_rss_feed.xml	0222	dc8cc74d54b40d0817a178472a9990d1bf8dd889	2025-08-03T16:15:10Z	historical/ai_rss_feed/0222_2025-08-03T16-15-10Z_dc8cc74d54b4_ai_rss_feed.xml	ok_xml	Update RSS feeds and status report - Sun Aug  3 16:15:10 UTC 2025
https://rss.tedt.org/ai_rss_feed.xml	ai_rss_feed.xml	ai_rss_feed.xml	0223	7089a930129ff20aff036f3e1c05254acdcd8136	2025-08-04T01:08:30Z	historical/ai_rss_feed/0223_2025-08-04T01-08-30Z_7089a930129f_ai_rss_feed.xml	ok_xml	Update RSS feeds and status report - Mon Aug  4 01:08:30 UTC 2025
https://rss.tedt.org/ai_rss_feed.xml	ai_rss_feed.xml	ai_rss_feed.xml	0224	3ed78b6afdd8c6b0c60d1596adfc03b740d80ba3	2025-08-04T08:20:29Z	historical/ai_rss_feed/0224_2025-08-04T08-20-29Z_3ed78b6afdd8_ai_rss_feed.xml	ok_xml	Update RSS feeds and status report - Mon Aug  4 08:20:29 UTC 2025
https://rss.tedt.org/ai_rss_feed.xml	ai_rss_feed.xml	ai_rss_feed.xml	0225	033ff8d64b36753a48b25b547d8b49b31b07807a	2025-08-04T16:18:37Z	historical/ai_rss_feed/0225_2025-08-04T16-18-37Z_033ff8d64b36_ai_rss_feed.xml	ok_xml	Update RSS feeds and status report - Mon Aug  4 16:18:37 UTC 2025
https://rss.tedt.org/ai_rss_feed.xml	ai_rss_feed.xml	ai_rss_feed.xml	0226	f1b34f3496b687eec993bfde49355d9aa2babc50	2025-08-05T01:05:11Z	historical/ai_rss_feed/0226_2025-08-05T01-05-11Z_f1b34f3496b6_ai_rss_feed.xml	ok_xml	Update RSS feeds and status report - Tue Aug  5 01:05:11 UTC 2025
https://rss.tedt.org/ai_rss_feed.xml	ai_rss_feed.xml	ai_rss_feed.xml	0227	46b60a18d75f5c761f2c977df2e005e682344b80	2025-08-05T08:19:33Z	historical/ai_rss_feed/0227_2025-08-05T08-19-33Z_46b60a18d75f_ai_rss_feed.xml	ok_xml	Update RSS feeds and status report - Tue Aug  5 08:19:33 UTC 2025
https://rss.tedt.org/ai_rss_feed.xml	ai_rss_feed.xml	ai_rss_feed.xml	0228	2e9070eca04a97f2a00000cbc39bfc43e7beb378	2025-08-05T16:15:07Z	historical/ai_rss_feed/0228_2025-08-05T16-15-07Z_2e9070eca04a_ai_rss_feed.xml	ok_xml	Update RSS feeds and status report - Tue Aug  5 16:15:07 UTC 2025
https://rss.tedt.org/ai_rss_feed.xml	ai_rss_feed.xml	ai_rss_feed.xml	0229	c49d29d41da50037d7ead470fc96da8781a3ef17	2025-08-06T01:03:46Z	historical/ai_rss_feed/0229_2025-08-06T01-03-46Z_c49d29d41da5_ai_rss_feed.xml	ok_xml	Update RSS feeds and status report - Wed Aug  6 01:03:46 UTC 2025
https://rss.tedt.org/ai_rss_feed.xml	ai_rss_feed.xml	ai_rss_feed.xml	0230	450fb381c5e37bee14092f28cc0c83ce3fce726f	2025-08-06T16:17:47Z	historical/ai_rss_feed/0230_2025-08-06T16-17-47Z_450fb381c5e3_ai_rss_feed.xml	ok_xml	Update RSS feeds and status report - Wed Aug  6 16:17:47 UTC 2025
https://rss.tedt.org/ai_rss_feed.xml	ai_rss_feed.xml	ai_rss_feed.xml	0231	b7db5721040435c210188713d72e8999de441360	2025-08-07T01:04:26Z	historical/ai_rss_feed/0231_2025-08-07T01-04-26Z_b7db57210404_ai_rss_feed.xml	ok_xml	Update RSS feeds and status report - Thu Aug  7 01:04:26 UTC 2025
https://rss.tedt.org/ai_rss_feed.xml	ai_rss_feed.xml	ai_rss_feed.xml	0232	7f7db08337c5ca1a6ad82bb2314daa2ef39ec385	2025-08-07T08:19:11Z	historical/ai_rss_feed/0232_2025-08-07T08-19-11Z_7f7db08337c5_ai_rss_feed.xml	ok_xml	Update RSS feeds and status report - Thu Aug  7 08:19:11 UTC 2025
https://rss.tedt.org/ai_rss_feed.xml	ai_rss_feed.xml	ai_rss_feed.xml	0233	3768f693fcb9bb2fe22fdaddcb69841a08aeb077	2025-08-07T16:17:40Z	historical/ai_rss_feed/0233_2025-08-07T16-17-40Z_3768f693fcb9_ai_rss_feed.xml	ok_xml	Update RSS feeds and status report - Thu Aug  7 16:17:40 UTC 2025
https://rss.tedt.org/ai_rss_feed.xml	ai_rss_feed.xml	ai_rss_feed.xml	0234	5166783cf24af1a5032d63abb0fb7636ff63d42e	2025-08-08T01:04:13Z	historical/ai_rss_feed/0234_2025-08-08T01-04-13Z_5166783cf24a_ai_rss_feed.xml	ok_xml	Update RSS feeds and status report - Fri Aug  8 01:04:13 UTC 2025
https://rss.tedt.org/ai_rss_feed.xml	ai_rss_feed.xml	ai_rss_feed.xml	0235	93c45892c0340a281c2262d26930f1ed13fc184f	2025-08-08T08:19:12Z	historical/ai_rss_feed/0235_2025-08-08T08-19-12Z_93c45892c034_ai_rss_feed.xml	ok_xml	Update RSS feeds and status report - Fri Aug  8 08:19:12 UTC 2025
https://rss.tedt.org/ai_rss_feed.xml	ai_rss_feed.xml	ai_rss_feed.xml	0236	4a7f4c60ffa9a242b386fe22b3098e0bec68907c	2025-08-08T16:15:24Z	historical/ai_rss_feed/0236_2025-08-08T16-15-24Z_4a7f4c60ffa9_ai_rss_feed.xml	ok_xml	Update RSS feeds and status report - Fri Aug  8 16:15:24 UTC 2025
https://rss.tedt.org/ai_rss_feed.xml	ai_rss_feed.xml	ai_rss_feed.xml	0237	7c93a32e6781fcee76ceef6c59679506af0a3ed0	2025-08-09T00:58:21Z	historical/ai_rss_feed/0237_2025-08-09T00-58-21Z_7c93a32e6781_ai_rss_feed.xml	ok_xml	Update RSS feeds and status report - Sat Aug  9 00:58:21 UTC 2025
https://rss.tedt.org/ai_rss_feed.xml	ai_rss_feed.xml	ai_rss_feed.xml	0238	0998d906b299179eb33c347a759b7fcf578841c4	2025-08-09T08:16:23Z	historical/ai_rss_feed/0238_2025-08-09T08-16-23Z_0998d906b299_ai_rss_feed.xml	ok_xml	Update RSS feeds and status report - Sat Aug  9 08:16:23 UTC 2025
https://rss.tedt.org/ai_rss_feed.xml	ai_rss_feed.xml	ai_rss_feed.xml	0239	00e0aea8d53af22c73d12a8a4621c493c69bd5b3	2025-08-09T16:15:09Z	historical/ai_rss_feed/0239_2025-08-09T16-15-09Z_00e0aea8d53a_ai_rss_feed.xml	ok_xml	Update RSS feeds and status report - Sat Aug  9 16:15:09 UTC 2025
https://rss.tedt.org/ai_rss_feed.xml	ai_rss_feed.xml	ai_rss_feed.xml	0240	24e1e343fa761ec95826a3a10588a45cec6836a2	2025-08-10T01:07:18Z	historical/ai_rss_feed/0240_2025-08-10T01-07-18Z_24e1e343fa76_ai_rss_feed.xml	ok_xml	Update RSS feeds and status report - Sun Aug 10 01:07:18 UTC 2025
https://rss.tedt.org/ai_rss_feed.xml	ai_rss_feed.xml	ai_rss_feed.xml	0241	43d6a6d46f99fbf1094140f801f804cbbd75c057	2025-08-10T08:16:24Z	historical/ai_rss_feed/0241_2025-08-10T08-16-24Z_43d6a6d46f99_ai_rss_feed.xml	ok_xml	Update RSS feeds and status report - Sun Aug 10 08:16:24 UTC 2025
https://rss.tedt.org/ai_rss_feed.xml	ai_rss_feed.xml	ai_rss_feed.xml	0242	28c3264893a691077eb5d4bc59ed0618c10ba92c	2025-08-10T16:14:57Z	historical/ai_rss_feed/0242_2025-08-10T16-14-57Z_28c3264893a6_ai_rss_feed.xml	ok_xml	Update RSS feeds and status report - Sun Aug 10 16:14:57 UTC 2025
https://rss.tedt.org/ai_rss_feed.xml	ai_rss_feed.xml	ai_rss_feed.xml	0243	d2d40bb55bf9282ffc78da76b612f287d5c2659e	2025-08-11T01:04:46Z	historical/ai_rss_feed/0243_2025-08-11T01-04-46Z_d2d40bb55bf9_ai_rss_feed.xml	ok_xml	Update RSS feeds and status report - Mon Aug 11 01:04:46 UTC 2025
https://rss.tedt.org/ai_rss_feed.xml	ai_rss_feed.xml	ai_rss_feed.xml	0244	28dd34e43db02982804aee2efcb326918c735c2f	2025-08-11T08:20:00Z	historical/ai_rss_feed/0244_2025-08-11T08-20-00Z_28dd34e43db0_ai_rss_feed.xml	ok_xml	Update RSS feeds and status report - Mon Aug 11 08:20:00 UTC 2025
https://rss.tedt.org/ai_rss_feed.xml	ai_rss_feed.xml	ai_rss_feed.xml	0245	cb1e40326970622df2d845b9da03062a6fce605a	2025-08-11T16:16:39Z	historical/ai_rss_feed/0245_2025-08-11T16-16-39Z_cb1e40326970_ai_rss_feed.xml	ok_xml	Update RSS feeds and status report - Mon Aug 11 16:16:39 UTC 2025
https://rss.tedt.org/ai_rss_feed.xml	ai_rss_feed.xml	ai_rss_feed.xml	0246	0126784ddf577fefe70cab22c7fcb0065679a68f	2025-08-12T00:58:53Z	historical/ai_rss_feed/0246_2025-08-12T00-58-53Z_0126784ddf57_ai_rss_feed.xml	ok_xml	Update RSS feeds and status report - Tue Aug 12 00:58:53 UTC 2025
https://rss.tedt.org/ai_rss_feed.xml	ai_rss_feed.xml	ai_rss_feed.xml	0247	3f3598d6488e8831b22c2463f2cabd42d9f93aba	2025-08-12T08:17:34Z	historical/ai_rss_feed/0247_2025-08-12T08-17-34Z_3f3598d6488e_ai_rss_feed.xml	ok_xml	Update RSS feeds and status report - Tue Aug 12 08:17:34 UTC 2025
https://rss.tedt.org/ai_rss_feed.xml	ai_rss_feed.xml	ai_rss_feed.xml	0248	162a88b88060d7bca8ed3e15ec0e69c9d1346538	2025-08-12T16:16:36Z	historical/ai_rss_feed/0248_2025-08-12T16-16-36Z_162a88b88060_ai_rss_feed.xml	ok_xml	Update RSS feeds and status report - Tue Aug 12 16:16:36 UTC 2025
https://rss.tedt.org/ai_rss_feed.xml	ai_rss_feed.xml	ai_rss_feed.xml	0249	7624d11489f12fa2f32e77b0acade8b4d9c6f9a8	2025-08-13T00:59:44Z	historical/ai_rss_feed/0249_2025-08-13T00-59-44Z_7624d11489f1_ai_rss_feed.xml	ok_xml	Update RSS feeds and status report - Wed Aug 13 00:59:44 UTC 2025
https://rss.tedt.org/ai_rss_feed.xml	ai_rss_feed.xml	ai_rss_feed.xml	0250	4d0635bb0a0a0e1e21dbd50c4f548b8473402f53	2025-08-13T08:18:12Z	historical/ai_rss_feed/0250_2025-08-13T08-18-12Z_4d0635bb0a0a_ai_rss_feed.xml	ok_xml	Update RSS feeds and status report - Wed Aug 13 08:18:12 UTC 2025
https://rss.tedt.org/ai_rss_feed.xml	ai_rss_feed.xml	ai_rss_feed.xml	0251	245513a4203ebad743bda17a5d6a7a97950cdb7d	2025-08-13T16:12:42Z	historical/ai_rss_feed/0251_2025-08-13T16-12-42Z_245513a4203e_ai_rss_feed.xml	ok_xml	Update RSS feeds and status report - Wed Aug 13 16:12:42 UTC 2025
https://rss.tedt.org/ai_rss_feed.xml	ai_rss_feed.xml	ai_rss_feed.xml	0252	ddfc54eb42e7d42de502578a5f3cdf59f92d50ad	2025-08-14T01:00:05Z	historical/ai_rss_feed/0252_2025-08-14T01-00-05Z_ddfc54eb42e7_ai_rss_feed.xml	ok_xml	Update RSS feeds and status report - Thu Aug 14 01:00:05 UTC 2025
https://rss.tedt.org/ai_rss_feed.xml	ai_rss_feed.xml	ai_rss_feed.xml	0253	4ee3a1808df132ca84c4e1d39a9cca9c4ce1c547	2025-08-14T08:18:48Z	historical/ai_rss_feed/0253_2025-08-14T08-18-48Z_4ee3a1808df1_ai_rss_feed.xml	ok_xml	Update RSS feeds and status report - Thu Aug 14 08:18:48 UTC 2025
https://rss.tedt.org/ai_rss_feed.xml	ai_rss_feed.xml	ai_rss_feed.xml	0254	f35acfc5d127acccbc94b12f38a58431e6ef09ab	2025-08-14T16:17:05Z	historical/ai_rss_feed/0254_2025-08-14T16-17-05Z_f35acfc5d127_ai_rss_feed.xml	ok_xml	Update RSS feeds and status report - Thu Aug 14 16:17:05 UTC 2025
https://rss.tedt.org/ai_rss_feed.xml	ai_rss_feed.xml	ai_rss_feed.xml	0255	420ca419b6bf46a16c211d65a5561e1870fa48f2	2025-08-15T01:00:19Z	historical/ai_rss_feed/0255_2025-08-15T01-00-19Z_420ca419b6bf_ai_rss_feed.xml	ok_xml	Update RSS feeds and status report - Fri Aug 15 01:00:19 UTC 2025
https://rss.tedt.org/ai_rss_feed.xml	ai_rss_feed.xml	ai_rss_feed.xml	0256	a38082cf9bfdf60612c98c4026c5b3b973de73fd	2025-08-23T05:08:05-07:00	historical/ai_rss_feed/0256_2025-08-23T05-08-05-07-00_a38082cf9bfd_ai_rss_feed.xml	ok_xml	Refactor web scraping to use Playwright instead of Selenium
https://rss.tedt.org/ai_rss_feed.xml	ai_rss_feed.xml	ai_rss_feed.xml	0257	c5782f63f2ab5856a6c377d1d4a438acc87fe462	2025-08-23T12:10:15Z	historical/ai_rss_feed/0257_2025-08-23T12-10-15Z_c5782f63f2ab_ai_rss_feed.xml	ok_xml	Update RSS feeds and status report - Sat Aug 23 12:10:15 UTC 2025
https://rss.tedt.org/ai_rss_feed.xml	ai_rss_feed.xml	ai_rss_feed.xml	0258	9f0660d62b4c58f24ab35eb58af7cdc43c73a965	2025-08-23T06:44:26-07:00	historical/ai_rss_feed/0258_2025-08-23T06-44-26-07-00_9f0660d62b4c_ai_rss_feed.xml	ok_xml	Refactor RSS feed generation and monitoring scripts
https://rss.tedt.org/ai_rss_feed.xml	ai_rss_feed.xml	ai_rss_feed.xml	0259	6921df76d714bf578bc016a5a31a13b0d11ef5ab	2025-08-23T13:54:41Z	historical/ai_rss_feed/0259_2025-08-23T13-54-41Z_6921df76d714_ai_rss_feed.xml	ok_xml	Update RSS feeds and status report - Sat Aug 23 13:54:41 UTC 2025
https://rss.tedt.org/ai_rss_feed.xml	ai_rss_feed.xml	ai_rss_feed.xml	0260	55fd3c81a3f0f458f0d8747f2f1ff675d62eb52d	2025-08-23T16:13:21Z	historical/ai_rss_feed/0260_2025-08-23T16-13-21Z_55fd3c81a3f0_ai_rss_feed.xml	ok_xml	Update RSS feeds and status report - Sat Aug 23 16:13:21 UTC 2025
https://rss.tedt.org/ai_rss_feed.xml	ai_rss_feed.xml	ai_rss_feed.xml	0261	7f44b706e9682be40c91840212ddfd7e96d28961	2025-08-24T01:06:08Z	historical/ai_rss_feed/0261_2025-08-24T01-06-08Z_7f44b706e968_ai_rss_feed.xml	ok_xml	Update RSS feeds and status report - Sun Aug 24 01:06:08 UTC 2025
https://rss.tedt.org/ai_rss_feed.xml	ai_rss_feed.xml	ai_rss_feed.xml	0262	b1c199ca739630f73e0dde5b790b6ebe167acbbc	2025-08-24T08:15:20Z	historical/ai_rss_feed/0262_2025-08-24T08-15-20Z_b1c199ca7396_ai_rss_feed.xml	ok_xml	Update RSS feeds and status report - Sun Aug 24 08:15:20 UTC 2025
https://rss.tedt.org/ai_rss_feed.xml	ai_rss_feed.xml	ai_rss_feed.xml	0263	7b2b04b2a31c384b5c0434cb2ab1a1f78d278956	2025-08-24T16:12:50Z	historical/ai_rss_feed/0263_2025-08-24T16-12-50Z_7b2b04b2a31c_ai_rss_feed.xml	ok_xml	Update RSS feeds and status report - Sun Aug 24 16:12:50 UTC 2025
https://rss.tedt.org/ai_rss_feed.xml	ai_rss_feed.xml	ai_rss_feed.xml	0264	d100468a0e243de7f5c22f501a2aa2960cdea2d0	2025-08-25T00:58:43Z	historical/ai_rss_feed/0264_2025-08-25T00-58-43Z_d100468a0e24_ai_rss_feed.xml	ok_xml	Update RSS feeds and status report - Mon Aug 25 00:58:43 UTC 2025
https://rss.tedt.org/ai_rss_feed.xml	ai_rss_feed.xml	ai_rss_feed.xml	0265	bc35553f2dc461e9a386371551adafdf748ff437	2025-08-25T08:17:58Z	historical/ai_rss_feed/0265_2025-08-25T08-17-58Z_bc35553f2dc4_ai_rss_feed.xml	ok_xml	Update RSS feeds and status report - Mon Aug 25 08:17:58 UTC 2025
https://rss.tedt.org/ai_rss_feed.xml	ai_rss_feed.xml	ai_rss_feed.xml	0266	faf5cada795b8ee32126decdd038e6601df3229c	2025-08-25T14:01:39Z	historical/ai_rss_feed/0266_2025-08-25T14-01-39Z_faf5cada795b_ai_rss_feed.xml	ok_xml	Update RSS feeds and status report - Mon Aug 25 14:01:39 UTC 2025
https://rss.tedt.org/ai_rss_feed.xml	ai_rss_feed.xml	ai_rss_feed.xml	0267	535fab4e8b879265643d23d3aaf8c12d63b6d391	2025-08-25T16:15:20Z	historical/ai_rss_feed/0267_2025-08-25T16-15-20Z_535fab4e8b87_ai_rss_feed.xml	ok_xml	Update RSS feeds and status report - Mon Aug 25 16:15:20 UTC 2025
https://rss.tedt.org/ai_rss_feed.xml	ai_rss_feed.xml	ai_rss_feed.xml	0268	717272cb8c6cc403bfc949e38c1966018abeccdd	2025-08-26T00:56:31Z	historical/ai_rss_feed/0268_2025-08-26T00-56-31Z_717272cb8c6c_ai_rss_feed.xml	ok_xml	Update RSS feeds and status report - Tue Aug 26 00:56:31 UTC 2025
https://rss.tedt.org/ai_rss_feed.xml	ai_rss_feed.xml	ai_rss_feed.xml	0269	a693e9cb04aa594be77b683f1fda2a0ef42cb172	2025-08-26T08:18:19Z	historical/ai_rss_feed/0269_2025-08-26T08-18-19Z_a693e9cb04aa_ai_rss_feed.xml	ok_xml	Update RSS feeds and status report - Tue Aug 26 08:18:19 UTC 2025
https://rss.tedt.org/ai_rss_feed.xml	ai_rss_feed.xml	ai_rss_feed.xml	0270	b3ecfe52b491bf27a216e60ed576bd3e14f5b23e	2025-08-26T16:15:26Z	historical/ai_rss_feed/0270_2025-08-26T16-15-26Z_b3ecfe52b491_ai_rss_feed.xml	ok_xml	Update RSS feeds and status report - Tue Aug 26 16:15:26 UTC 2025
https://rss.tedt.org/ai_rss_feed.xml	ai_rss_feed.xml	ai_rss_feed.xml	0271	b08f5aabfe2edbd5524b482c1eb6f8c373be80eb	2025-08-27T00:55:55Z	historical/ai_rss_feed/0271_2025-08-27T00-55-55Z_b08f5aabfe2e_ai_rss_feed.xml	ok_xml	Update RSS feeds and status report - Wed Aug 27 00:55:55 UTC 2025
https://rss.tedt.org/ai_rss_feed.xml	ai_rss_feed.xml	ai_rss_feed.xml	0272	17741a8ac63bff1689c3920eb2d4839558d14771	2025-08-27T08:16:44Z	historical/ai_rss_feed/0272_2025-08-27T08-16-44Z_17741a8ac63b_ai_rss_feed.xml	ok_xml	Update RSS feeds and status report - Wed Aug 27 08:16:44 UTC 2025
https://rss.tedt.org/ai_rss_feed.xml	ai_rss_feed.xml	ai_rss_feed.xml	0273	cc977c12a95c40b37d8d3f54b5f3a05631dc94d7	2025-08-27T16:15:23Z	historical/ai_rss_feed/0273_2025-08-27T16-15-23Z_cc977c12a95c_ai_rss_feed.xml	ok_xml	Update RSS feeds and status report - Wed Aug 27 16:15:23 UTC 2025
https://rss.tedt.org/ai_rss_feed.xml	ai_rss_feed.xml	ai_rss_feed.xml	0274	df1c6def55f1ea2254aca4b85954ae98920f22a4	2025-08-28T00:55:19Z	historical/ai_rss_feed/0274_2025-08-28T00-55-19Z_df1c6def55f1_ai_rss_feed.xml	ok_xml	Update RSS feeds and status report - Thu Aug 28 00:55:19 UTC 2025
https://rss.tedt.org/ai_rss_feed.xml	ai_rss_feed.xml	ai_rss_feed.xml	0275	003d8cea762d78cb13ec4a84ac1aa547c92a6972	2025-08-28T08:15:51Z	historical/ai_rss_feed/0275_2025-08-28T08-15-51Z_003d8cea762d_ai_rss_feed.xml	ok_xml	Update RSS feeds and status report - Thu Aug 28 08:15:51 UTC 2025
https://rss.tedt.org/ai_rss_feed.xml	ai_rss_feed.xml	ai_rss_feed.xml	0276	ee4a3f345a88881196db736008da8cbdf4f0a1ba	2025-08-28T16:17:27Z	historical/ai_rss_feed/0276_2025-08-28T16-17-27Z_ee4a3f345a88_ai_rss_feed.xml	ok_xml	Update RSS feeds and status report - Thu Aug 28 16:17:27 UTC 2025
https://rss.tedt.org/ai_rss_feed.xml	ai_rss_feed.xml	ai_rss_feed.xml	0277	9caa52c8a0776ebce7320e44e5df9b5517431120	2025-08-29T00:54:30Z	historical/ai_rss_feed/0277_2025-08-29T00-54-30Z_9caa52c8a077_ai_rss_feed.xml	ok_xml	Update RSS feeds and status report - Fri Aug 29 00:54:30 UTC 2025
https://rss.tedt.org/ai_rss_feed.xml	ai_rss_feed.xml	ai_rss_feed.xml	0278	1312587b43866474cef52c6ce949953424bc33a6	2025-08-29T08:16:15Z	historical/ai_rss_feed/0278_2025-08-29T08-16-15Z_1312587b4386_ai_rss_feed.xml	ok_xml	Update RSS feeds and status report - Fri Aug 29 08:16:15 UTC 2025
https://rss.tedt.org/ai_rss_feed.xml	ai_rss_feed.xml	ai_rss_feed.xml	0279	5abeaa7c99c759fe8402c09a0c142c01ed22b1bc	2025-08-29T16:14:04Z	historical/ai_rss_feed/0279_2025-08-29T16-14-04Z_5abeaa7c99c7_ai_rss_feed.xml	ok_xml	Update RSS feeds and status report - Fri Aug 29 16:14:04 UTC 2025
https://rss.tedt.org/ai_rss_feed.xml	ai_rss_feed.xml	ai_rss_feed.xml	0280	45b62ae34039a9b4680917f55259f712fb8ccdba	2025-08-30T00:51:42Z	historical/ai_rss_feed/0280_2025-08-30T00-51-42Z_45b62ae34039_ai_rss_feed.xml	ok_xml	Update RSS feeds and status report - Sat Aug 30 00:51:42 UTC 2025
https://rss.tedt.org/ai_rss_feed.xml	ai_rss_feed.xml	ai_rss_feed.xml	0281	94914bf7fe33e7c8c646cf0034aed8eb46e0a336	2025-08-30T08:14:07Z	historical/ai_rss_feed/0281_2025-08-30T08-14-07Z_94914bf7fe33_ai_rss_feed.xml	ok_xml	Update RSS feeds and status report - Sat Aug 30 08:14:07 UTC 2025
https://rss.tedt.org/ai_rss_feed.xml	ai_rss_feed.xml	ai_rss_feed.xml	0282	d06ef2648960feb61ffa0f51f66b366dfc965731	2025-08-30T16:13:01Z	historical/ai_rss_feed/0282_2025-08-30T16-13-01Z_d06ef2648960_ai_rss_feed.xml	ok_xml	Update RSS feeds and status report - Sat Aug 30 16:13:01 UTC 2025
https://rss.tedt.org/ai_rss_feed.xml	ai_rss_feed.xml	ai_rss_feed.xml	0283	1b6be4f15ec4c5420a2107d1085b47e7fcabd289	2025-08-31T00:58:25Z	historical/ai_rss_feed/0283_2025-08-31T00-58-25Z_1b6be4f15ec4_ai_rss_feed.xml	ok_xml	Update RSS feeds and status report - Sun Aug 31 00:58:25 UTC 2025
https://rss.tedt.org/ai_rss_feed.xml	ai_rss_feed.xml	ai_rss_feed.xml	0284	1cb9b19b9a28d9f7c1fb61d8fff2b0dd6204430e	2025-08-31T08:14:27Z	historical/ai_rss_feed/0284_2025-08-31T08-14-27Z_1cb9b19b9a28_ai_rss_feed.xml	ok_xml	Update RSS feeds and status report - Sun Aug 31 08:14:27 UTC 2025
https://rss.tedt.org/ai_rss_feed.xml	ai_rss_feed.xml	ai_rss_feed.xml	0285	35b25e57a3bc6004bbbde99d16502abc75f6ebd8	2025-08-31T16:12:19Z	historical/ai_rss_feed/0285_2025-08-31T16-12-19Z_35b25e57a3bc_ai_rss_feed.xml	ok_xml	Update RSS feeds and status report - Sun Aug 31 16:12:19 UTC 2025
https://rss.tedt.org/ai_rss_feed.xml	ai_rss_feed.xml	ai_rss_feed.xml	0286	e0635aa8ec1497a52b143f30fc15d935f55c3d58	2025-09-01T01:04:40Z	historical/ai_rss_feed/0286_2025-09-01T01-04-40Z_e0635aa8ec14_ai_rss_feed.xml	ok_xml	Update RSS feeds and status report - Mon Sep  1 01:04:40 UTC 2025
https://rss.tedt.org/ai_rss_feed.xml	ai_rss_feed.xml	ai_rss_feed.xml	0287	7278b79e4c9ffe8f3ac06d505c1054f17bf65947	2025-09-01T08:18:25Z	historical/ai_rss_feed/0287_2025-09-01T08-18-25Z_7278b79e4c9f_ai_rss_feed.xml	ok_xml	Update RSS feeds and status report - Mon Sep  1 08:18:25 UTC 2025
https://rss.tedt.org/ai_rss_feed.xml	ai_rss_feed.xml	ai_rss_feed.xml	0288	d014e542e4bdb9e3d077c0f5f1a6a36c0edf17b0	2025-09-01T16:14:22Z	historical/ai_rss_feed/0288_2025-09-01T16-14-22Z_d014e542e4bd_ai_rss_feed.xml	ok_xml	Update RSS feeds and status report - Mon Sep  1 16:14:22 UTC 2025
https://rss.tedt.org/ai_rss_feed.xml	ai_rss_feed.xml	ai_rss_feed.xml	0289	2f0269833f98d4ece51b5b412ff83fb94a157208	2025-09-02T00:54:28Z	historical/ai_rss_feed/0289_2025-09-02T00-54-28Z_2f0269833f98_ai_rss_feed.xml	ok_xml	Update RSS feeds and status report - Tue Sep  2 00:54:28 UTC 2025
https://rss.tedt.org/ai_rss_feed.xml	ai_rss_feed.xml	ai_rss_feed.xml	0290	53680ca0d96ea8cef52d2e7e41d472df3694d571	2025-09-02T08:21:51Z	historical/ai_rss_feed/0290_2025-09-02T08-21-51Z_53680ca0d96e_ai_rss_feed.xml	ok_xml	Update RSS feeds and status report - Tue Sep  2 08:21:51 UTC 2025
https://rss.tedt.org/ai_rss_feed.xml	ai_rss_feed.xml	ai_rss_feed.xml	0291	a3d4ee07f0603e94b8147a9a0330afdb904dfced	2025-09-02T16:14:14Z	historical/ai_rss_feed/0291_2025-09-02T16-14-14Z_a3d4ee07f060_ai_rss_feed.xml	ok_xml	Update RSS feeds and status report - Tue Sep  2 16:14:14 UTC 2025
https://rss.tedt.org/ai_rss_feed.xml	ai_rss_feed.xml	ai_rss_feed.xml	0292	eea6f6816dfc48340d6170d5b2c9fe07c8197e14	2025-09-03T00:51:51Z	historical/ai_rss_feed/0292_2025-09-03T00-51-51Z_eea6f6816dfc_ai_rss_feed.xml	ok_xml	Update RSS feeds and status report - Wed Sep  3 00:51:51 UTC 2025
https://rss.tedt.org/ai_rss_feed.xml	ai_rss_feed.xml	ai_rss_feed.xml	0293	6365fc91c9761c6ecfb22e565c6e37d3ae2cf18b	2025-09-03T08:16:03Z	historical/ai_rss_feed/0293_2025-09-03T08-16-03Z_6365fc91c976_ai_rss_feed.xml	ok_xml	Update RSS feeds and status report - Wed Sep  3 08:16:03 UTC 2025
https://rss.tedt.org/ai_rss_feed.xml	ai_rss_feed.xml	ai_rss_feed.xml	0294	9c881c44e930e82c73b095327b5d3cf645c5f6f7	2025-09-03T16:14:18Z	historical/ai_rss_feed/0294_2025-09-03T16-14-18Z_9c881c44e930_ai_rss_feed.xml	ok_xml	Update RSS feeds and status report - Wed Sep  3 16:14:18 UTC 2025
https://rss.tedt.org/ai_rss_feed.xml	ai_rss_feed.xml	ai_rss_feed.xml	0295	43345349f44b3689e5deb106705d08e459e8443e	2025-09-04T00:52:18Z	historical/ai_rss_feed/0295_2025-09-04T00-52-18Z_43345349f44b_ai_rss_feed.xml	ok_xml	Update RSS feeds and status report - Thu Sep  4 00:52:18 UTC 2025
https://rss.tedt.org/ai_rss_feed.xml	ai_rss_feed.xml	ai_rss_feed.xml	0296	a35a6c44585f28e6bff6d68689283b660bd3d41f	2025-09-04T08:15:55Z	historical/ai_rss_feed/0296_2025-09-04T08-15-55Z_a35a6c44585f_ai_rss_feed.xml	ok_xml	Update RSS feeds and status report - Thu Sep  4 08:15:55 UTC 2025
https://rss.tedt.org/ai_rss_feed.xml	ai_rss_feed.xml	ai_rss_feed.xml	0297	3e91ab602697195159a7f0f012a28f10fa907c87	2025-09-04T16:15:16Z	historical/ai_rss_feed/0297_2025-09-04T16-15-16Z_3e91ab602697_ai_rss_feed.xml	ok_xml	Update RSS feeds and status report - Thu Sep  4 16:15:16 UTC 2025
https://rss.tedt.org/ai_rss_feed.xml	ai_rss_feed.xml	ai_rss_feed.xml	0298	159db162efa9fe9e5ec56fe730cb334f0dc8449b	2025-09-05T00:53:55Z	historical/ai_rss_feed/0298_2025-09-05T00-53-55Z_159db162efa9_ai_rss_feed.xml	ok_xml	Update RSS feeds and status report - Fri Sep  5 00:53:55 UTC 2025
https://rss.tedt.org/ai_rss_feed.xml	ai_rss_feed.xml	ai_rss_feed.xml	0299	d420db96f27f467fea799cf4aad565bcadaa5135	2025-09-05T08:16:30Z	historical/ai_rss_feed/0299_2025-09-05T08-16-30Z_d420db96f27f_ai_rss_feed.xml	ok_xml	Update RSS feeds and status report - Fri Sep  5 08:16:30 UTC 2025
https://rss.tedt.org/ai_rss_feed.xml	ai_rss_feed.xml	ai_rss_feed.xml	0300	5ca196ad6bbb0824c5dfed5353dde8031a240b60	2025-09-05T16:16:08Z	historical/ai_rss_feed/0300_2025-09-05T16-16-08Z_5ca196ad6bbb_ai_rss_feed.xml	ok_xml	Update RSS feeds and status report - Fri Sep  5 16:16:08 UTC 2025
https://rss.tedt.org/ai_rss_feed.xml	ai_rss_feed.xml	ai_rss_feed.xml	0301	89f1678537e67eecdeb5978d76104717d2018cc3	2025-09-06T00:51:52Z	historical/ai_rss_feed/0301_2025-09-06T00-51-52Z_89f1678537e6_ai_rss_feed.xml	ok_xml	Update RSS feeds and status report - Sat Sep  6 00:51:52 UTC 2025
https://rss.tedt.org/ai_rss_feed.xml	ai_rss_feed.xml	ai_rss_feed.xml	0302	f319265539403a236766ad02a0fb095df0e42ade	2025-09-06T08:14:44Z	historical/ai_rss_feed/0302_2025-09-06T08-14-44Z_f31926553940_ai_rss_feed.xml	ok_xml	Update RSS feeds and status report - Sat Sep  6 08:14:44 UTC 2025
https://rss.tedt.org/ai_rss_feed.xml	ai_rss_feed.xml	ai_rss_feed.xml	0303	b1fc54126e86f18713fb2b339445b40bf8ad9211	2025-09-06T16:13:16Z	historical/ai_rss_feed/0303_2025-09-06T16-13-16Z_b1fc54126e86_ai_rss_feed.xml	ok_xml	Update RSS feeds and status report - Sat Sep  6 16:13:16 UTC 2025
https://rss.tedt.org/ai_rss_feed.xml	ai_rss_feed.xml	ai_rss_feed.xml	0304	aa8c3558a2d49622a48ee4220c74d84c2e1799f2	2025-09-07T00:58:46Z	historical/ai_rss_feed/0304_2025-09-07T00-58-46Z_aa8c3558a2d4_ai_rss_feed.xml	ok_xml	Update RSS feeds and status report - Sun Sep  7 00:58:46 UTC 2025
https://rss.tedt.org/ai_rss_feed.xml	ai_rss_feed.xml	ai_rss_feed.xml	0305	a335224d26cbe8b1cb1ed9d7a23c6541cad8c998	2025-09-07T08:31:13Z	historical/ai_rss_feed/0305_2025-09-07T08-31-13Z_a335224d26cb_ai_rss_feed.xml	ok_xml	Update RSS feeds and status report - Sun Sep  7 08:31:13 UTC 2025
https://rss.tedt.org/ai_rss_feed.xml	ai_rss_feed.xml	ai_rss_feed.xml	0306	37092085e248313a97fd1a919a53c8951a68699b	2025-09-07T16:13:45Z	historical/ai_rss_feed/0306_2025-09-07T16-13-45Z_37092085e248_ai_rss_feed.xml	ok_xml	Update RSS feeds and status report - Sun Sep  7 16:13:45 UTC 2025
https://rss.tedt.org/ai_rss_feed.xml	ai_rss_feed.xml	ai_rss_feed.xml	0307	342e88522a6e4465af27257bd7a0238b6d11df2d	2025-09-08T00:56:56Z	historical/ai_rss_feed/0307_2025-09-08T00-56-56Z_342e88522a6e_ai_rss_feed.xml	ok_xml	Update RSS feeds and status report - Mon Sep  8 00:56:56 UTC 2025
https://rss.tedt.org/ai_rss_feed.xml	ai_rss_feed.xml	ai_rss_feed.xml	0308	41b89790da178671aea9ac97cc1759e000e5777b	2025-09-08T08:17:33Z	historical/ai_rss_feed/0308_2025-09-08T08-17-33Z_41b89790da17_ai_rss_feed.xml	ok_xml	Update RSS feeds and status report - Mon Sep  8 08:17:33 UTC 2025
https://rss.tedt.org/ai_rss_feed.xml	ai_rss_feed.xml	ai_rss_feed.xml	0309	b1b53344aa774dd3c72359f21f91a55787d22f78	2025-09-08T16:13:29Z	historical/ai_rss_feed/0309_2025-09-08T16-13-29Z_b1b53344aa77_ai_rss_feed.xml	ok_xml	Update RSS feeds and status report - Mon Sep  8 16:13:29 UTC 2025
https://rss.tedt.org/ai_rss_feed.xml	ai_rss_feed.xml	ai_rss_feed.xml	0310	d7d890ed566a61141582746496c057c235800a8a	2025-09-08T17:15:07Z	historical/ai_rss_feed/0310_2025-09-08T17-15-07Z_d7d890ed566a_ai_rss_feed.xml	ok_xml	Update RSS feeds and status report - Mon Sep  8 17:15:07 UTC 2025
https://rss.tedt.org/ai_rss_feed.xml	ai_rss_feed.xml	ai_rss_feed.xml	0311	d14699e2d5087bc8eff07c56f66e972a4148ed51	2025-09-08T10:44:30-07:00	historical/ai_rss_feed/0311_2025-09-08T10-44-30-07-00_d14699e2d508_ai_rss_feed.xml	ok_xml	feat: Update README for v2.1 with new features and enhancements
https://rss.tedt.org/ai_rss_feed.xml	ai_rss_feed.xml	ai_rss_feed.xml	0312	20bd7c31001c53dff35bae6dd2cc4fdb830372ab	2025-09-08T17:47:04Z	historical/ai_rss_feed/0312_2025-09-08T17-47-04Z_20bd7c31001c_ai_rss_feed.xml	ok_xml	Update RSS feeds and status report - Mon Sep  8 17:47:04 UTC 2025
https://rss.tedt.org/ai_rss_feed.xml	ai_rss_feed.xml	ai_rss_feed.xml	0313	53d9c8dee977358336c27c93dd390db2fdcf2eb4	2025-09-08T11:12:19-07:00	historical/ai_rss_feed/0313_2025-09-08T11-12-19-07-00_53d9c8dee977_ai_rss_feed.xml	ok_xml	Add aggregator cache JSON with initial source feeds and last fetch timestamps
https://rss.tedt.org/ai_rss_feed.xml	ai_rss_feed.xml	ai_rss_feed.xml	0314	9e8785d48c5a0c27580411a8e8d325b3f4f386f2	2025-09-08T18:16:21Z	historical/ai_rss_feed/0314_2025-09-08T18-16-21Z_9e8785d48c5a_ai_rss_feed.xml	ok_xml	Update RSS feeds and status report - Mon Sep  8 18:16:21 UTC 2025
https://rss.tedt.org/ai_rss_feed.xml	ai_rss_feed.xml	ai_rss_feed.xml	0315	41456c2f00197592c905765fd69fe4cfe56a8ec8	2025-09-08T18:22:12Z	historical/ai_rss_feed/0315_2025-09-08T18-22-12Z_41456c2f0019_ai_rss_feed.xml	ok_xml	Update RSS feeds and status report - Mon Sep  8 18:22:12 UTC 2025
https://rss.tedt.org/ai_rss_feed.xml	ai_rss_feed.xml	ai_rss_feed.xml	0316	05283a90071a42954cb39727117c339f9b161138	2025-09-08T18:59:35Z	historical/ai_rss_feed/0316_2025-09-08T18-59-35Z_05283a90071a_ai_rss_feed.xml	ok_xml	Update RSS feeds and status report - Mon Sep  8 18:59:35 UTC 2025
https://rss.tedt.org/ai_rss_feed.xml	ai_rss_feed.xml	ai_rss_feed.xml	0317	89ac29e2b437c456c46968596609c0a2e5c8cea6	2025-09-08T19:06:52Z	historical/ai_rss_feed/0317_2025-09-08T19-06-52Z_89ac29e2b437_ai_rss_feed.xml	ok_xml	Update RSS feeds and status report - Mon Sep  8 19:06:52 UTC 2025
https://rss.tedt.org/ai_rss_feed.xml	ai_rss_feed.xml	ai_rss_feed.xml	0318	d477f7033a8943ff78128e0d36f4ee383ac47dad	2025-09-08T19:28:07Z	historical/ai_rss_feed/0318_2025-09-08T19-28-07Z_d477f7033a89_ai_rss_feed.xml	ok_xml	Update RSS feeds and status report - Mon Sep  8 19:28:07 UTC 2025
https://rss.tedt.org/ai_rss_feed.xml	ai_rss_feed.xml	ai_rss_feed.xml	0319	72e68c836a13b24e39a6ddc13dc3ad8564b8c23b	2025-09-08T19:37:48Z	historical/ai_rss_feed/0319_2025-09-08T19-37-48Z_72e68c836a13_ai_rss_feed.xml	ok_xml	Update RSS feeds and status report - Mon Sep  8 19:37:48 UTC 2025
https://rss.tedt.org/ai_rss_feed.xml	ai_rss_feed.xml	ai_rss_feed.xml	0320	7bd05e099cc2eae21528a422bc1b05192b8ba61f	2025-09-08T19:42:59Z	historical/ai_rss_feed/0320_2025-09-08T19-42-59Z_7bd05e099cc2_ai_rss_feed.xml	ok_xml	Update RSS feeds and status report - Mon Sep  8 19:42:59 UTC 2025
https://rss.tedt.org/ai_rss_feed.xml	ai_rss_feed.xml	ai_rss_feed.xml	0321	8b8ecc449e02f689614f7f5a8df17a615e8748ed	2025-09-08T21:23:39Z	historical/ai_rss_feed/0321_2025-09-08T21-23-39Z_8b8ecc449e02_ai_rss_feed.xml	ok_xml	Update RSS feeds and status report - Mon Sep  8 21:23:39 UTC 2025
https://rss.tedt.org/ai_rss_feed.xml	ai_rss_feed.xml	ai_rss_feed.xml	0322	7fa279b798bf57cd085ce1319d4388823b2c4123	2025-09-08T16:10:11-07:00	historical/ai_rss_feed/0322_2025-09-08T16-10-11-07-00_7fa279b798bf_ai_rss_feed.xml	ok_xml	Initial commit of the aggregated OSR TTRPG archive XML file, containing extensive data for role-playing games.
https://rss.tedt.org/ai_rss_feed.xml	ai_rss_feed.xml	ai_rss_feed.xml	0323	8fac0ec7c2a954a2170520d5701a1a33e5bae2b0	2025-09-09T01:22:50Z	historical/ai_rss_feed/0323_2025-09-09T01-22-50Z_8fac0ec7c2a9_ai_rss_feed.xml	ok_xml	Update RSS feeds and status report - Tue Sep  9 01:22:50 UTC 2025
https://rss.tedt.org/ai_rss_feed.xml	ai_rss_feed.xml	ai_rss_feed.xml	0324	b70d7ca30f48fedefd014e322869c2792226bca2	2025-09-09T08:46:32Z	historical/ai_rss_feed/0324_2025-09-09T08-46-32Z_b70d7ca30f48_ai_rss_feed.xml	ok_xml	Update RSS feeds and status report - Tue Sep  9 08:46:32 UTC 2025
https://rss.tedt.org/ai_rss_feed.xml	ai_rss_feed.xml	ai_rss_feed.xml	0325	226e2a2ba7a74e2ed6124bd1b8c9788254dcf1b2	2025-09-09T16:44:22Z	historical/ai_rss_feed/0325_2025-09-09T16-44-22Z_226e2a2ba7a7_ai_rss_feed.xml	ok_xml	Update RSS feeds and status report - Tue Sep  9 16:44:22 UTC 2025
https://rss.tedt.org/ai_rss_feed.xml	ai_rss_feed.xml	ai_rss_feed.xml	0326	21fe6c1947b66b812b3ebad0a2a912605984b9f5	2025-09-10T01:23:49Z	historical/ai_rss_feed/0326_2025-09-10T01-23-49Z_21fe6c1947b6_ai_rss_feed.xml	ok_xml	Update RSS feeds and status report - Wed Sep 10 01:23:49 UTC 2025
https://rss.tedt.org/ai_rss_feed.xml	ai_rss_feed.xml	ai_rss_feed.xml	0327	52d5f2dc6a245b2d56d5e4917a884804a0377a33	2025-09-10T08:49:50Z	historical/ai_rss_feed/0327_2025-09-10T08-49-50Z_52d5f2dc6a24_ai_rss_feed.xml	ok_xml	Update RSS feeds and status report - Wed Sep 10 08:49:50 UTC 2025
https://rss.tedt.org/ai_rss_feed.xml	ai_rss_feed.xml	ai_rss_feed.xml	0328	6bbad1da5f00dd14935fde92ba3ba5d8f00c7cc4	2025-09-10T16:42:43Z	historical/ai_rss_feed/0328_2025-09-10T16-42-43Z_6bbad1da5f00_ai_rss_feed.xml	ok_xml	Update RSS feeds and status report - Wed Sep 10 16:42:43 UTC 2025
https://rss.tedt.org/ai_rss_feed.xml	ai_rss_feed.xml	ai_rss_feed.xml	0329	5f16ce333b05d8f4d836d6f5f541374ef6f988cc	2025-09-11T01:21:12Z	historical/ai_rss_feed/0329_2025-09-11T01-21-12Z_5f16ce333b05_ai_rss_feed.xml	ok_xml	Update RSS feeds and status report - Thu Sep 11 01:21:12 UTC 2025
https://rss.tedt.org/ai_rss_feed.xml	ai_rss_feed.xml	ai_rss_feed.xml	0330	738e0304a82f263557695cdd63e957273da8934d	2025-09-11T08:46:35Z	historical/ai_rss_feed/0330_2025-09-11T08-46-35Z_738e0304a82f_ai_rss_feed.xml	ok_xml	Update RSS feeds and status report - Thu Sep 11 08:46:35 UTC 2025
https://rss.tedt.org/ai_rss_feed.xml	ai_rss_feed.xml	ai_rss_feed.xml	0331	27ef9bd0ce8e4cdfb4782204f0b50a91898dff51	2025-09-11T02:14:17-07:00	historical/ai_rss_feed/0331_2025-09-11T02-14-17-07-00_27ef9bd0ce8e_ai_rss_feed.xml	ok_xml	Disable OSR
https://rss.tedt.org/ai_rss_feed.xml	ai_rss_feed.xml	ai_rss_feed.xml	0332	8e93d31787b43cf3f1a6fa676390dc01fa1259c7	2025-09-11T09:19:43Z	historical/ai_rss_feed/0332_2025-09-11T09-19-43Z_8e93d31787b4_ai_rss_feed.xml	ok_xml	Update RSS feeds and status report - Thu Sep 11 09:19:43 UTC 2025
https://rss.tedt.org/ai_rss_feed.xml	ai_rss_feed.xml	ai_rss_feed.xml	0333	7784795d6e013ca244fb150200a036465ecb1697	2025-09-11T10:01:50Z	historical/ai_rss_feed/0333_2025-09-11T10-01-50Z_7784795d6e01_ai_rss_feed.xml	ok_xml	Update RSS feeds and status report - Thu Sep 11 10:01:50 UTC 2025
https://rss.tedt.org/ai_rss_feed.xml	ai_rss_feed.xml	ai_rss_feed.xml	0334	85391343bd924a6c111d05560dc91cd5c0cd6b26	2025-09-11T10:10:20Z	historical/ai_rss_feed/0334_2025-09-11T10-10-20Z_85391343bd92_ai_rss_feed.xml	ok_xml	Update RSS feeds and status report - Thu Sep 11 10:10:20 UTC 2025
https://rss.tedt.org/ai_rss_feed.xml	ai_rss_feed.xml	ai_rss_feed.xml	0335	361fe74c99080cd115e4c350e3829062bdebe177	2025-09-11T10:16:29Z	historical/ai_rss_feed/0335_2025-09-11T10-16-29Z_361fe74c9908_ai_rss_feed.xml	ok_xml	Update RSS feeds and status report - Thu Sep 11 10:16:29 UTC 2025
https://rss.tedt.org/ai_rss_feed.xml	ai_rss_feed.xml	ai_rss_feed.xml	0336	f2c5436b550e35f0f3f16259d50f5c458724aaec	2025-09-11T10:23:09Z	historical/ai_rss_feed/0336_2025-09-11T10-23-09Z_f2c5436b550e_ai_rss_feed.xml	ok_xml	Update RSS feeds and status report - Thu Sep 11 10:23:09 UTC 2025
https://rss.tedt.org/ai_rss_feed.xml	ai_rss_feed.xml	ai_rss_feed.xml	0337	a270e8b954a9008b7421bfd9c18887367989afab	2025-09-11T10:28:06Z	historical/ai_rss_feed/0337_2025-09-11T10-28-06Z_a270e8b954a9_ai_rss_feed.xml	ok_xml	Update RSS feeds and status report - Thu Sep 11 10:28:06 UTC 2025
https://rss.tedt.org/ai_rss_feed.xml	ai_rss_feed.xml	ai_rss_feed.xml	0338	12b35fc0fe2bd70302634f5a265275563acd0f27	2025-09-11T10:38:06Z	historical/ai_rss_feed/0338_2025-09-11T10-38-06Z_12b35fc0fe2b_ai_rss_feed.xml	ok_xml	Update RSS feeds and status report - Thu Sep 11 10:38:06 UTC 2025
https://rss.tedt.org/ai_rss_feed.xml	ai_rss_feed.xml	ai_rss_feed.xml	0339	0b9586326e8533284dc8b623783dfc2a8935ef65	2025-09-11T11:09:40Z	historical/ai_rss_feed/0339_2025-09-11T11-09-40Z_0b9586326e85_ai_rss_feed.xml	ok_xml	Update RSS feeds and status report - Thu Sep 11 11:09:40 UTC 2025
https://rss.tedt.org/ai_rss_feed.xml	ai_rss_feed.xml	ai_rss_feed.xml	0340	6e6f1ef342005fe26e74e6796dd90dffc386b957	2025-09-11T12:30:42Z	historical/ai_rss_feed/0340_2025-09-11T12-30-42Z_6e6f1ef34200_ai_rss_feed.xml	ok_xml	Update RSS feeds and status report - Thu Sep 11 12:30:42 UTC 2025
https://rss.tedt.org/ai_rss_feed.xml	ai_rss_feed.xml	ai_rss_feed.xml	0341	8902b9dc12a3acc1a6b27f84c29fe15d9608c065	2025-09-11T16:15:57Z	historical/ai_rss_feed/0341_2025-09-11T16-15-57Z_8902b9dc12a3_ai_rss_feed.xml	ok_xml	Update RSS feeds and status report - Thu Sep 11 16:15:57 UTC 2025
https://rss.tedt.org/ai_rss_feed.xml	ai_rss_feed.xml	ai_rss_feed.xml	0342	ce5a9ec1da541a389e5ced99c1bc3937b452fc89	2025-09-12T00:52:58Z	historical/ai_rss_feed/0342_2025-09-12T00-52-58Z_ce5a9ec1da54_ai_rss_feed.xml	ok_xml	Update RSS feeds and status report - Fri Sep 12 00:52:58 UTC 2025
https://rss.tedt.org/ai_rss_feed.xml	ai_rss_feed.xml	ai_rss_feed.xml	0343	296cc08b3ae3ca3263dc826881833c28a50f0e7b	2025-09-12T08:19:22Z	historical/ai_rss_feed/0343_2025-09-12T08-19-22Z_296cc08b3ae3_ai_rss_feed.xml	ok_xml	Update RSS feeds and status report - Fri Sep 12 08:19:22 UTC 2025
https://rss.tedt.org/ai_rss_feed.xml	ai_rss_feed.xml	ai_rss_feed.xml	0344	ec66f89843e0d19beba165f8fea1effbbfe02fbc	2025-09-12T16:14:18Z	historical/ai_rss_feed/0344_2025-09-12T16-14-18Z_ec66f89843e0_ai_rss_feed.xml	ok_xml	Update RSS feeds and status report - Fri Sep 12 16:14:18 UTC 2025
https://rss.tedt.org/ai_rss_feed.xml	ai_rss_feed.xml	ai_rss_feed.xml	0345	0098a8a4351286bf561c28f3d0262a315c31576b	2025-09-13T00:49:54Z	historical/ai_rss_feed/0345_2025-09-13T00-49-54Z_0098a8a43512_ai_rss_feed.xml	ok_xml	Update RSS feeds and status report - Sat Sep 13 00:49:54 UTC 2025
https://rss.tedt.org/ai_rss_feed.xml	ai_rss_feed.xml	ai_rss_feed.xml	0346	fc8d0ccc99de238ffe4ea46f3b0b89ea632fd887	2025-09-13T08:16:10Z	historical/ai_rss_feed/0346_2025-09-13T08-16-10Z_fc8d0ccc99de_ai_rss_feed.xml	ok_xml	Update RSS feeds and status report - Sat Sep 13 08:16:10 UTC 2025
https://rss.tedt.org/ai_rss_feed.xml	ai_rss_feed.xml	ai_rss_feed.xml	0347	fea223c3a0c44c5b9c35b2ae2face292b53e70e8	2025-09-13T16:13:18Z	historical/ai_rss_feed/0347_2025-09-13T16-13-18Z_fea223c3a0c4_ai_rss_feed.xml	ok_xml	Update RSS feeds and status report - Sat Sep 13 16:13:18 UTC 2025
https://rss.tedt.org/ai_rss_feed.xml	ai_rss_feed.xml	ai_rss_feed.xml	0348	a81b9824bb76f23dde74e1d072e960d2144b3d48	2025-09-14T00:56:49Z	historical/ai_rss_feed/0348_2025-09-14T00-56-49Z_a81b9824bb76_ai_rss_feed.xml	ok_xml	Update RSS feeds and status report - Sun Sep 14 00:56:49 UTC 2025
https://rss.tedt.org/ai_rss_feed.xml	ai_rss_feed.xml	ai_rss_feed.xml	0349	c5424ab054c66d85c45d7d10f9d1c6a20a21bc7f	2025-09-14T08:14:38Z	historical/ai_rss_feed/0349_2025-09-14T08-14-38Z_c5424ab054c6_ai_rss_feed.xml	ok_xml	Update RSS feeds and status report - Sun Sep 14 08:14:38 UTC 2025
https://rss.tedt.org/ai_rss_feed.xml	ai_rss_feed.xml	ai_rss_feed.xml	0350	b1caeba9a2adabbf537eae1aa1f17a6eaf0281dc	2025-09-14T16:13:31Z	historical/ai_rss_feed/0350_2025-09-14T16-13-31Z_b1caeba9a2ad_ai_rss_feed.xml	ok_xml	Update RSS feeds and status report - Sun Sep 14 16:13:31 UTC 2025
https://rss.tedt.org/ai_rss_feed.xml	ai_rss_feed.xml	ai_rss_feed.xml	0351	6258b990bd4defa9002834d77abb83d6894eac18	2025-09-15T00:57:33Z	historical/ai_rss_feed/0351_2025-09-15T00-57-33Z_6258b990bd4d_ai_rss_feed.xml	ok_xml	Update RSS feeds and status report - Mon Sep 15 00:57:33 UTC 2025
https://rss.tedt.org/ai_rss_feed.xml	ai_rss_feed.xml	ai_rss_feed.xml	0352	f42198bcd680a6e00236494b003fa6db0916a940	2025-09-15T08:18:11Z	historical/ai_rss_feed/0352_2025-09-15T08-18-11Z_f42198bcd680_ai_rss_feed.xml	ok_xml	Update RSS feeds and status report - Mon Sep 15 08:18:11 UTC 2025
https://rss.tedt.org/ai_rss_feed.xml	ai_rss_feed.xml	ai_rss_feed.xml	0353	9c2f4e16b5bddc5c13cec10fc251e497d1319b92	2025-09-15T16:15:22Z	historical/ai_rss_feed/0353_2025-09-15T16-15-22Z_9c2f4e16b5bd_ai_rss_feed.xml	ok_xml	Update RSS feeds and status report - Mon Sep 15 16:15:22 UTC 2025
https://rss.tedt.org/ai_rss_feed.xml	ai_rss_feed.xml	ai_rss_feed.xml	0354	eaf48b6ebf8f8681fc02cfe9f1e10261e1c6291f	2025-09-16T00:53:57Z	historical/ai_rss_feed/0354_2025-09-16T00-53-57Z_eaf48b6ebf8f_ai_rss_feed.xml	ok_xml	Update RSS feeds and status report - Tue Sep 16 00:53:57 UTC 2025
https://rss.tedt.org/ai_rss_feed.xml	ai_rss_feed.xml	ai_rss_feed.xml	0355	6ef98a012ab270bf1bbf94b56a5ac4820deb3e9c	2025-09-16T08:17:22Z	historical/ai_rss_feed/0355_2025-09-16T08-17-22Z_6ef98a012ab2_ai_rss_feed.xml	ok_xml	Update RSS feeds and status report - Tue Sep 16 08:17:22 UTC 2025
https://rss.tedt.org/ai_rss_feed.xml	ai_rss_feed.xml	ai_rss_feed.xml	0356	c28c16324885314d17168cbf21f55bd7665e469f	2025-09-16T16:17:40Z	historical/ai_rss_feed/0356_2025-09-16T16-17-40Z_c28c16324885_ai_rss_feed.xml	ok_xml	Update RSS feeds and status report - Tue Sep 16 16:17:40 UTC 2025
https://rss.tedt.org/ai_rss_feed.xml	ai_rss_feed.xml	ai_rss_feed.xml	0357	da2225fd07b4a52b529366a54583c500dae35a33	2025-09-17T00:52:51Z	historical/ai_rss_feed/0357_2025-09-17T00-52-51Z_da2225fd07b4_ai_rss_feed.xml	ok_xml	Update RSS feeds and status report - Wed Sep 17 00:52:51 UTC 2025
https://rss.tedt.org/ai_rss_feed.xml	ai_rss_feed.xml	ai_rss_feed.xml	0358	c01ebb69a329c0a6aa6a26e9f9a787505640f31d	2025-09-17T08:16:52Z	historical/ai_rss_feed/0358_2025-09-17T08-16-52Z_c01ebb69a329_ai_rss_feed.xml	ok_xml	Update RSS feeds and status report - Wed Sep 17 08:16:52 UTC 2025
https://rss.tedt.org/ai_rss_feed.xml	ai_rss_feed.xml	ai_rss_feed.xml	0359	a88cfcc6acd19856e8a44ec1f8046614909ecf7a	2025-09-17T16:15:44Z	historical/ai_rss_feed/0359_2025-09-17T16-15-44Z_a88cfcc6acd1_ai_rss_feed.xml	ok_xml	Update RSS feeds and status report - Wed Sep 17 16:15:44 UTC 2025
https://rss.tedt.org/ai_rss_feed.xml	ai_rss_feed.xml	ai_rss_feed.xml	0360	4aeac2aa9135b5385efb1d87ac1756d8dc813fa3	2025-09-18T00:53:31Z	historical/ai_rss_feed/0360_2025-09-18T00-53-31Z_4aeac2aa9135_ai_rss_feed.xml	ok_xml	Update RSS feeds and status report - Thu Sep 18 00:53:31 UTC 2025
https://rss.tedt.org/ai_rss_feed.xml	ai_rss_feed.xml	ai_rss_feed.xml	0361	1b35cab60df77ee9840c636d00f74c2e3c1b73e9	2025-09-18T08:17:55Z	historical/ai_rss_feed/0361_2025-09-18T08-17-55Z_1b35cab60df7_ai_rss_feed.xml	ok_xml	Update RSS feeds and status report - Thu Sep 18 08:17:55 UTC 2025
https://rss.tedt.org/ai_rss_feed.xml	ai_rss_feed.xml	ai_rss_feed.xml	0362	fd2cf5b49adbe81acd05a0e505356e9b322613f5	2025-09-18T16:14:58Z	historical/ai_rss_feed/0362_2025-09-18T16-14-58Z_fd2cf5b49adb_ai_rss_feed.xml	ok_xml	Update RSS feeds and status report - Thu Sep 18 16:14:58 UTC 2025
https://rss.tedt.org/ai_rss_feed.xml	ai_rss_feed.xml	ai_rss_feed.xml	0363	98eff9f2d6b32d1f71b1d248dae7c923e17fdbd7	2025-09-19T00:54:42Z	historical/ai_rss_feed/0363_2025-09-19T00-54-42Z_98eff9f2d6b3_ai_rss_feed.xml	ok_xml	Update RSS feeds and status report - Fri Sep 19 00:54:42 UTC 2025
https://rss.tedt.org/ai_rss_feed.xml	ai_rss_feed.xml	ai_rss_feed.xml	0364	8f0fbdd141a73f4ba074ad03af997cdef35e4da7	2025-09-19T08:18:40Z	historical/ai_rss_feed/0364_2025-09-19T08-18-40Z_8f0fbdd141a7_ai_rss_feed.xml	ok_xml	Update RSS feeds and status report - Fri Sep 19 08:18:40 UTC 2025
https://rss.tedt.org/ai_rss_feed.xml	ai_rss_feed.xml	ai_rss_feed.xml	0365	b8ae91bd95508a603641cc66b2d04839b7ac30db	2025-09-19T16:16:55Z	historical/ai_rss_feed/0365_2025-09-19T16-16-55Z_b8ae91bd9550_ai_rss_feed.xml	ok_xml	Update RSS feeds and status report - Fri Sep 19 16:16:55 UTC 2025
https://rss.tedt.org/ai_rss_feed.xml	ai_rss_feed.xml	ai_rss_feed.xml	0366	a19e9bc6b15861b3a89bda20c7ccf8cae6b363c1	2025-09-20T00:52:31Z	historical/ai_rss_feed/0366_2025-09-20T00-52-31Z_a19e9bc6b158_ai_rss_feed.xml	ok_xml	Update RSS feeds and status report - Sat Sep 20 00:52:31 UTC 2025
https://rss.tedt.org/ai_rss_feed.xml	ai_rss_feed.xml	ai_rss_feed.xml	0367	847cf85227a91eea7a51c049b649dfb1b75198f2	2025-09-20T08:15:04Z	historical/ai_rss_feed/0367_2025-09-20T08-15-04Z_847cf85227a9_ai_rss_feed.xml	ok_xml	Update RSS feeds and status report - Sat Sep 20 08:15:04 UTC 2025
https://rss.tedt.org/ai_rss_feed.xml	ai_rss_feed.xml	ai_rss_feed.xml	0368	5f267c989446e137423d3243c040c1e113e8a757	2025-09-20T16:13:21Z	historical/ai_rss_feed/0368_2025-09-20T16-13-21Z_5f267c989446_ai_rss_feed.xml	ok_xml	Update RSS feeds and status report - Sat Sep 20 16:13:21 UTC 2025
https://rss.tedt.org/ai_rss_feed.xml	ai_rss_feed.xml	ai_rss_feed.xml	0369	9538633b5437e58c85aec94cf1605600b544d717	2025-09-21T00:59:08Z	historical/ai_rss_feed/0369_2025-09-21T00-59-08Z_9538633b5437_ai_rss_feed.xml	ok_xml	Update RSS feeds and status report - Sun Sep 21 00:59:08 UTC 2025
https://rss.tedt.org/ai_rss_feed.xml	ai_rss_feed.xml	ai_rss_feed.xml	0370	09564382f4683ef3141c9f5bb1e835611d8af6c3	2025-09-21T08:15:47Z	historical/ai_rss_feed/0370_2025-09-21T08-15-47Z_09564382f468_ai_rss_feed.xml	ok_xml	Update RSS feeds and status report - Sun Sep 21 08:15:47 UTC 2025
https://rss.tedt.org/ai_rss_feed.xml	ai_rss_feed.xml	ai_rss_feed.xml	0371	a606d154a131ea77bc74b8ff856ce067b48f5bee	2025-09-21T16:14:46Z	historical/ai_rss_feed/0371_2025-09-21T16-14-46Z_a606d154a131_ai_rss_feed.xml	ok_xml	Update RSS feeds and status report - Sun Sep 21 16:14:46 UTC 2025
https://rss.tedt.org/ai_rss_feed.xml	ai_rss_feed.xml	ai_rss_feed.xml	0372	15e31d50e6084891f7e71a10c9fa9d9f0afc40d9	2025-09-22T00:59:09Z	historical/ai_rss_feed/0372_2025-09-22T00-59-09Z_15e31d50e608_ai_rss_feed.xml	ok_xml	Update RSS feeds and status report - Mon Sep 22 00:59:09 UTC 2025
https://rss.tedt.org/ai_rss_feed.xml	ai_rss_feed.xml	ai_rss_feed.xml	0373	861483d607627ee57321be7f9baebd661d572f05	2025-09-22T08:20:04Z	historical/ai_rss_feed/0373_2025-09-22T08-20-04Z_861483d60762_ai_rss_feed.xml	ok_xml	Update RSS feeds and status report - Mon Sep 22 08:20:04 UTC 2025
https://rss.tedt.org/ai_rss_feed.xml	ai_rss_feed.xml	ai_rss_feed.xml	0374	6ddbc9ab8efaa03547fa4c6961429c15e7a9266b	2025-09-22T15:32:11Z	historical/ai_rss_feed/0374_2025-09-22T15-32-11Z_6ddbc9ab8efa_ai_rss_feed.xml	ok_xml	Update RSS feeds and status report - Mon Sep 22 15:32:11 UTC 2025
https://rss.tedt.org/ai_rss_feed.xml	ai_rss_feed.xml	ai_rss_feed.xml	0375	e65771674dbaf04c666cd22f17d95925418f36a8	2025-09-22T16:16:18Z	historical/ai_rss_feed/0375_2025-09-22T16-16-18Z_e65771674dba_ai_rss_feed.xml	ok_xml	Update RSS feeds and status report - Mon Sep 22 16:16:18 UTC 2025
https://rss.tedt.org/ai_rss_feed.xml	ai_rss_feed.xml	ai_rss_feed.xml	0376	2bb0f0d271b4fd30d7da196e6735dd07806021c6	2025-09-23T00:55:29Z	historical/ai_rss_feed/0376_2025-09-23T00-55-29Z_2bb0f0d271b4_ai_rss_feed.xml	ok_xml	Update RSS feeds and status report - Tue Sep 23 00:55:29 UTC 2025
https://rss.tedt.org/ai_rss_feed.xml	ai_rss_feed.xml	ai_rss_feed.xml	0377	00e3cb8f3a7d24d72476433d210262568e37dc0c	2025-09-23T08:17:07Z	historical/ai_rss_feed/0377_2025-09-23T08-17-07Z_00e3cb8f3a7d_ai_rss_feed.xml	ok_xml	Update RSS feeds and status report - Tue Sep 23 08:17:07 UTC 2025
https://rss.tedt.org/ai_rss_feed.xml	ai_rss_feed.xml	ai_rss_feed.xml	0378	b7b76a38452b907354e691441c42fe543da98ab5	2025-09-23T16:17:28Z	historical/ai_rss_feed/0378_2025-09-23T16-17-28Z_b7b76a38452b_ai_rss_feed.xml	ok_xml	Update RSS feeds and status report - Tue Sep 23 16:17:28 UTC 2025
https://rss.tedt.org/ai_rss_feed.xml	ai_rss_feed.xml	ai_rss_feed.xml	0379	6c0d816a794fd101a1af77cef86f21b4e4f0b8be	2025-09-24T00:56:35Z	historical/ai_rss_feed/0379_2025-09-24T00-56-35Z_6c0d816a794f_ai_rss_feed.xml	ok_xml	Update RSS feeds and status report - Wed Sep 24 00:56:35 UTC 2025
https://rss.tedt.org/ai_rss_feed.xml	ai_rss_feed.xml	ai_rss_feed.xml	0380	c503d760ada99f89f9fa771763509972ba1cc60b	2025-09-24T08:18:47Z	historical/ai_rss_feed/0380_2025-09-24T08-18-47Z_c503d760ada9_ai_rss_feed.xml	ok_xml	Update RSS feeds and status report - Wed Sep 24 08:18:47 UTC 2025
https://rss.tedt.org/ai_rss_feed.xml	ai_rss_feed.xml	ai_rss_feed.xml	0381	db9799c0e9740ab43540f584b666febed060fab2	2025-09-24T16:18:22Z	historical/ai_rss_feed/0381_2025-09-24T16-18-22Z_db9799c0e974_ai_rss_feed.xml	ok_xml	Update RSS feeds and status report - Wed Sep 24 16:18:22 UTC 2025
https://rss.tedt.org/ai_rss_feed.xml	ai_rss_feed.xml	ai_rss_feed.xml	0382	e31701fb879da18baf00179fd441cb88f1dafc08	2025-09-25T00:57:06Z	historical/ai_rss_feed/0382_2025-09-25T00-57-06Z_e31701fb879d_ai_rss_feed.xml	ok_xml	Update RSS feeds and status report - Thu Sep 25 00:57:06 UTC 2025
https://rss.tedt.org/ai_rss_feed.xml	ai_rss_feed.xml	ai_rss_feed.xml	0383	393d4bf72bc97933d5fb980ae5fd08c2033faf43	2025-09-25T08:17:34Z	historical/ai_rss_feed/0383_2025-09-25T08-17-34Z_393d4bf72bc9_ai_rss_feed.xml	ok_xml	Update RSS feeds and status report - Thu Sep 25 08:17:34 UTC 2025
https://rss.tedt.org/ai_rss_feed.xml	ai_rss_feed.xml	ai_rss_feed.xml	0384	056e0534faa98edf422df5afea8c26f6d5b27628	2025-09-25T16:15:49Z	historical/ai_rss_feed/0384_2025-09-25T16-15-49Z_056e0534faa9_ai_rss_feed.xml	ok_xml	Update RSS feeds and status report - Thu Sep 25 16:15:49 UTC 2025
https://rss.tedt.org/ai_rss_feed.xml	ai_rss_feed.xml	ai_rss_feed.xml	0385	1469f6df3d33908bd55ce855346828cf317ddf97	2025-09-26T00:55:37Z	historical/ai_rss_feed/0385_2025-09-26T00-55-37Z_1469f6df3d33_ai_rss_feed.xml	ok_xml	Update RSS feeds and status report - Fri Sep 26 00:55:37 UTC 2025
https://rss.tedt.org/ai_rss_feed.xml	ai_rss_feed.xml	ai_rss_feed.xml	0386	62fab7c9d4263ba3f2b4a3f26384fffd61630a0d	2025-09-26T08:19:14Z	historical/ai_rss_feed/0386_2025-09-26T08-19-14Z_62fab7c9d426_ai_rss_feed.xml	ok_xml	Update RSS feeds and status report - Fri Sep 26 08:19:14 UTC 2025
https://rss.tedt.org/ai_rss_feed.xml	ai_rss_feed.xml	ai_rss_feed.xml	0387	ab4fb89f290cd195e4242b2ad4c9c742ff8fc8f7	2025-09-26T16:17:27Z	historical/ai_rss_feed/0387_2025-09-26T16-17-27Z_ab4fb89f290c_ai_rss_feed.xml	ok_xml	Update RSS feeds and status report - Fri Sep 26 16:17:27 UTC 2025
https://rss.tedt.org/ai_rss_feed.xml	ai_rss_feed.xml	ai_rss_feed.xml	0388	c5dc7f7c4bd08ddcdfa48189ffbd244ea212bdeb	2025-09-27T00:52:42Z	historical/ai_rss_feed/0388_2025-09-27T00-52-42Z_c5dc7f7c4bd0_ai_rss_feed.xml	ok_xml	Update RSS feeds and status report - Sat Sep 27 00:52:42 UTC 2025
https://rss.tedt.org/ai_rss_feed.xml	ai_rss_feed.xml	ai_rss_feed.xml	0389	1f1cc7e5109da7fcfb54d17d998b33668a0ca5a5	2025-09-27T08:15:43Z	historical/ai_rss_feed/0389_2025-09-27T08-15-43Z_1f1cc7e5109d_ai_rss_feed.xml	ok_xml	Update RSS feeds and status report - Sat Sep 27 08:15:43 UTC 2025
https://rss.tedt.org/ai_rss_feed.xml	ai_rss_feed.xml	ai_rss_feed.xml	0390	054da7fd8132f156500cc1c495f8e1d2f0d030be	2025-09-27T16:14:56Z	historical/ai_rss_feed/0390_2025-09-27T16-14-56Z_054da7fd8132_ai_rss_feed.xml	ok_xml	Update RSS feeds and status report - Sat Sep 27 16:14:56 UTC 2025
https://rss.tedt.org/ai_rss_feed.xml	ai_rss_feed.xml	ai_rss_feed.xml	0391	4fc2e07de3f26d9146cee08f58faad842fff0477	2025-09-28T01:01:31Z	historical/ai_rss_feed/0391_2025-09-28T01-01-31Z_4fc2e07de3f2_ai_rss_feed.xml	ok_xml	Update RSS feeds and status report - Sun Sep 28 01:01:31 UTC 2025
https://rss.tedt.org/ai_rss_feed.xml	ai_rss_feed.xml	ai_rss_feed.xml	0392	64dcca7dc08db6da238bc9b6ca0e92fae197c286	2025-09-28T08:16:32Z	historical/ai_rss_feed/0392_2025-09-28T08-16-32Z_64dcca7dc08d_ai_rss_feed.xml	ok_xml	Update RSS feeds and status report - Sun Sep 28 08:16:32 UTC 2025
https://rss.tedt.org/ai_rss_feed.xml	ai_rss_feed.xml	ai_rss_feed.xml	0393	c9475c3d317c1c0c99d369935926df0064f67311	2025-09-28T16:15:41Z	historical/ai_rss_feed/0393_2025-09-28T16-15-41Z_c9475c3d317c_ai_rss_feed.xml	ok_xml	Update RSS feeds and status report - Sun Sep 28 16:15:41 UTC 2025
https://rss.tedt.org/ai_rss_feed.xml	ai_rss_feed.xml	ai_rss_feed.xml	0394	50aad70f5d7da8787beb6891c0a9f011cf9e7685	2025-09-29T00:55:59Z	historical/ai_rss_feed/0394_2025-09-29T00-55-59Z_50aad70f5d7d_ai_rss_feed.xml	ok_xml	Update RSS feeds and status report - Mon Sep 29 00:55:59 UTC 2025
https://rss.tedt.org/ai_rss_feed.xml	ai_rss_feed.xml	ai_rss_feed.xml	0395	45431dbb7a645d685dc69f0ff033e030e85b05d7	2025-09-29T08:28:43Z	historical/ai_rss_feed/0395_2025-09-29T08-28-43Z_45431dbb7a64_ai_rss_feed.xml	ok_xml	Update RSS feeds and status report - Mon Sep 29 08:28:43 UTC 2025
https://rss.tedt.org/ai_rss_feed.xml	ai_rss_feed.xml	ai_rss_feed.xml	0396	7f6e0c5a89242406c34c16f38f77ede769fc2ae9	2025-09-29T16:13:38Z	historical/ai_rss_feed/0396_2025-09-29T16-13-38Z_7f6e0c5a8924_ai_rss_feed.xml	ok_xml	Update RSS feeds and status report - Mon Sep 29 16:13:38 UTC 2025
https://rss.tedt.org/ai_rss_feed.xml	ai_rss_feed.xml	ai_rss_feed.xml	0397	c0196aad8103f36a382037aa18a85d8626a4e378	2025-09-30T01:02:12Z	historical/ai_rss_feed/0397_2025-09-30T01-02-12Z_c0196aad8103_ai_rss_feed.xml	ok_xml	Update RSS feeds and status report - Tue Sep 30 01:02:12 UTC 2025
https://rss.tedt.org/ai_rss_feed.xml	ai_rss_feed.xml	ai_rss_feed.xml	0398	b54e50135851354ffb21769832e55feca77d037c	2025-09-30T08:19:04Z	historical/ai_rss_feed/0398_2025-09-30T08-19-04Z_b54e50135851_ai_rss_feed.xml	ok_xml	Update RSS feeds and status report - Tue Sep 30 08:19:04 UTC 2025
https://rss.tedt.org/ai_rss_feed.xml	ai_rss_feed.xml	ai_rss_feed.xml	0399	8ab551908f8e7a5589919835b5f0a01742d72470	2025-09-30T16:16:11Z	historical/ai_rss_feed/0399_2025-09-30T16-16-11Z_8ab551908f8e_ai_rss_feed.xml	ok_xml	Update RSS feeds and status report - Tue Sep 30 16:16:11 UTC 2025
https://rss.tedt.org/ai_rss_feed.xml	ai_rss_feed.xml	ai_rss_feed.xml	0400	f9075d006de3eb11aae87e17efe292aa67c75c56	2025-10-01T01:00:48Z	historical/ai_rss_feed/0400_2025-10-01T01-00-48Z_f9075d006de3_ai_rss_feed.xml	ok_xml	Update RSS feeds and status report - Wed Oct  1 01:00:48 UTC 2025
https://rss.tedt.org/ai_rss_feed.xml	ai_rss_feed.xml	ai_rss_feed.xml	0401	0597ee7b88f3287964f9e26216bc68acc3cbb9c8	2025-10-01T08:17:41Z	historical/ai_rss_feed/0401_2025-10-01T08-17-41Z_0597ee7b88f3_ai_rss_feed.xml	ok_xml	Update RSS feeds and status report - Wed Oct  1 08:17:41 UTC 2025
https://rss.tedt.org/ai_rss_feed.xml	ai_rss_feed.xml	ai_rss_feed.xml	0402	72522f355c4cb599d458c11c1b8fc6bbe3d9e8d6	2025-10-01T16:17:58Z	historical/ai_rss_feed/0402_2025-10-01T16-17-58Z_72522f355c4c_ai_rss_feed.xml	ok_xml	Update RSS feeds and status report - Wed Oct  1 16:17:58 UTC 2025
https://rss.tedt.org/ai_rss_feed.xml	ai_rss_feed.xml	ai_rss_feed.xml	0403	f5dfd68b305a66c7db9dd6449927a6d5c9d7b82e	2025-10-02T00:53:44Z	historical/ai_rss_feed/0403_2025-10-02T00-53-44Z_f5dfd68b305a_ai_rss_feed.xml	ok_xml	Update RSS feeds and status report - Thu Oct  2 00:53:44 UTC 2025
https://rss.tedt.org/ai_rss_feed.xml	ai_rss_feed.xml	ai_rss_feed.xml	0404	8fc59766de51fcecbbb60fdc44cd49e57d7ebd2d	2025-10-02T08:18:32Z	historical/ai_rss_feed/0404_2025-10-02T08-18-32Z_8fc59766de51_ai_rss_feed.xml	ok_xml	Update RSS feeds and status report - Thu Oct  2 08:18:32 UTC 2025
https://rss.tedt.org/ai_rss_feed.xml	ai_rss_feed.xml	ai_rss_feed.xml	0405	1602a394a32e45b430bf7d732cc1850b251810c7	2025-10-02T16:15:30Z	historical/ai_rss_feed/0405_2025-10-02T16-15-30Z_1602a394a32e_ai_rss_feed.xml	ok_xml	Update RSS feeds and status report - Thu Oct  2 16:15:30 UTC 2025
https://rss.tedt.org/ai_rss_feed.xml	ai_rss_feed.xml	ai_rss_feed.xml	0406	0b235d6416bec8c6e14cec4991c493246aa452dd	2025-10-03T00:54:55Z	historical/ai_rss_feed/0406_2025-10-03T00-54-55Z_0b235d6416be_ai_rss_feed.xml	ok_xml	Update RSS feeds and status report - Fri Oct  3 00:54:55 UTC 2025
https://rss.tedt.org/ai_rss_feed.xml	ai_rss_feed.xml	ai_rss_feed.xml	0407	74ee325e147b15c2e0d1974451b13b9a7108de89	2025-10-03T08:18:19Z	historical/ai_rss_feed/0407_2025-10-03T08-18-19Z_74ee325e147b_ai_rss_feed.xml	ok_xml	Update RSS feeds and status report - Fri Oct  3 08:18:19 UTC 2025
https://rss.tedt.org/ai_rss_feed.xml	ai_rss_feed.xml	ai_rss_feed.xml	0408	540148cbd3779bf2a25c82d18a082ce281a55469	2025-10-03T16:16:45Z	historical/ai_rss_feed/0408_2025-10-03T16-16-45Z_540148cbd377_ai_rss_feed.xml	ok_xml	Update RSS feeds and status report - Fri Oct  3 16:16:45 UTC 2025
https://rss.tedt.org/ai_rss_feed.xml	ai_rss_feed.xml	ai_rss_feed.xml	0409	47f2aeea25f95268bad9f1f2e6e35794238641ef	2025-10-04T00:50:44Z	historical/ai_rss_feed/0409_2025-10-04T00-50-44Z_47f2aeea25f9_ai_rss_feed.xml	ok_xml	Update RSS feeds and status report - Sat Oct  4 00:50:44 UTC 2025
https://rss.tedt.org/ai_rss_feed.xml	ai_rss_feed.xml	ai_rss_feed.xml	0410	67577932d00c0bc63ac2ae3d4676127b419420b7	2025-10-04T08:17:18Z	historical/ai_rss_feed/0410_2025-10-04T08-17-18Z_67577932d00c_ai_rss_feed.xml	ok_xml	Update RSS feeds and status report - Sat Oct  4 08:17:18 UTC 2025
https://rss.tedt.org/ai_rss_feed.xml	ai_rss_feed.xml	ai_rss_feed.xml	0411	286d60105c8e58d322692ee805a8225aa0ceb085	2025-10-04T16:16:11Z	historical/ai_rss_feed/0411_2025-10-04T16-16-11Z_286d60105c8e_ai_rss_feed.xml	ok_xml	Update RSS feeds and status report - Sat Oct  4 16:16:11 UTC 2025
https://rss.tedt.org/ai_rss_feed.xml	ai_rss_feed.xml	ai_rss_feed.xml	0412	3ae1c4848b5b7b279386a16a41320d954b9dc28e	2025-10-05T01:00:10Z	historical/ai_rss_feed/0412_2025-10-05T01-00-10Z_3ae1c4848b5b_ai_rss_feed.xml	ok_xml	Update RSS feeds and status report - Sun Oct  5 01:00:10 UTC 2025
https://rss.tedt.org/ai_rss_feed.xml	ai_rss_feed.xml	ai_rss_feed.xml	0413	d9cc393a2bc1e97f8e49f9533c45945373eade6c	2025-10-05T08:16:10Z	historical/ai_rss_feed/0413_2025-10-05T08-16-10Z_d9cc393a2bc1_ai_rss_feed.xml	ok_xml	Update RSS feeds and status report - Sun Oct  5 08:16:10 UTC 2025
https://rss.tedt.org/ai_rss_feed.xml	ai_rss_feed.xml	ai_rss_feed.xml	0414	194e01098538b8a4d426e52dfe90e0fed3ca46d4	2025-10-05T16:15:15Z	historical/ai_rss_feed/0414_2025-10-05T16-15-15Z_194e01098538_ai_rss_feed.xml	ok_xml	Update RSS feeds and status report - Sun Oct  5 16:15:15 UTC 2025
https://rss.tedt.org/ai_rss_feed.xml	ai_rss_feed.xml	ai_rss_feed.xml	0415	2e325c65853df185cbec6131d9395bff5997df84	2025-10-06T00:56:50Z	historical/ai_rss_feed/0415_2025-10-06T00-56-50Z_2e325c65853d_ai_rss_feed.xml	ok_xml	Update RSS feeds and status report - Mon Oct  6 00:56:50 UTC 2025
https://rss.tedt.org/ai_rss_feed.xml	ai_rss_feed.xml	ai_rss_feed.xml	0416	a79924e701b6e1e6ac0aa0fe29a126982c7e5f16	2025-10-06T08:19:35Z	historical/ai_rss_feed/0416_2025-10-06T08-19-35Z_a79924e701b6_ai_rss_feed.xml	ok_xml	Update RSS feeds and status report - Mon Oct  6 08:19:35 UTC 2025
https://rss.tedt.org/ai_rss_feed.xml	ai_rss_feed.xml	ai_rss_feed.xml	0417	e347988e4bf8275f27cddffd5b0140043fb29acc	2025-10-06T16:17:12Z	historical/ai_rss_feed/0417_2025-10-06T16-17-12Z_e347988e4bf8_ai_rss_feed.xml	ok_xml	Update RSS feeds and status report - Mon Oct  6 16:17:12 UTC 2025
https://rss.tedt.org/ai_rss_feed.xml	ai_rss_feed.xml	ai_rss_feed.xml	0418	37fece7f9460ff5ec6746f99a62ceb2c8892d966	2025-10-07T00:56:28Z	historical/ai_rss_feed/0418_2025-10-07T00-56-28Z_37fece7f9460_ai_rss_feed.xml	ok_xml	Update RSS feeds and status report - Tue Oct  7 00:56:28 UTC 2025
https://rss.tedt.org/ai_rss_feed.xml	ai_rss_feed.xml	ai_rss_feed.xml	0419	55f6fe8a0c0e6d56f8371b4adc38564728ae3749	2025-10-07T08:19:04Z	historical/ai_rss_feed/0419_2025-10-07T08-19-04Z_55f6fe8a0c0e_ai_rss_feed.xml	ok_xml	Update RSS feeds and status report - Tue Oct  7 08:19:04 UTC 2025
https://rss.tedt.org/ai_rss_feed.xml	ai_rss_feed.xml	ai_rss_feed.xml	0420	c4dd96928e04223676bfa21326212e1036038625	2025-10-07T16:16:05Z	historical/ai_rss_feed/0420_2025-10-07T16-16-05Z_c4dd96928e04_ai_rss_feed.xml	ok_xml	Update RSS feeds and status report - Tue Oct  7 16:16:05 UTC 2025
https://rss.tedt.org/ai_rss_feed.xml	ai_rss_feed.xml	ai_rss_feed.xml	0421	652d020bff94301315ef98058ca72d863902301e	2025-10-08T00:55:47Z	historical/ai_rss_feed/0421_2025-10-08T00-55-47Z_652d020bff94_ai_rss_feed.xml	ok_xml	Update RSS feeds and status report - Wed Oct  8 00:55:47 UTC 2025
https://rss.tedt.org/ai_rss_feed.xml	ai_rss_feed.xml	ai_rss_feed.xml	0422	7fc0d213b619a583c68904a4068f56d70cec24dc	2025-10-08T08:20:00Z	historical/ai_rss_feed/0422_2025-10-08T08-20-00Z_7fc0d213b619_ai_rss_feed.xml	ok_xml	Update RSS feeds and status report - Wed Oct  8 08:20:00 UTC 2025
https://rss.tedt.org/ai_rss_feed.xml	ai_rss_feed.xml	ai_rss_feed.xml	0423	306cf5273b9921bb08010d22a0733c2b19b6921f	2025-10-08T16:16:58Z	historical/ai_rss_feed/0423_2025-10-08T16-16-58Z_306cf5273b99_ai_rss_feed.xml	ok_xml	Update RSS feeds and status report - Wed Oct  8 16:16:58 UTC 2025
https://rss.tedt.org/ai_rss_feed.xml	ai_rss_feed.xml	ai_rss_feed.xml	0424	34ce23498e83df54ba6f743bc8f6dd09a0501e6b	2025-10-09T00:54:40Z	historical/ai_rss_feed/0424_2025-10-09T00-54-40Z_34ce23498e83_ai_rss_feed.xml	ok_xml	Update RSS feeds and status report - Thu Oct  9 00:54:40 UTC 2025
https://rss.tedt.org/ai_rss_feed.xml	ai_rss_feed.xml	ai_rss_feed.xml	0425	f9619c5a5066e4cff3446ecc6147143b6266e3f3	2025-10-09T08:18:24Z	historical/ai_rss_feed/0425_2025-10-09T08-18-24Z_f9619c5a5066_ai_rss_feed.xml	ok_xml	Update RSS feeds and status report - Thu Oct  9 08:18:24 UTC 2025
https://rss.tedt.org/ai_rss_feed.xml	ai_rss_feed.xml	ai_rss_feed.xml	0426	293c42df9df1caa259fd9b732bbfac543ebce1b2	2025-10-09T16:20:13Z	historical/ai_rss_feed/0426_2025-10-09T16-20-13Z_293c42df9df1_ai_rss_feed.xml	ok_xml	Update RSS feeds and status report - Thu Oct  9 16:20:13 UTC 2025
https://rss.tedt.org/ai_rss_feed.xml	ai_rss_feed.xml	ai_rss_feed.xml	0427	51b66301b41b9c468111b4386aacee66f9af7933	2025-10-10T00:55:15Z	historical/ai_rss_feed/0427_2025-10-10T00-55-15Z_51b66301b41b_ai_rss_feed.xml	ok_xml	Update RSS feeds and status report - Fri Oct 10 00:55:15 UTC 2025
https://rss.tedt.org/ai_rss_feed.xml	ai_rss_feed.xml	ai_rss_feed.xml	0428	1563735931348144daa36ec3bb5bc4c2991db657	2025-10-10T08:18:57Z	historical/ai_rss_feed/0428_2025-10-10T08-18-57Z_156373593134_ai_rss_feed.xml	ok_xml	Update RSS feeds and status report - Fri Oct 10 08:18:57 UTC 2025
https://rss.tedt.org/ai_rss_feed.xml	ai_rss_feed.xml	ai_rss_feed.xml	0429	5245546c3114cc7ea2b64ae30d02b44454e779da	2025-10-10T16:16:08Z	historical/ai_rss_feed/0429_2025-10-10T16-16-08Z_5245546c3114_ai_rss_feed.xml	ok_xml	Update RSS feeds and status report - Fri Oct 10 16:16:08 UTC 2025
https://rss.tedt.org/ai_rss_feed.xml	ai_rss_feed.xml	ai_rss_feed.xml	0430	6ad2e3862855e9b0f76db9c3876a347277f24a1b	2025-10-11T00:52:48Z	historical/ai_rss_feed/0430_2025-10-11T00-52-48Z_6ad2e3862855_ai_rss_feed.xml	ok_xml	Update RSS feeds and status report - Sat Oct 11 00:52:48 UTC 2025
https://rss.tedt.org/ai_rss_feed.xml	ai_rss_feed.xml	ai_rss_feed.xml	0431	4e369702ec21008577ba348ad7738e1cc0985472	2025-10-11T08:17:00Z	historical/ai_rss_feed/0431_2025-10-11T08-17-00Z_4e369702ec21_ai_rss_feed.xml	ok_xml	Update RSS feeds and status report - Sat Oct 11 08:17:00 UTC 2025
https://rss.tedt.org/ai_rss_feed.xml	ai_rss_feed.xml	ai_rss_feed.xml	0432	d7f0ce5df9f54780b7ee721d357fe2b09f0649dd	2025-10-11T16:13:57Z	historical/ai_rss_feed/0432_2025-10-11T16-13-57Z_d7f0ce5df9f5_ai_rss_feed.xml	ok_xml	Update RSS feeds and status report - Sat Oct 11 16:13:57 UTC 2025
https://rss.tedt.org/ai_rss_feed.xml	ai_rss_feed.xml	ai_rss_feed.xml	0433	c2f9164d648043cd5adec2b9a440d57ec5b8eca8	2025-10-12T00:58:52Z	historical/ai_rss_feed/0433_2025-10-12T00-58-52Z_c2f9164d6480_ai_rss_feed.xml	ok_xml	Update RSS feeds and status report - Sun Oct 12 00:58:52 UTC 2025
https://rss.tedt.org/ai_rss_feed.xml	ai_rss_feed.xml	ai_rss_feed.xml	0434	df8a6fa96a2d2dde5369c1d6f422b69415fd80cd	2025-10-12T08:16:48Z	historical/ai_rss_feed/0434_2025-10-12T08-16-48Z_df8a6fa96a2d_ai_rss_feed.xml	ok_xml	Update RSS feeds and status report - Sun Oct 12 08:16:48 UTC 2025
https://rss.tedt.org/ai_rss_feed.xml	ai_rss_feed.xml	ai_rss_feed.xml	0435	2d6b907d9adc00aba40ae255c1e5e9d6dd3e7205	2025-10-12T16:17:00Z	historical/ai_rss_feed/0435_2025-10-12T16-17-00Z_2d6b907d9adc_ai_rss_feed.xml	ok_xml	Update RSS feeds and status report - Sun Oct 12 16:17:00 UTC 2025
https://rss.tedt.org/ai_rss_feed.xml	ai_rss_feed.xml	ai_rss_feed.xml	0436	b183f853b0d4a7c4ce3ccc69092fd1b30927558c	2025-10-13T00:58:35Z	historical/ai_rss_feed/0436_2025-10-13T00-58-35Z_b183f853b0d4_ai_rss_feed.xml	ok_xml	Update RSS feeds and status report - Mon Oct 13 00:58:35 UTC 2025
https://rss.tedt.org/ai_rss_feed.xml	ai_rss_feed.xml	ai_rss_feed.xml	0437	e15330da24e44cde8e309416ecc6084f763bf1a5	2025-10-13T08:21:11Z	historical/ai_rss_feed/0437_2025-10-13T08-21-11Z_e15330da24e4_ai_rss_feed.xml	ok_xml	Update RSS feeds and status report - Mon Oct 13 08:21:11 UTC 2025
https://rss.tedt.org/ai_rss_feed.xml	ai_rss_feed.xml	ai_rss_feed.xml	0438	773daab8be5bbf5569c96957b717177f0c81048d	2025-10-13T16:17:24Z	historical/ai_rss_feed/0438_2025-10-13T16-17-24Z_773daab8be5b_ai_rss_feed.xml	ok_xml	Update RSS feeds and status report - Mon Oct 13 16:17:24 UTC 2025
https://rss.tedt.org/ai_rss_feed.xml	ai_rss_feed.xml	ai_rss_feed.xml	0439	6d9191e38e7ce0bf8f33d3ca483b4e3eb767b5de	2025-10-14T00:56:01Z	historical/ai_rss_feed/0439_2025-10-14T00-56-01Z_6d9191e38e7c_ai_rss_feed.xml	ok_xml	Update RSS feeds and status report - Tue Oct 14 00:56:01 UTC 2025
https://rss.tedt.org/ai_rss_feed.xml	ai_rss_feed.xml	ai_rss_feed.xml	0440	0c7efa558b339f561d81446559e37031410982cc	2025-10-14T08:16:42Z	historical/ai_rss_feed/0440_2025-10-14T08-16-42Z_0c7efa558b33_ai_rss_feed.xml	ok_xml	Update RSS feeds and status report - Tue Oct 14 08:16:42 UTC 2025
https://rss.tedt.org/ai_rss_feed.xml	ai_rss_feed.xml	ai_rss_feed.xml	0441	bd665cb7fdd4a985d7734ddb1a8f6f4891bb4fce	2025-10-14T16:16:54Z	historical/ai_rss_feed/0441_2025-10-14T16-16-54Z_bd665cb7fdd4_ai_rss_feed.xml	ok_xml	Update RSS feeds and status report - Tue Oct 14 16:16:54 UTC 2025
https://rss.tedt.org/ai_rss_feed.xml	ai_rss_feed.xml	ai_rss_feed.xml	0442	c31002a11bdae06d145e4c18e21769708f0d4db1	2025-10-15T00:57:11Z	historical/ai_rss_feed/0442_2025-10-15T00-57-11Z_c31002a11bda_ai_rss_feed.xml	ok_xml	Update RSS feeds and status report - Wed Oct 15 00:57:11 UTC 2025
https://rss.tedt.org/ai_rss_feed.xml	ai_rss_feed.xml	ai_rss_feed.xml	0443	d2a53afcf2bd65e341140ade9bfdf26bd49b04db	2025-10-15T08:19:59Z	historical/ai_rss_feed/0443_2025-10-15T08-19-59Z_d2a53afcf2bd_ai_rss_feed.xml	ok_xml	Update RSS feeds and status report - Wed Oct 15 08:19:59 UTC 2025
https://rss.tedt.org/ai_rss_feed.xml	ai_rss_feed.xml	ai_rss_feed.xml	0444	73999c3b9c7e004df3094caa20d065276b730963	2025-10-15T16:15:51Z	historical/ai_rss_feed/0444_2025-10-15T16-15-51Z_73999c3b9c7e_ai_rss_feed.xml	ok_xml	Update RSS feeds and status report - Wed Oct 15 16:15:51 UTC 2025
https://rss.tedt.org/ai_rss_feed.xml	ai_rss_feed.xml	ai_rss_feed.xml	0445	7af8d85bf289de7b16f6c978940fe6841c3d9572	2025-10-16T00:56:29Z	historical/ai_rss_feed/0445_2025-10-16T00-56-29Z_7af8d85bf289_ai_rss_feed.xml	ok_xml	Update RSS feeds and status report - Thu Oct 16 00:56:29 UTC 2025
https://rss.tedt.org/ai_rss_feed.xml	ai_rss_feed.xml	ai_rss_feed.xml	0446	3b2d4302bc5132b99c469ef58df626ce2c3e7f0b	2025-10-16T08:20:32Z	historical/ai_rss_feed/0446_2025-10-16T08-20-32Z_3b2d4302bc51_ai_rss_feed.xml	ok_xml	Update RSS feeds and status report - Thu Oct 16 08:20:32 UTC 2025
https://rss.tedt.org/ai_rss_feed.xml	ai_rss_feed.xml	ai_rss_feed.xml	0447	cc59c030f3debb7a123f45df3a20032ca406e5c5	2025-10-16T16:24:04Z	historical/ai_rss_feed/0447_2025-10-16T16-24-04Z_cc59c030f3de_ai_rss_feed.xml	ok_xml	Update RSS feeds and status report - Thu Oct 16 16:24:04 UTC 2025
https://rss.tedt.org/ai_rss_feed.xml	ai_rss_feed.xml	ai_rss_feed.xml	0448	6d527f95b2d5d8c7d289bd56d140f75b06d35c8e	2025-10-17T00:55:04Z	historical/ai_rss_feed/0448_2025-10-17T00-55-04Z_6d527f95b2d5_ai_rss_feed.xml	ok_xml	Update RSS feeds and status report - Fri Oct 17 00:55:04 UTC 2025
https://rss.tedt.org/ai_rss_feed.xml	ai_rss_feed.xml	ai_rss_feed.xml	0449	b3cbb49ba6f078076b20e7982e303e6107fdc9de	2025-10-17T08:18:29Z	historical/ai_rss_feed/0449_2025-10-17T08-18-29Z_b3cbb49ba6f0_ai_rss_feed.xml	ok_xml	Update RSS feeds and status report - Fri Oct 17 08:18:29 UTC 2025
https://rss.tedt.org/ai_rss_feed.xml	ai_rss_feed.xml	ai_rss_feed.xml	0450	49ce9fbbef560ef10bee2877dbefef08751ab34e	2025-10-17T16:17:55Z	historical/ai_rss_feed/0450_2025-10-17T16-17-55Z_49ce9fbbef56_ai_rss_feed.xml	ok_xml	Update RSS feeds and status report - Fri Oct 17 16:17:55 UTC 2025
https://rss.tedt.org/ai_rss_feed.xml	ai_rss_feed.xml	ai_rss_feed.xml	0451	d360428dfb39e2b014dd932634de37d103bfe160	2025-10-18T00:52:16Z	historical/ai_rss_feed/0451_2025-10-18T00-52-16Z_d360428dfb39_ai_rss_feed.xml	ok_xml	Update RSS feeds and status report - Sat Oct 18 00:52:16 UTC 2025
https://rss.tedt.org/ai_rss_feed.xml	ai_rss_feed.xml	ai_rss_feed.xml	0452	8b1d2f6a1b8c658a0387a9bee8ced3e2fe2e76a0	2025-10-18T08:15:44Z	historical/ai_rss_feed/0452_2025-10-18T08-15-44Z_8b1d2f6a1b8c_ai_rss_feed.xml	ok_xml	Update RSS feeds and status report - Sat Oct 18 08:15:44 UTC 2025
https://rss.tedt.org/ai_rss_feed.xml	ai_rss_feed.xml	ai_rss_feed.xml	0453	d2ab87ec60339d1a8832184adc523ef67cae1b2e	2025-10-18T16:15:08Z	historical/ai_rss_feed/0453_2025-10-18T16-15-08Z_d2ab87ec6033_ai_rss_feed.xml	ok_xml	Update RSS feeds and status report - Sat Oct 18 16:15:08 UTC 2025
https://rss.tedt.org/ai_rss_feed.xml	ai_rss_feed.xml	ai_rss_feed.xml	0454	91f748aac2773b7da34266dfd848c8571a8eed76	2025-10-19T01:03:16Z	historical/ai_rss_feed/0454_2025-10-19T01-03-16Z_91f748aac277_ai_rss_feed.xml	ok_xml	Update RSS feeds and status report - Sun Oct 19 01:03:16 UTC 2025
https://rss.tedt.org/ai_rss_feed.xml	ai_rss_feed.xml	ai_rss_feed.xml	0455	4338e876e9a36a9634bf729b53134d04aa114324	2025-10-19T08:16:46Z	historical/ai_rss_feed/0455_2025-10-19T08-16-46Z_4338e876e9a3_ai_rss_feed.xml	ok_xml	Update RSS feeds and status report - Sun Oct 19 08:16:46 UTC 2025
https://rss.tedt.org/ai_rss_feed.xml	ai_rss_feed.xml	ai_rss_feed.xml	0456	2c110bb657f05ad87dc2c14e775cd69af17680d1	2025-10-19T16:16:20Z	historical/ai_rss_feed/0456_2025-10-19T16-16-20Z_2c110bb657f0_ai_rss_feed.xml	ok_xml	Update RSS feeds and status report - Sun Oct 19 16:16:20 UTC 2025
https://rss.tedt.org/ai_rss_feed.xml	ai_rss_feed.xml	ai_rss_feed.xml	0457	d1a23b0e2a62d881996aa68b7440372d77ad4bd5	2025-10-20T00:59:43Z	historical/ai_rss_feed/0457_2025-10-20T00-59-43Z_d1a23b0e2a62_ai_rss_feed.xml	ok_xml	Update RSS feeds and status report - Mon Oct 20 00:59:43 UTC 2025
https://rss.tedt.org/ai_rss_feed.xml	ai_rss_feed.xml	ai_rss_feed.xml	0458	c9c3ca626dfd9ec7603fa55fde16632fc7ed44f9	2025-10-20T08:25:29Z	historical/ai_rss_feed/0458_2025-10-20T08-25-29Z_c9c3ca626dfd_ai_rss_feed.xml	ok_xml	Update RSS feeds and status report - Mon Oct 20 08:25:29 UTC 2025
https://rss.tedt.org/ai_rss_feed.xml	ai_rss_feed.xml	ai_rss_feed.xml	0459	65c6c311a6ed0946224186299dc972bffdb801f3	2025-10-21T00:58:42Z	historical/ai_rss_feed/0459_2025-10-21T00-58-42Z_65c6c311a6ed_ai_rss_feed.xml	ok_xml	Update RSS feeds and status report - Tue Oct 21 00:58:42 UTC 2025
https://rss.tedt.org/ai_rss_feed.xml	ai_rss_feed.xml	ai_rss_feed.xml	0460	59c549891a3c92ece9f4d83395a5e0ce6176801b	2025-10-21T08:20:43Z	historical/ai_rss_feed/0460_2025-10-21T08-20-43Z_59c549891a3c_ai_rss_feed.xml	ok_xml	Update RSS feeds and status report - Tue Oct 21 08:20:43 UTC 2025
https://rss.tedt.org/ai_rss_feed.xml	ai_rss_feed.xml	ai_rss_feed.xml	0461	475963b43c9c6aa1adcd19617aa3fe68b4bf3989	2025-10-21T16:18:39Z	historical/ai_rss_feed/0461_2025-10-21T16-18-39Z_475963b43c9c_ai_rss_feed.xml	ok_xml	Update RSS feeds and status report - Tue Oct 21 16:18:39 UTC 2025
https://rss.tedt.org/ai_rss_feed.xml	ai_rss_feed.xml	ai_rss_feed.xml	0462	018b6fe5a5d81a191fe530c11b38f9c551df9969	2025-10-22T00:58:37Z	historical/ai_rss_feed/0462_2025-10-22T00-58-37Z_018b6fe5a5d8_ai_rss_feed.xml	ok_xml	Update RSS feeds and status report - Wed Oct 22 00:58:37 UTC 2025
https://rss.tedt.org/ai_rss_feed.xml	ai_rss_feed.xml	ai_rss_feed.xml	0463	b6eb29a9cb5cb6339bea091d6f8055b6610a269a	2025-10-22T08:21:28Z	historical/ai_rss_feed/0463_2025-10-22T08-21-28Z_b6eb29a9cb5c_ai_rss_feed.xml	ok_xml	Update RSS feeds and status report - Wed Oct 22 08:21:28 UTC 2025
https://rss.tedt.org/ai_rss_feed.xml	ai_rss_feed.xml	ai_rss_feed.xml	0464	836292b40f55cfdbec436776d27f3426e60fa963	2025-10-22T16:17:03Z	historical/ai_rss_feed/0464_2025-10-22T16-17-03Z_836292b40f55_ai_rss_feed.xml	ok_xml	Update RSS feeds and status report - Wed Oct 22 16:17:03 UTC 2025
https://rss.tedt.org/ai_rss_feed.xml	ai_rss_feed.xml	ai_rss_feed.xml	0465	e5e4a945755384fdb1095b9bee0ff6792d015c96	2025-10-23T00:58:35Z	historical/ai_rss_feed/0465_2025-10-23T00-58-35Z_e5e4a9457553_ai_rss_feed.xml	ok_xml	Update RSS feeds and status report - Thu Oct 23 00:58:35 UTC 2025
https://rss.tedt.org/ai_rss_feed.xml	ai_rss_feed.xml	ai_rss_feed.xml	0466	6c52b98909aa773249e26480cd3ac141bae8416e	2025-10-23T08:20:35Z	historical/ai_rss_feed/0466_2025-10-23T08-20-35Z_6c52b98909aa_ai_rss_feed.xml	ok_xml	Update RSS feeds and status report - Thu Oct 23 08:20:35 UTC 2025
https://rss.tedt.org/ai_rss_feed.xml	ai_rss_feed.xml	ai_rss_feed.xml	0467	bde004537f1ddf5ccd9766d2c46a7fe1e045ef49	2025-10-23T16:16:22Z	historical/ai_rss_feed/0467_2025-10-23T16-16-22Z_bde004537f1d_ai_rss_feed.xml	ok_xml	Update RSS feeds and status report - Thu Oct 23 16:16:22 UTC 2025
https://rss.tedt.org/ai_rss_feed.xml	ai_rss_feed.xml	ai_rss_feed.xml	0468	aa669fe767a50c4976ef6042133c15d5603f93e1	2025-10-24T00:53:11Z	historical/ai_rss_feed/0468_2025-10-24T00-53-11Z_aa669fe767a5_ai_rss_feed.xml	ok_xml	Update RSS feeds and status report - Fri Oct 24 00:53:11 UTC 2025
https://rss.tedt.org/ai_rss_feed.xml	ai_rss_feed.xml	ai_rss_feed.xml	0469	37892696764dae401a2dac33e06366096ababaf4	2025-10-24T08:19:23Z	historical/ai_rss_feed/0469_2025-10-24T08-19-23Z_37892696764d_ai_rss_feed.xml	ok_xml	Update RSS feeds and status report - Fri Oct 24 08:19:23 UTC 2025
https://rss.tedt.org/ai_rss_feed.xml	ai_rss_feed.xml	ai_rss_feed.xml	0470	05bf7950d5be9bd4bb60b8fd48b8b160c355ea40	2025-10-24T16:18:10Z	historical/ai_rss_feed/0470_2025-10-24T16-18-10Z_05bf7950d5be_ai_rss_feed.xml	ok_xml	Update RSS feeds and status report - Fri Oct 24 16:18:10 UTC 2025
https://rss.tedt.org/ai_rss_feed.xml	ai_rss_feed.xml	ai_rss_feed.xml	0471	00ee81a5c6426612b87a4e6a02996c978df4e36b	2025-10-25T00:54:55Z	historical/ai_rss_feed/0471_2025-10-25T00-54-55Z_00ee81a5c642_ai_rss_feed.xml	ok_xml	Update RSS feeds and status report - Sat Oct 25 00:54:55 UTC 2025
https://rss.tedt.org/ai_rss_feed.xml	ai_rss_feed.xml	ai_rss_feed.xml	0472	ed6f2cef23293841fefebdbd3f71371901d43ff2	2025-10-25T08:17:06Z	historical/ai_rss_feed/0472_2025-10-25T08-17-06Z_ed6f2cef2329_ai_rss_feed.xml	ok_xml	Update RSS feeds and status report - Sat Oct 25 08:17:06 UTC 2025
https://rss.tedt.org/ai_rss_feed.xml	ai_rss_feed.xml	ai_rss_feed.xml	0473	468240bd0a5662991080cc88af7509e2ae425fa8	2025-10-25T16:14:35Z	historical/ai_rss_feed/0473_2025-10-25T16-14-35Z_468240bd0a56_ai_rss_feed.xml	ok_xml	Update RSS feeds and status report - Sat Oct 25 16:14:35 UTC 2025
https://rss.tedt.org/ai_rss_feed.xml	ai_rss_feed.xml	ai_rss_feed.xml	0474	d6419ea3d7df9b840b0c53b3584297d931266ee2	2025-10-26T01:01:23Z	historical/ai_rss_feed/0474_2025-10-26T01-01-23Z_d6419ea3d7df_ai_rss_feed.xml	ok_xml	Update RSS feeds and status report - Sun Oct 26 01:01:23 UTC 2025
https://rss.tedt.org/ai_rss_feed.xml	ai_rss_feed.xml	ai_rss_feed.xml	0475	7b613de4980db326775ea8978cfa5b616c2cd57c	2025-10-26T08:17:47Z	historical/ai_rss_feed/0475_2025-10-26T08-17-47Z_7b613de4980d_ai_rss_feed.xml	ok_xml	Update RSS feeds and status report - Sun Oct 26 08:17:47 UTC 2025
https://rss.tedt.org/ai_rss_feed.xml	ai_rss_feed.xml	ai_rss_feed.xml	0476	00ccaabf16cac30b06493fa13c9b24df5dbd1cd0	2025-10-26T16:15:26Z	historical/ai_rss_feed/0476_2025-10-26T16-15-26Z_00ccaabf16ca_ai_rss_feed.xml	ok_xml	Update RSS feeds and status report - Sun Oct 26 16:15:26 UTC 2025
https://rss.tedt.org/ai_rss_feed.xml	ai_rss_feed.xml	ai_rss_feed.xml	0477	0d6b1cb2e8d04df9b98dd66f44d9f3ed12d8960d	2025-10-27T01:01:17Z	historical/ai_rss_feed/0477_2025-10-27T01-01-17Z_0d6b1cb2e8d0_ai_rss_feed.xml	ok_xml	Update RSS feeds and status report - Mon Oct 27 01:01:17 UTC 2025
https://rss.tedt.org/ai_rss_feed.xml	ai_rss_feed.xml	ai_rss_feed.xml	0478	e1d9cd9f08d12b51b4b0ddac6c64b0358b429ce8	2025-10-27T08:19:25Z	historical/ai_rss_feed/0478_2025-10-27T08-19-25Z_e1d9cd9f08d1_ai_rss_feed.xml	ok_xml	Update RSS feeds and status report - Mon Oct 27 08:19:25 UTC 2025
https://rss.tedt.org/ai_rss_feed.xml	ai_rss_feed.xml	ai_rss_feed.xml	0479	494df109360a8bebe71a13a4b5d6e9acbbd82ca6	2025-10-27T16:17:04Z	historical/ai_rss_feed/0479_2025-10-27T16-17-04Z_494df109360a_ai_rss_feed.xml	ok_xml	Update RSS feeds and status report - Mon Oct 27 16:17:04 UTC 2025
https://rss.tedt.org/ai_rss_feed.xml	ai_rss_feed.xml	ai_rss_feed.xml	0480	e87959a86595ddd01bb396b28b29f49071a20584	2025-10-28T00:56:53Z	historical/ai_rss_feed/0480_2025-10-28T00-56-53Z_e87959a86595_ai_rss_feed.xml	ok_xml	Update RSS feeds and status report - Tue Oct 28 00:56:53 UTC 2025
https://rss.tedt.org/ai_rss_feed.xml	ai_rss_feed.xml	ai_rss_feed.xml	0481	0f4baf30602dde6e40ca6855048bef481a6c9e8f	2025-10-28T08:19:32Z	historical/ai_rss_feed/0481_2025-10-28T08-19-32Z_0f4baf30602d_ai_rss_feed.xml	ok_xml	Update RSS feeds and status report - Tue Oct 28 08:19:32 UTC 2025
https://rss.tedt.org/ai_rss_feed.xml	ai_rss_feed.xml	ai_rss_feed.xml	0482	4e36690904daab5ea96deeba6cf95caed12d8006	2025-10-28T16:18:38Z	historical/ai_rss_feed/0482_2025-10-28T16-18-38Z_4e36690904da_ai_rss_feed.xml	ok_xml	Update RSS feeds and status report - Tue Oct 28 16:18:38 UTC 2025
https://rss.tedt.org/ai_rss_feed.xml	ai_rss_feed.xml	ai_rss_feed.xml	0483	46b1d699e2c45c989e3b7f99cd02d4763c203632	2025-10-29T01:00:34Z	historical/ai_rss_feed/0483_2025-10-29T01-00-34Z_46b1d699e2c4_ai_rss_feed.xml	ok_xml	Update RSS feeds and status report - Wed Oct 29 01:00:34 UTC 2025
https://rss.tedt.org/ai_rss_feed.xml	ai_rss_feed.xml	ai_rss_feed.xml	0484	6495de81c033d790fe511afb5816e1ae949aca86	2025-10-29T08:23:12Z	historical/ai_rss_feed/0484_2025-10-29T08-23-12Z_6495de81c033_ai_rss_feed.xml	ok_xml	Update RSS feeds and status report - Wed Oct 29 08:23:12 UTC 2025
https://rss.tedt.org/ai_rss_feed.xml	ai_rss_feed.xml	ai_rss_feed.xml	0485	49429dc9f6d2f3c02a3c3c7914e898d50ab1a20d	2025-10-30T01:00:50Z	historical/ai_rss_feed/0485_2025-10-30T01-00-50Z_49429dc9f6d2_ai_rss_feed.xml	ok_xml	Update RSS feeds and status report - Thu Oct 30 01:00:50 UTC 2025
https://rss.tedt.org/ai_rss_feed.xml	ai_rss_feed.xml	ai_rss_feed.xml	0486	94a1f4bd3e2ee1e11160d7f9617f7c63926396ab	2025-10-30T08:19:51Z	historical/ai_rss_feed/0486_2025-10-30T08-19-51Z_94a1f4bd3e2e_ai_rss_feed.xml	ok_xml	Update RSS feeds and status report - Thu Oct 30 08:19:51 UTC 2025
https://rss.tedt.org/ai_rss_feed.xml	ai_rss_feed.xml	ai_rss_feed.xml	0487	76596d017dcdc910ab9f7b1b8505f14358f12695	2025-10-30T16:17:27Z	historical/ai_rss_feed/0487_2025-10-30T16-17-27Z_76596d017dcd_ai_rss_feed.xml	ok_xml	Update RSS feeds and status report - Thu Oct 30 16:17:27 UTC 2025
https://rss.tedt.org/ai_rss_feed.xml	ai_rss_feed.xml	ai_rss_feed.xml	0488	9792269ca9bda882c5b0789aa15e4483c16a2a23	2025-10-31T00:58:17Z	historical/ai_rss_feed/0488_2025-10-31T00-58-17Z_9792269ca9bd_ai_rss_feed.xml	ok_xml	Update RSS feeds and status report - Fri Oct 31 00:58:17 UTC 2025
https://rss.tedt.org/ai_rss_feed.xml	ai_rss_feed.xml	ai_rss_feed.xml	0489	762024cf654d28615e91783498c93e21317e07fe	2025-10-31T08:17:32Z	historical/ai_rss_feed/0489_2025-10-31T08-17-32Z_762024cf654d_ai_rss_feed.xml	ok_xml	Update RSS feeds and status report - Fri Oct 31 08:17:32 UTC 2025
https://rss.tedt.org/ai_rss_feed.xml	ai_rss_feed.xml	ai_rss_feed.xml	0490	c1147411982aa3e3e653dc810df2bb3eb5342222	2025-10-31T16:16:08Z	historical/ai_rss_feed/0490_2025-10-31T16-16-08Z_c1147411982a_ai_rss_feed.xml	ok_xml	Update RSS feeds and status report - Fri Oct 31 16:16:08 UTC 2025
https://rss.tedt.org/ai_rss_feed.xml	ai_rss_feed.xml	ai_rss_feed.xml	0491	671837062ca356340c3a9e471932d0112781f36d	2025-11-01T01:01:44Z	historical/ai_rss_feed/0491_2025-11-01T01-01-44Z_671837062ca3_ai_rss_feed.xml	ok_xml	Update RSS feeds and status report - Sat Nov  1 01:01:44 UTC 2025
https://rss.tedt.org/ai_rss_feed.xml	ai_rss_feed.xml	ai_rss_feed.xml	0492	b6dd518ce7e7220b84306735c9ae83ef2a829694	2025-11-01T08:15:56Z	historical/ai_rss_feed/0492_2025-11-01T08-15-56Z_b6dd518ce7e7_ai_rss_feed.xml	ok_xml	Update RSS feeds and status report - Sat Nov  1 08:15:56 UTC 2025
https://rss.tedt.org/ai_rss_feed.xml	ai_rss_feed.xml	ai_rss_feed.xml	0493	108c3be8345b56b2a968a68e50451a6c7b98357c	2025-11-01T16:14:04Z	historical/ai_rss_feed/0493_2025-11-01T16-14-04Z_108c3be8345b_ai_rss_feed.xml	ok_xml	Update RSS feeds and status report - Sat Nov  1 16:14:04 UTC 2025
https://rss.tedt.org/ai_rss_feed.xml	ai_rss_feed.xml	ai_rss_feed.xml	0494	8f905b2a4bc57f032c9d6110fbc794a93add0669	2025-11-02T01:00:54Z	historical/ai_rss_feed/0494_2025-11-02T01-00-54Z_8f905b2a4bc5_ai_rss_feed.xml	ok_xml	Update RSS feeds and status report - Sun Nov  2 01:00:54 UTC 2025
https://rss.tedt.org/ai_rss_feed.xml	ai_rss_feed.xml	ai_rss_feed.xml	0495	3ce6c5508a5bc9b1b3fd7171df9c71b71ec77da3	2025-11-02T08:16:05Z	historical/ai_rss_feed/0495_2025-11-02T08-16-05Z_3ce6c5508a5b_ai_rss_feed.xml	ok_xml	Update RSS feeds and status report - Sun Nov  2 08:16:05 UTC 2025
https://rss.tedt.org/ai_rss_feed.xml	ai_rss_feed.xml	ai_rss_feed.xml	0496	a2a3a95b10a271e665a8e983995a9e1a63e55c58	2025-11-02T16:14:35Z	historical/ai_rss_feed/0496_2025-11-02T16-14-35Z_a2a3a95b10a2_ai_rss_feed.xml	ok_xml	Update RSS feeds and status report - Sun Nov  2 16:14:35 UTC 2025
https://rss.tedt.org/ai_rss_feed.xml	ai_rss_feed.xml	ai_rss_feed.xml	0497	79bf19deb6405a6e6e3a66bcd74c4868e2746f00	2025-11-03T01:01:26Z	historical/ai_rss_feed/0497_2025-11-03T01-01-26Z_79bf19deb640_ai_rss_feed.xml	ok_xml	Update RSS feeds and status report - Mon Nov  3 01:01:26 UTC 2025
https://rss.tedt.org/ai_rss_feed.xml	ai_rss_feed.xml	ai_rss_feed.xml	0498	5cd51511dd1c42bc0a63031a39872ffa4a32636d	2025-11-03T08:19:39Z	historical/ai_rss_feed/0498_2025-11-03T08-19-39Z_5cd51511dd1c_ai_rss_feed.xml	ok_xml	Update RSS feeds and status report - Mon Nov  3 08:19:39 UTC 2025
https://rss.tedt.org/ai_rss_feed.xml	ai_rss_feed.xml	ai_rss_feed.xml	0499	c2148b9ade2efa62ae14c7c3c22096ba983a7ada	2025-11-03T16:16:13Z	historical/ai_rss_feed/0499_2025-11-03T16-16-13Z_c2148b9ade2e_ai_rss_feed.xml	ok_xml	Update RSS feeds and status report - Mon Nov  3 16:16:13 UTC 2025
https://rss.tedt.org/ai_rss_feed.xml	ai_rss_feed.xml	ai_rss_feed.xml	0500	21c88e22c3c0c547e41db9bbdd4de01945f09178	2025-11-04T01:00:17Z	historical/ai_rss_feed/0500_2025-11-04T01-00-17Z_21c88e22c3c0_ai_rss_feed.xml	ok_xml	Update RSS feeds and status report - Tue Nov  4 01:00:17 UTC 2025
https://rss.tedt.org/ai_rss_feed.xml	ai_rss_feed.xml	ai_rss_feed.xml	0501	690b13fd0a6c5c1b3ce0aac80bbb1a7f0c13f1c6	2025-11-04T08:20:28Z	historical/ai_rss_feed/0501_2025-11-04T08-20-28Z_690b13fd0a6c_ai_rss_feed.xml	ok_xml	Update RSS feeds and status report - Tue Nov  4 08:20:28 UTC 2025
https://rss.tedt.org/ai_rss_feed.xml	ai_rss_feed.xml	ai_rss_feed.xml	0502	31f596ca0a92a698b1376093e86791fba7dcf671	2025-11-04T16:18:44Z	historical/ai_rss_feed/0502_2025-11-04T16-18-44Z_31f596ca0a92_ai_rss_feed.xml	ok_xml	Update RSS feeds and status report - Tue Nov  4 16:18:44 UTC 2025
https://rss.tedt.org/ai_rss_feed.xml	ai_rss_feed.xml	ai_rss_feed.xml	0503	feb566dc5033df7a355ee1d1a929f1ef02cd3b95	2025-11-05T01:00:04Z	historical/ai_rss_feed/0503_2025-11-05T01-00-04Z_feb566dc5033_ai_rss_feed.xml	ok_xml	Update RSS feeds and status report - Wed Nov  5 01:00:04 UTC 2025
https://rss.tedt.org/ai_rss_feed.xml	ai_rss_feed.xml	ai_rss_feed.xml	0504	342f0bb71238842c8dcaa9108f53e15d747478ad	2025-11-05T08:19:08Z	historical/ai_rss_feed/0504_2025-11-05T08-19-08Z_342f0bb71238_ai_rss_feed.xml	ok_xml	Update RSS feeds and status report - Wed Nov  5 08:19:08 UTC 2025
https://rss.tedt.org/ai_rss_feed.xml	ai_rss_feed.xml	ai_rss_feed.xml	0505	dd7159581293989fcf982d0c91c7290a6901e837	2025-11-05T16:18:44Z	historical/ai_rss_feed/0505_2025-11-05T16-18-44Z_dd7159581293_ai_rss_feed.xml	ok_xml	Update RSS feeds and status report - Wed Nov  5 16:18:44 UTC 2025
https://rss.tedt.org/ai_rss_feed.xml	ai_rss_feed.xml	ai_rss_feed.xml	0506	07f272ffea6cc091de42fc0e2280bae3ef296abf	2025-11-06T00:59:51Z	historical/ai_rss_feed/0506_2025-11-06T00-59-51Z_07f272ffea6c_ai_rss_feed.xml	ok_xml	Update RSS feeds and status report - Thu Nov  6 00:59:51 UTC 2025
https://rss.tedt.org/ai_rss_feed.xml	ai_rss_feed.xml	ai_rss_feed.xml	0507	3bc117546c7c13ab841861417d2ef0d656152bdb	2025-11-06T08:20:52Z	historical/ai_rss_feed/0507_2025-11-06T08-20-52Z_3bc117546c7c_ai_rss_feed.xml	ok_xml	Update RSS feeds and status report - Thu Nov  6 08:20:52 UTC 2025
https://rss.tedt.org/ai_rss_feed.xml	ai_rss_feed.xml	ai_rss_feed.xml	0508	121e58fabf5876fc6a9d4125c5c40bc7b2e565a2	2025-11-06T16:18:44Z	historical/ai_rss_feed/0508_2025-11-06T16-18-44Z_121e58fabf58_ai_rss_feed.xml	ok_xml	Update RSS feeds and status report - Thu Nov  6 16:18:44 UTC 2025
https://rss.tedt.org/ai_rss_feed.xml	ai_rss_feed.xml	ai_rss_feed.xml	0509	addc089bb33c1dbf686748bf21ea0acb81f49f9a	2025-11-07T00:59:00Z	historical/ai_rss_feed/0509_2025-11-07T00-59-00Z_addc089bb33c_ai_rss_feed.xml	ok_xml	Update RSS feeds and status report - Fri Nov  7 00:59:00 UTC 2025
https://rss.tedt.org/ai_rss_feed.xml	ai_rss_feed.xml	ai_rss_feed.xml	0510	91a530f515094428cd00ae44bf96b407e8a989f4	2025-11-07T08:20:07Z	historical/ai_rss_feed/0510_2025-11-07T08-20-07Z_91a530f51509_ai_rss_feed.xml	ok_xml	Update RSS feeds and status report - Fri Nov  7 08:20:07 UTC 2025
https://rss.tedt.org/ai_rss_feed.xml	ai_rss_feed.xml	ai_rss_feed.xml	0511	711d04bac5c1282c2e0c0f7285ae8729ba05e1d0	2025-11-07T16:15:53Z	historical/ai_rss_feed/0511_2025-11-07T16-15-53Z_711d04bac5c1_ai_rss_feed.xml	ok_xml	Update RSS feeds and status report - Fri Nov  7 16:15:53 UTC 2025
https://rss.tedt.org/ai_rss_feed.xml	ai_rss_feed.xml	ai_rss_feed.xml	0512	00c437b7dcfcb80ece09bd3f67bbeb6ab24be523	2025-11-08T00:55:03Z	historical/ai_rss_feed/0512_2025-11-08T00-55-03Z_00c437b7dcfc_ai_rss_feed.xml	ok_xml	Update RSS feeds and status report - Sat Nov  8 00:55:03 UTC 2025
https://rss.tedt.org/ai_rss_feed.xml	ai_rss_feed.xml	ai_rss_feed.xml	0513	b013912c93138b3b50c152effbffebbf1c1f454d	2025-11-08T08:16:05Z	historical/ai_rss_feed/0513_2025-11-08T08-16-05Z_b013912c9313_ai_rss_feed.xml	ok_xml	Update RSS feeds and status report - Sat Nov  8 08:16:05 UTC 2025
https://rss.tedt.org/ai_rss_feed.xml	ai_rss_feed.xml	ai_rss_feed.xml	0514	4d1696595689241a29c099da7a888891230ac436	2025-11-08T16:15:05Z	historical/ai_rss_feed/0514_2025-11-08T16-15-05Z_4d1696595689_ai_rss_feed.xml	ok_xml	Update RSS feeds and status report - Sat Nov  8 16:15:05 UTC 2025
https://rss.tedt.org/ai_rss_feed.xml	ai_rss_feed.xml	ai_rss_feed.xml	0515	fa45a8687ef4370533b15493f107108fcc696cee	2025-11-09T01:00:46Z	historical/ai_rss_feed/0515_2025-11-09T01-00-46Z_fa45a8687ef4_ai_rss_feed.xml	ok_xml	Update RSS feeds and status report - Sun Nov  9 01:00:46 UTC 2025
https://rss.tedt.org/ai_rss_feed.xml	ai_rss_feed.xml	ai_rss_feed.xml	0516	b036e5fba14d42c9355500045df3928dbfd21822	2025-11-09T08:16:35Z	historical/ai_rss_feed/0516_2025-11-09T08-16-35Z_b036e5fba14d_ai_rss_feed.xml	ok_xml	Update RSS feeds and status report - Sun Nov  9 08:16:35 UTC 2025
https://rss.tedt.org/ai_rss_feed.xml	ai_rss_feed.xml	ai_rss_feed.xml	0517	dfcf84e0676974d394484bf516bb0f3a14fac1bd	2025-11-09T16:15:32Z	historical/ai_rss_feed/0517_2025-11-09T16-15-32Z_dfcf84e06769_ai_rss_feed.xml	ok_xml	Update RSS feeds and status report - Sun Nov  9 16:15:32 UTC 2025
https://rss.tedt.org/ai_rss_feed.xml	ai_rss_feed.xml	ai_rss_feed.xml	0518	2d0cb1519487b1b3feaa8cf43a053ac106507a71	2025-11-10T01:00:51Z	historical/ai_rss_feed/0518_2025-11-10T01-00-51Z_2d0cb1519487_ai_rss_feed.xml	ok_xml	Update RSS feeds and status report - Mon Nov 10 01:00:51 UTC 2025
https://rss.tedt.org/ai_rss_feed.xml	ai_rss_feed.xml	ai_rss_feed.xml	0519	b4ef13dec064a57b87d7424fec9d31a8a723bae4	2025-11-10T08:20:09Z	historical/ai_rss_feed/0519_2025-11-10T08-20-09Z_b4ef13dec064_ai_rss_feed.xml	ok_xml	Update RSS feeds and status report - Mon Nov 10 08:20:09 UTC 2025
https://rss.tedt.org/ai_rss_feed.xml	ai_rss_feed.xml	ai_rss_feed.xml	0520	428944711da77e4640d68035ab2719a195af8694	2025-11-10T16:17:05Z	historical/ai_rss_feed/0520_2025-11-10T16-17-05Z_428944711da7_ai_rss_feed.xml	ok_xml	Update RSS feeds and status report - Mon Nov 10 16:17:05 UTC 2025
https://rss.tedt.org/ai_rss_feed.xml	ai_rss_feed.xml	ai_rss_feed.xml	0521	0bd3c600e2f4a7c7a8b3e5fbf8ff38d295e293c8	2025-11-11T00:59:09Z	historical/ai_rss_feed/0521_2025-11-11T00-59-09Z_0bd3c600e2f4_ai_rss_feed.xml	ok_xml	Update RSS feeds and status report - Tue Nov 11 00:59:09 UTC 2025
https://rss.tedt.org/ai_rss_feed.xml	ai_rss_feed.xml	ai_rss_feed.xml	0522	8e98386f9a17a31c99e2131bf1cf630cb99c87cf	2025-11-11T08:18:23Z	historical/ai_rss_feed/0522_2025-11-11T08-18-23Z_8e98386f9a17_ai_rss_feed.xml	ok_xml	Update RSS feeds and status report - Tue Nov 11 08:18:23 UTC 2025
https://rss.tedt.org/ai_rss_feed.xml	ai_rss_feed.xml	ai_rss_feed.xml	0523	1246a85cb2798497c570a0bf56f22a7b1a95832b	2025-11-11T16:16:39Z	historical/ai_rss_feed/0523_2025-11-11T16-16-39Z_1246a85cb279_ai_rss_feed.xml	ok_xml	Update RSS feeds and status report - Tue Nov 11 16:16:39 UTC 2025
https://rss.tedt.org/ai_rss_feed.xml	ai_rss_feed.xml	ai_rss_feed.xml	0524	7ded3589536433835dab6d790b82e72b468c7ede	2025-11-12T00:58:54Z	historical/ai_rss_feed/0524_2025-11-12T00-58-54Z_7ded35895364_ai_rss_feed.xml	ok_xml	Update RSS feeds and status report - Wed Nov 12 00:58:54 UTC 2025
https://rss.tedt.org/ai_rss_feed.xml	ai_rss_feed.xml	ai_rss_feed.xml	0525	31090019de784aa44981479740ecaddb048c66b9	2025-11-12T08:19:04Z	historical/ai_rss_feed/0525_2025-11-12T08-19-04Z_31090019de78_ai_rss_feed.xml	ok_xml	Update RSS feeds and status report - Wed Nov 12 08:19:04 UTC 2025
https://rss.tedt.org/ai_rss_feed.xml	ai_rss_feed.xml	ai_rss_feed.xml	0526	754a7c6fa0bda0bda23a04aabcaf7a7339253214	2025-11-12T16:18:03Z	historical/ai_rss_feed/0526_2025-11-12T16-18-03Z_754a7c6fa0bd_ai_rss_feed.xml	ok_xml	Update RSS feeds and status report - Wed Nov 12 16:18:03 UTC 2025
https://rss.tedt.org/ai_rss_feed.xml	ai_rss_feed.xml	ai_rss_feed.xml	0527	7b097a20fff3f2dcc79ba198543f7b31f0e6afa7	2025-11-13T00:58:35Z	historical/ai_rss_feed/0527_2025-11-13T00-58-35Z_7b097a20fff3_ai_rss_feed.xml	ok_xml	Update RSS feeds and status report - Thu Nov 13 00:58:35 UTC 2025
https://rss.tedt.org/ai_rss_feed.xml	ai_rss_feed.xml	ai_rss_feed.xml	0528	624246146985bcd1e8730561f7b241b0d85db7fb	2025-11-13T08:18:50Z	historical/ai_rss_feed/0528_2025-11-13T08-18-50Z_624246146985_ai_rss_feed.xml	ok_xml	Update RSS feeds and status report - Thu Nov 13 08:18:50 UTC 2025
https://rss.tedt.org/ai_rss_feed.xml	ai_rss_feed.xml	ai_rss_feed.xml	0529	6fe0a69b537ecab731d40cf3254d69b802c6ac04	2025-11-13T16:17:18Z	historical/ai_rss_feed/0529_2025-11-13T16-17-18Z_6fe0a69b537e_ai_rss_feed.xml	ok_xml	Update RSS feeds and status report - Thu Nov 13 16:17:18 UTC 2025
https://rss.tedt.org/ai_rss_feed.xml	ai_rss_feed.xml	ai_rss_feed.xml	0530	6ec421ecafb6c94413fe69d090013beace21dd09	2025-11-14T00:58:26Z	historical/ai_rss_feed/0530_2025-11-14T00-58-26Z_6ec421ecafb6_ai_rss_feed.xml	ok_xml	Update RSS feeds and status report - Fri Nov 14 00:58:26 UTC 2025
https://rss.tedt.org/ai_rss_feed.xml	ai_rss_feed.xml	ai_rss_feed.xml	0531	07369d61158f417b7c2cd515eaad063b2a1f6dfc	2025-11-14T08:18:37Z	historical/ai_rss_feed/0531_2025-11-14T08-18-37Z_07369d61158f_ai_rss_feed.xml	ok_xml	Update RSS feeds and status report - Fri Nov 14 08:18:37 UTC 2025
https://rss.tedt.org/ai_rss_feed.xml	ai_rss_feed.xml	ai_rss_feed.xml	0532	a04c178b82d2948af35269b1e8d70ce596bf103f	2025-11-14T16:16:27Z	historical/ai_rss_feed/0532_2025-11-14T16-16-27Z_a04c178b82d2_ai_rss_feed.xml	ok_xml	Update RSS feeds and status report - Fri Nov 14 16:16:27 UTC 2025
https://rss.tedt.org/ai_rss_feed.xml	ai_rss_feed.xml	ai_rss_feed.xml	0533	0a8762f777b22c0a9ce5ead6cd9a0e7ce6b11456	2025-11-15T00:56:54Z	historical/ai_rss_feed/0533_2025-11-15T00-56-54Z_0a8762f777b2_ai_rss_feed.xml	ok_xml	Update RSS feeds and status report - Sat Nov 15 00:56:54 UTC 2025
https://rss.tedt.org/ai_rss_feed.xml	ai_rss_feed.xml	ai_rss_feed.xml	0534	fab710fb046558f8e8a90e2114eb123d6888d28c	2025-11-15T08:15:47Z	historical/ai_rss_feed/0534_2025-11-15T08-15-47Z_fab710fb0465_ai_rss_feed.xml	ok_xml	Update RSS feeds and status report - Sat Nov 15 08:15:47 UTC 2025
https://rss.tedt.org/ai_rss_feed.xml	ai_rss_feed.xml	ai_rss_feed.xml	0535	a155231061f7ded19f462a91b0f091dae05fdb22	2025-11-15T16:14:05Z	historical/ai_rss_feed/0535_2025-11-15T16-14-05Z_a155231061f7_ai_rss_feed.xml	ok_xml	Update RSS feeds and status report - Sat Nov 15 16:14:05 UTC 2025
https://rss.tedt.org/ai_rss_feed.xml	ai_rss_feed.xml	ai_rss_feed.xml	0536	e05302ab3d3b5a1d74ed0c45c1a3cb9067a2265b	2025-11-16T01:02:31Z	historical/ai_rss_feed/0536_2025-11-16T01-02-31Z_e05302ab3d3b_ai_rss_feed.xml	ok_xml	Update RSS feeds and status report - Sun Nov 16 01:02:31 UTC 2025
https://rss.tedt.org/ai_rss_feed.xml	ai_rss_feed.xml	ai_rss_feed.xml	0537	deaa76722a7305d4b2716ecccd58fc3ddd9eaa7b	2025-11-16T08:16:08Z	historical/ai_rss_feed/0537_2025-11-16T08-16-08Z_deaa76722a73_ai_rss_feed.xml	ok_xml	Update RSS feeds and status report - Sun Nov 16 08:16:08 UTC 2025
https://rss.tedt.org/ai_rss_feed.xml	ai_rss_feed.xml	ai_rss_feed.xml	0538	132fc0bfc62754c2c7167fa9b057f289bf02e56a	2025-11-16T16:14:28Z	historical/ai_rss_feed/0538_2025-11-16T16-14-28Z_132fc0bfc627_ai_rss_feed.xml	ok_xml	Update RSS feeds and status report - Sun Nov 16 16:14:28 UTC 2025
https://rss.tedt.org/ai_rss_feed.xml	ai_rss_feed.xml	ai_rss_feed.xml	0539	318b61c4ffede9fbcc47f0a77989708bf5cbbe55	2025-11-17T00:59:51Z	historical/ai_rss_feed/0539_2025-11-17T00-59-51Z_318b61c4ffed_ai_rss_feed.xml	ok_xml	Update RSS feeds and status report - Mon Nov 17 00:59:51 UTC 2025
https://rss.tedt.org/ai_rss_feed.xml	ai_rss_feed.xml	ai_rss_feed.xml	0540	12b892b41f1cdc391b9998b4906e3a2a720f76e6	2025-11-17T08:20:26Z	historical/ai_rss_feed/0540_2025-11-17T08-20-26Z_12b892b41f1c_ai_rss_feed.xml	ok_xml	Update RSS feeds and status report - Mon Nov 17 08:20:26 UTC 2025
https://rss.tedt.org/ai_rss_feed.xml	ai_rss_feed.xml	ai_rss_feed.xml	0541	6407ad1f8638dad667dc6e36a62a5438dc417d8f	2025-11-17T16:18:01Z	historical/ai_rss_feed/0541_2025-11-17T16-18-01Z_6407ad1f8638_ai_rss_feed.xml	ok_xml	Update RSS feeds and status report - Mon Nov 17 16:18:01 UTC 2025
https://rss.tedt.org/ai_rss_feed.xml	ai_rss_feed.xml	ai_rss_feed.xml	0542	a60c118d3dc5f6ed3886ae949c70667908ad504e	2025-11-17T16:25:29Z	historical/ai_rss_feed/0542_2025-11-17T16-25-29Z_a60c118d3dc5_ai_rss_feed.xml	ok_xml	Update RSS feeds and status report - Mon Nov 17 16:25:29 UTC 2025
https://rss.tedt.org/ai_rss_feed.xml	ai_rss_feed.xml	ai_rss_feed.xml	0543	56985511f906ceecf8fa269e02e0a47177f991aa	2025-11-17T16:31:09Z	historical/ai_rss_feed/0543_2025-11-17T16-31-09Z_56985511f906_ai_rss_feed.xml	ok_xml	Update RSS feeds and status report - Mon Nov 17 16:31:09 UTC 2025
https://rss.tedt.org/ai_rss_feed.xml	ai_rss_feed.xml	ai_rss_feed.xml	0544	a844593141cf2404d0f37497517f580ffc1d18f9	2025-11-17T16:38:54Z	historical/ai_rss_feed/0544_2025-11-17T16-38-54Z_a844593141cf_ai_rss_feed.xml	ok_xml	Update RSS feeds and status report - Mon Nov 17 16:38:54 UTC 2025
https://rss.tedt.org/ai_rss_feed.xml	ai_rss_feed.xml	ai_rss_feed.xml	0545	851ed08539fb00c104108a6e683008165520cbde	2025-11-18T00:57:19Z	historical/ai_rss_feed/0545_2025-11-18T00-57-19Z_851ed08539fb_ai_rss_feed.xml	ok_xml	Update RSS feeds and status report - Tue Nov 18 00:57:19 UTC 2025
https://rss.tedt.org/ai_rss_feed.xml	ai_rss_feed.xml	ai_rss_feed.xml	0546	745e0d8813d7b2781f5eda2ccb84703e18fa3a74	2025-11-18T08:18:10Z	historical/ai_rss_feed/0546_2025-11-18T08-18-10Z_745e0d8813d7_ai_rss_feed.xml	ok_xml	Update RSS feeds and status report - Tue Nov 18 08:18:10 UTC 2025
https://rss.tedt.org/ai_rss_feed.xml	ai_rss_feed.xml	ai_rss_feed.xml	0547	aa2f11646d80bb548b390015e3f2eec8dbcd5d5d	2025-11-18T16:17:55Z	historical/ai_rss_feed/0547_2025-11-18T16-17-55Z_aa2f11646d80_ai_rss_feed.xml	ok_xml	Update RSS feeds and status report - Tue Nov 18 16:17:55 UTC 2025
https://rss.tedt.org/ai_rss_feed.xml	ai_rss_feed.xml	ai_rss_feed.xml	0548	bb42b9c7fbed2ba4ff184588a336b04e7cbcd594	2025-11-19T00:57:36Z	historical/ai_rss_feed/0548_2025-11-19T00-57-36Z_bb42b9c7fbed_ai_rss_feed.xml	ok_xml	Update RSS feeds and status report - Wed Nov 19 00:57:36 UTC 2025
https://rss.tedt.org/ai_rss_feed.xml	ai_rss_feed.xml	ai_rss_feed.xml	0549	11695292e69b407b9feff98994ddda204468ae00	2025-11-19T08:17:44Z	historical/ai_rss_feed/0549_2025-11-19T08-17-44Z_11695292e69b_ai_rss_feed.xml	ok_xml	Update RSS feeds and status report - Wed Nov 19 08:17:44 UTC 2025
https://rss.tedt.org/ai_rss_feed.xml	ai_rss_feed.xml	ai_rss_feed.xml	0550	2093f195c85c215352612a7df86ea054d44bf32c	2025-11-19T16:17:21Z	historical/ai_rss_feed/0550_2025-11-19T16-17-21Z_2093f195c85c_ai_rss_feed.xml	ok_xml	Update RSS feeds and status report - Wed Nov 19 16:17:21 UTC 2025
https://rss.tedt.org/ai_rss_feed.xml	ai_rss_feed.xml	ai_rss_feed.xml	0551	b136a94ceadc5a91269eac7a8c9cec6e48ea6780	2025-11-20T00:56:24Z	historical/ai_rss_feed/0551_2025-11-20T00-56-24Z_b136a94ceadc_ai_rss_feed.xml	ok_xml	Update RSS feeds and status report - Thu Nov 20 00:56:24 UTC 2025
https://rss.tedt.org/ai_rss_feed.xml	ai_rss_feed.xml	ai_rss_feed.xml	0552	bb8e8b745f69d6a8fa3fd346c0cee7ef3500d2c2	2025-11-20T08:18:24Z	historical/ai_rss_feed/0552_2025-11-20T08-18-24Z_bb8e8b745f69_ai_rss_feed.xml	ok_xml	Update RSS feeds and status report - Thu Nov 20 08:18:24 UTC 2025
https://rss.tedt.org/ai_rss_feed.xml	ai_rss_feed.xml	ai_rss_feed.xml	0553	08cbc3fddeca0edd2cbd089958f18add473c7b13	2025-11-20T16:16:57Z	historical/ai_rss_feed/0553_2025-11-20T16-16-57Z_08cbc3fddeca_ai_rss_feed.xml	ok_xml	Update RSS feeds and status report - Thu Nov 20 16:16:57 UTC 2025
https://rss.tedt.org/ai_rss_feed.xml	ai_rss_feed.xml	ai_rss_feed.xml	0554	68fdeed64b31f0839e35b7084b1734c063797d04	2025-11-21T00:57:04Z	historical/ai_rss_feed/0554_2025-11-21T00-57-04Z_68fdeed64b31_ai_rss_feed.xml	ok_xml	Update RSS feeds and status report - Fri Nov 21 00:57:04 UTC 2025
https://rss.tedt.org/ai_rss_feed.xml	ai_rss_feed.xml	ai_rss_feed.xml	0555	3307a6d849a1d97d18487c25383b766b10a4f4b1	2025-11-21T08:18:59Z	historical/ai_rss_feed/0555_2025-11-21T08-18-59Z_3307a6d849a1_ai_rss_feed.xml	ok_xml	Update RSS feeds and status report - Fri Nov 21 08:18:59 UTC 2025
https://rss.tedt.org/ai_rss_feed.xml	ai_rss_feed.xml	ai_rss_feed.xml	0556	77f2ef2725122abb5e512b09d45848c7ea9df7b3	2025-11-21T16:16:22Z	historical/ai_rss_feed/0556_2025-11-21T16-16-22Z_77f2ef272512_ai_rss_feed.xml	ok_xml	Update RSS feeds and status report - Fri Nov 21 16:16:22 UTC 2025
https://rss.tedt.org/ai_rss_feed.xml	ai_rss_feed.xml	ai_rss_feed.xml	0557	a255d196190307fbeace87bf2713cc9e23810c59	2025-11-22T00:55:08Z	historical/ai_rss_feed/0557_2025-11-22T00-55-08Z_a255d1961903_ai_rss_feed.xml	ok_xml	Update RSS feeds and status report - Sat Nov 22 00:55:08 UTC 2025
https://rss.tedt.org/ai_rss_feed.xml	ai_rss_feed.xml	ai_rss_feed.xml	0558	98f6dd9529f912aa950fa8241b99519b5c497708	2025-11-22T08:15:52Z	historical/ai_rss_feed/0558_2025-11-22T08-15-52Z_98f6dd9529f9_ai_rss_feed.xml	ok_xml	Update RSS feeds and status report - Sat Nov 22 08:15:52 UTC 2025
https://rss.tedt.org/ai_rss_feed.xml	ai_rss_feed.xml	ai_rss_feed.xml	0559	8539e532f520b9e4abc5049f8c4563c51a420116	2025-11-22T16:14:06Z	historical/ai_rss_feed/0559_2025-11-22T16-14-06Z_8539e532f520_ai_rss_feed.xml	ok_xml	Update RSS feeds and status report - Sat Nov 22 16:14:06 UTC 2025
https://rss.tedt.org/ai_rss_feed.xml	ai_rss_feed.xml	ai_rss_feed.xml	0560	0ba2a9ea87e017cf9dc710d1582b35187c6a2766	2025-11-23T01:05:00Z	historical/ai_rss_feed/0560_2025-11-23T01-05-00Z_0ba2a9ea87e0_ai_rss_feed.xml	ok_xml	Update RSS feeds and status report - Sun Nov 23 01:05:00 UTC 2025
https://rss.tedt.org/ai_rss_feed.xml	ai_rss_feed.xml	ai_rss_feed.xml	0561	a13adf8987ccab6fde220ac1c9cdaa138f6a3913	2025-11-23T08:16:13Z	historical/ai_rss_feed/0561_2025-11-23T08-16-13Z_a13adf8987cc_ai_rss_feed.xml	ok_xml	Update RSS feeds and status report - Sun Nov 23 08:16:13 UTC 2025
https://rss.tedt.org/ai_rss_feed.xml	ai_rss_feed.xml	ai_rss_feed.xml	0562	108c6aedfde2cbb8e143ea9770b4468d3345de1f	2025-11-23T16:14:27Z	historical/ai_rss_feed/0562_2025-11-23T16-14-27Z_108c6aedfde2_ai_rss_feed.xml	ok_xml	Update RSS feeds and status report - Sun Nov 23 16:14:27 UTC 2025
https://rss.tedt.org/ai_rss_feed.xml	ai_rss_feed.xml	ai_rss_feed.xml	0563	f198f7f2f5e7667fd7c0eee983ba57e3a1a0299c	2025-11-24T01:01:23Z	historical/ai_rss_feed/0563_2025-11-24T01-01-23Z_f198f7f2f5e7_ai_rss_feed.xml	ok_xml	Update RSS feeds and status report - Mon Nov 24 01:01:23 UTC 2025
https://rss.tedt.org/ai_rss_feed.xml	ai_rss_feed.xml	ai_rss_feed.xml	0564	d75cafd0fa2a41fff651b1d499690888ca280cf4	2025-11-24T08:19:18Z	historical/ai_rss_feed/0564_2025-11-24T08-19-18Z_d75cafd0fa2a_ai_rss_feed.xml	ok_xml	Update RSS feeds and status report - Mon Nov 24 08:19:18 UTC 2025
https://rss.tedt.org/ai_rss_feed.xml	ai_rss_feed.xml	ai_rss_feed.xml	0565	6f9ab905a0d6468f6f06eac5c1dc622abf19b375	2025-11-24T16:14:37Z	historical/ai_rss_feed/0565_2025-11-24T16-14-37Z_6f9ab905a0d6_ai_rss_feed.xml	ok_xml	Update RSS feeds and status report - Mon Nov 24 16:14:37 UTC 2025
https://rss.tedt.org/ai_rss_feed.xml	ai_rss_feed.xml	ai_rss_feed.xml	0566	f7ab93c02eb76a0d21bda00467b87db710a5beab	2025-11-25T00:57:10Z	historical/ai_rss_feed/0566_2025-11-25T00-57-10Z_f7ab93c02eb7_ai_rss_feed.xml	ok_xml	Update RSS feeds and status report - Tue Nov 25 00:57:10 UTC 2025
https://rss.tedt.org/ai_rss_feed.xml	ai_rss_feed.xml	ai_rss_feed.xml	0567	d98eb8220478081000e1c050029400d7b2d7ff99	2025-11-25T08:19:06Z	historical/ai_rss_feed/0567_2025-11-25T08-19-06Z_d98eb8220478_ai_rss_feed.xml	ok_xml	Update RSS feeds and status report - Tue Nov 25 08:19:06 UTC 2025
https://rss.tedt.org/ai_rss_feed.xml	ai_rss_feed.xml	ai_rss_feed.xml	0568	c21494163f1a1e99534e792b2a712b434bb44038	2025-11-25T16:17:10Z	historical/ai_rss_feed/0568_2025-11-25T16-17-10Z_c21494163f1a_ai_rss_feed.xml	ok_xml	Update RSS feeds and status report - Tue Nov 25 16:17:10 UTC 2025
https://rss.tedt.org/ai_rss_feed.xml	ai_rss_feed.xml	ai_rss_feed.xml	0569	2a5067554b2e5bc3156dc1a9298dfeea0a5fcfe4	2025-11-26T00:57:43Z	historical/ai_rss_feed/0569_2025-11-26T00-57-43Z_2a5067554b2e_ai_rss_feed.xml	ok_xml	Update RSS feeds and status report - Wed Nov 26 00:57:43 UTC 2025
https://rss.tedt.org/ai_rss_feed.xml	ai_rss_feed.xml	ai_rss_feed.xml	0570	70dddd5e78b83b4cd47b918b07ba93183febf527	2025-11-26T08:18:39Z	historical/ai_rss_feed/0570_2025-11-26T08-18-39Z_70dddd5e78b8_ai_rss_feed.xml	ok_xml	Update RSS feeds and status report - Wed Nov 26 08:18:39 UTC 2025
https://rss.tedt.org/ai_rss_feed.xml	ai_rss_feed.xml	ai_rss_feed.xml	0571	264ece3c45f3113367af3c637c4e70a7bd200215	2025-11-26T16:16:35Z	historical/ai_rss_feed/0571_2025-11-26T16-16-35Z_264ece3c45f3_ai_rss_feed.xml	ok_xml	Update RSS feeds and status report - Wed Nov 26 16:16:35 UTC 2025
https://rss.tedt.org/ai_rss_feed.xml	ai_rss_feed.xml	ai_rss_feed.xml	0572	27faae35eda50a5947e1f02ed02dbd648c15686f	2025-11-27T00:56:44Z	historical/ai_rss_feed/0572_2025-11-27T00-56-44Z_27faae35eda5_ai_rss_feed.xml	ok_xml	Update RSS feeds and status report - Thu Nov 27 00:56:44 UTC 2025
https://rss.tedt.org/ai_rss_feed.xml	ai_rss_feed.xml	ai_rss_feed.xml	0573	ea45f880fc11d0ce63e149741136629a3d185af3	2025-11-27T08:19:31Z	historical/ai_rss_feed/0573_2025-11-27T08-19-31Z_ea45f880fc11_ai_rss_feed.xml	ok_xml	Update RSS feeds and status report - Thu Nov 27 08:19:31 UTC 2025
https://rss.tedt.org/ai_rss_feed.xml	ai_rss_feed.xml	ai_rss_feed.xml	0574	e216f04c4e354a6a6a952acf61742a43a36c44b7	2025-11-27T16:16:13Z	historical/ai_rss_feed/0574_2025-11-27T16-16-13Z_e216f04c4e35_ai_rss_feed.xml	ok_xml	Update RSS feeds and status report - Thu Nov 27 16:16:13 UTC 2025
https://rss.tedt.org/ai_rss_feed.xml	ai_rss_feed.xml	ai_rss_feed.xml	0575	a9fd3371afaf5ca5651d11f08732080abf5122d0	2025-11-28T00:55:52Z	historical/ai_rss_feed/0575_2025-11-28T00-55-52Z_a9fd3371afaf_ai_rss_feed.xml	ok_xml	Update RSS feeds and status report - Fri Nov 28 00:55:52 UTC 2025
https://rss.tedt.org/ai_rss_feed.xml	ai_rss_feed.xml	ai_rss_feed.xml	0576	c80e5edeb66f69a57e47c11746a365f95fc63fd9	2025-11-28T08:18:51Z	historical/ai_rss_feed/0576_2025-11-28T08-18-51Z_c80e5edeb66f_ai_rss_feed.xml	ok_xml	Update RSS feeds and status report - Fri Nov 28 08:18:51 UTC 2025
https://rss.tedt.org/ai_rss_feed.xml	ai_rss_feed.xml	ai_rss_feed.xml	0577	d476c2da9a583811047b75169e7127e17fe0272c	2025-11-28T16:16:00Z	historical/ai_rss_feed/0577_2025-11-28T16-16-00Z_d476c2da9a58_ai_rss_feed.xml	ok_xml	Update RSS feeds and status report - Fri Nov 28 16:16:00 UTC 2025
https://rss.tedt.org/ai_rss_feed.xml	ai_rss_feed.xml	ai_rss_feed.xml	0578	5c65786097161da9aa6ae4e1912200185735b29d	2025-11-29T00:56:23Z	historical/ai_rss_feed/0578_2025-11-29T00-56-23Z_5c6578609716_ai_rss_feed.xml	ok_xml	Update RSS feeds and status report - Sat Nov 29 00:56:23 UTC 2025
https://rss.tedt.org/ai_rss_feed.xml	ai_rss_feed.xml	ai_rss_feed.xml	0579	6b8ddde73fb9acd1943bd65c311e6869d559aaf6	2025-11-29T08:16:48Z	historical/ai_rss_feed/0579_2025-11-29T08-16-48Z_6b8ddde73fb9_ai_rss_feed.xml	ok_xml	Update RSS feeds and status report - Sat Nov 29 08:16:48 UTC 2025
https://rss.tedt.org/ai_rss_feed.xml	ai_rss_feed.xml	ai_rss_feed.xml	0580	09a2b2113c6f2709db3bfb973c9712e7caf1399d	2025-11-29T16:14:34Z	historical/ai_rss_feed/0580_2025-11-29T16-14-34Z_09a2b2113c6f_ai_rss_feed.xml	ok_xml	Update RSS feeds and status report - Sat Nov 29 16:14:34 UTC 2025
https://rss.tedt.org/ai_rss_feed.xml	ai_rss_feed.xml	ai_rss_feed.xml	0581	5ab04593fe55a98ad1e9b3848200c9a752ffbe20	2025-11-30T01:04:58Z	historical/ai_rss_feed/0581_2025-11-30T01-04-58Z_5ab04593fe55_ai_rss_feed.xml	ok_xml	Update RSS feeds and status report - Sun Nov 30 01:04:58 UTC 2025
https://rss.tedt.org/ai_rss_feed.xml	ai_rss_feed.xml	ai_rss_feed.xml	0582	e04a54697388236985fe71b341d5e73a855fa3a7	2025-11-30T08:16:14Z	historical/ai_rss_feed/0582_2025-11-30T08-16-14Z_e04a54697388_ai_rss_feed.xml	ok_xml	Update RSS feeds and status report - Sun Nov 30 08:16:14 UTC 2025
https://rss.tedt.org/ai_rss_feed.xml	ai_rss_feed.xml	ai_rss_feed.xml	0583	cb7fed60d966f91709efd902d0afa402c9563de6	2025-11-30T16:14:34Z	historical/ai_rss_feed/0583_2025-11-30T16-14-34Z_cb7fed60d966_ai_rss_feed.xml	ok_xml	Update RSS feeds and status report - Sun Nov 30 16:14:34 UTC 2025
https://rss.tedt.org/ai_rss_feed.xml	ai_rss_feed.xml	ai_rss_feed.xml	0584	c88d13966570b5707295577502d88b96a66ea069	2025-12-01T01:09:09Z	historical/ai_rss_feed/0584_2025-12-01T01-09-09Z_c88d13966570_ai_rss_feed.xml	ok_xml	Update RSS feeds and status report - Mon Dec  1 01:09:09 UTC 2025
https://rss.tedt.org/ai_rss_feed.xml	ai_rss_feed.xml	ai_rss_feed.xml	0585	db129b9cd4149c9f5afb6bdfea9c1126ee90b152	2025-12-01T08:20:47Z	historical/ai_rss_feed/0585_2025-12-01T08-20-47Z_db129b9cd414_ai_rss_feed.xml	ok_xml	Update RSS feeds and status report - Mon Dec  1 08:20:47 UTC 2025
https://rss.tedt.org/ai_rss_feed.xml	ai_rss_feed.xml	ai_rss_feed.xml	0586	a1819762464b5434abd584c2f596adf5d34da937	2025-12-01T16:18:36Z	historical/ai_rss_feed/0586_2025-12-01T16-18-36Z_a1819762464b_ai_rss_feed.xml	ok_xml	Update RSS feeds and status report - Mon Dec  1 16:18:36 UTC 2025
https://rss.tedt.org/ai_rss_feed.xml	ai_rss_feed.xml	ai_rss_feed.xml	0587	f27a34e7f9323b335e6203a602fa48f98e785b57	2025-12-02T00:59:46Z	historical/ai_rss_feed/0587_2025-12-02T00-59-46Z_f27a34e7f932_ai_rss_feed.xml	ok_xml	Update RSS feeds and status report - Tue Dec  2 00:59:46 UTC 2025
https://rss.tedt.org/ai_rss_feed.xml	ai_rss_feed.xml	ai_rss_feed.xml	0588	b52d630484bbaec66876e5278cea56b2910ee13a	2025-12-02T08:19:40Z	historical/ai_rss_feed/0588_2025-12-02T08-19-40Z_b52d630484bb_ai_rss_feed.xml	ok_xml	Update RSS feeds and status report - Tue Dec  2 08:19:40 UTC 2025
https://rss.tedt.org/ai_rss_feed.xml	ai_rss_feed.xml	ai_rss_feed.xml	0589	d7b894ac6c346ed5b9c99ee28e5bf7ad591a7937	2025-12-02T16:18:08Z	historical/ai_rss_feed/0589_2025-12-02T16-18-08Z_d7b894ac6c34_ai_rss_feed.xml	ok_xml	Update RSS feeds and status report - Tue Dec  2 16:18:08 UTC 2025
https://rss.tedt.org/ai_rss_feed.xml	ai_rss_feed.xml	ai_rss_feed.xml	0590	4e31be837279a878ec710be332e8cbc84bfc70e7	2025-12-03T00:59:06Z	historical/ai_rss_feed/0590_2025-12-03T00-59-06Z_4e31be837279_ai_rss_feed.xml	ok_xml	Update RSS feeds and status report - Wed Dec  3 00:59:06 UTC 2025
https://rss.tedt.org/ai_rss_feed.xml	ai_rss_feed.xml	ai_rss_feed.xml	0591	71100e2f25240eb02f9cf22d5d754a4dd7bfef59	2025-12-03T08:19:18Z	historical/ai_rss_feed/0591_2025-12-03T08-19-18Z_71100e2f2524_ai_rss_feed.xml	ok_xml	Update RSS feeds and status report - Wed Dec  3 08:19:18 UTC 2025
https://rss.tedt.org/ai_rss_feed.xml	ai_rss_feed.xml	ai_rss_feed.xml	0592	95ee7b65700a4b4caee17b02465998a7ed53a2e6	2025-12-03T16:19:07Z	historical/ai_rss_feed/0592_2025-12-03T16-19-07Z_95ee7b65700a_ai_rss_feed.xml	ok_xml	Update RSS feeds and status report - Wed Dec  3 16:19:07 UTC 2025
https://rss.tedt.org/ai_rss_feed.xml	ai_rss_feed.xml	ai_rss_feed.xml	0593	93e02a17f1671f85f2330d5c736b41464370b029	2025-12-04T00:58:58Z	historical/ai_rss_feed/0593_2025-12-04T00-58-58Z_93e02a17f167_ai_rss_feed.xml	ok_xml	Update RSS feeds and status report - Thu Dec  4 00:58:58 UTC 2025
https://rss.tedt.org/ai_rss_feed.xml	ai_rss_feed.xml	ai_rss_feed.xml	0594	e8a07e7b10bcf0165fcb73e4c2cabd1fc673d76f	2025-12-04T08:19:46Z	historical/ai_rss_feed/0594_2025-12-04T08-19-46Z_e8a07e7b10bc_ai_rss_feed.xml	ok_xml	Update RSS feeds and status report - Thu Dec  4 08:19:46 UTC 2025
https://rss.tedt.org/ai_rss_feed.xml	ai_rss_feed.xml	ai_rss_feed.xml	0595	da7e16ec536ef125dba29317cda023ddd51a4cb1	2025-12-04T16:18:26Z	historical/ai_rss_feed/0595_2025-12-04T16-18-26Z_da7e16ec536e_ai_rss_feed.xml	ok_xml	Update RSS feeds and status report - Thu Dec  4 16:18:26 UTC 2025
https://rss.tedt.org/ai_rss_feed.xml	ai_rss_feed.xml	ai_rss_feed.xml	0596	b118cb548a49421b5023ec6ea4667031692d110a	2025-12-05T00:59:24Z	historical/ai_rss_feed/0596_2025-12-05T00-59-24Z_b118cb548a49_ai_rss_feed.xml	ok_xml	Update RSS feeds and status report - Fri Dec  5 00:59:24 UTC 2025
https://rss.tedt.org/ai_rss_feed.xml	ai_rss_feed.xml	ai_rss_feed.xml	0597	2e89bf32f7741ac4b0340b5c355a1755e9829373	2025-12-05T08:18:47Z	historical/ai_rss_feed/0597_2025-12-05T08-18-47Z_2e89bf32f774_ai_rss_feed.xml	ok_xml	Update RSS feeds and status report - Fri Dec  5 08:18:47 UTC 2025
https://rss.tedt.org/ai_rss_feed.xml	ai_rss_feed.xml	ai_rss_feed.xml	0598	a88f11e03628316717ffe020411b7d1aaa5b1bf5	2025-12-05T16:16:34Z	historical/ai_rss_feed/0598_2025-12-05T16-16-34Z_a88f11e03628_ai_rss_feed.xml	ok_xml	Update RSS feeds and status report - Fri Dec  5 16:16:34 UTC 2025
https://rss.tedt.org/ai_rss_feed.xml	ai_rss_feed.xml	ai_rss_feed.xml	0599	12911619bf77a976b5e974777b66f9904b604105	2025-12-06T00:56:22Z	historical/ai_rss_feed/0599_2025-12-06T00-56-22Z_12911619bf77_ai_rss_feed.xml	ok_xml	Update RSS feeds and status report - Sat Dec  6 00:56:22 UTC 2025
https://rss.tedt.org/ai_rss_feed.xml	ai_rss_feed.xml	ai_rss_feed.xml	0600	7200237df7476c23702a8ef0f2dfa5f72cb411c3	2025-12-06T08:16:22Z	historical/ai_rss_feed/0600_2025-12-06T08-16-22Z_7200237df747_ai_rss_feed.xml	ok_xml	Update RSS feeds and status report - Sat Dec  6 08:16:22 UTC 2025
https://rss.tedt.org/ai_rss_feed.xml	ai_rss_feed.xml	ai_rss_feed.xml	0601	602f1b35b0cded728e0fee96122833638887073e	2025-12-06T16:14:39Z	historical/ai_rss_feed/0601_2025-12-06T16-14-39Z_602f1b35b0cd_ai_rss_feed.xml	ok_xml	Update RSS feeds and status report - Sat Dec  6 16:14:39 UTC 2025
https://rss.tedt.org/ai_rss_feed.xml	ai_rss_feed.xml	ai_rss_feed.xml	0602	d2f15b7552f03a0a913500d5f00fb8261b5d596f	2025-12-07T01:04:47Z	historical/ai_rss_feed/0602_2025-12-07T01-04-47Z_d2f15b7552f0_ai_rss_feed.xml	ok_xml	Update RSS feeds and status report - Sun Dec  7 01:04:47 UTC 2025
https://rss.tedt.org/ai_rss_feed.xml	ai_rss_feed.xml	ai_rss_feed.xml	0603	79f563b12a050cfd78447b125651a6e2958c188d	2025-12-07T08:16:13Z	historical/ai_rss_feed/0603_2025-12-07T08-16-13Z_79f563b12a05_ai_rss_feed.xml	ok_xml	Update RSS feeds and status report - Sun Dec  7 08:16:13 UTC 2025
https://rss.tedt.org/ai_rss_feed.xml	ai_rss_feed.xml	ai_rss_feed.xml	0604	6ea78e9ab99ff5b0e4770684458ebcc0af1e6557	2025-12-07T16:14:20Z	historical/ai_rss_feed/0604_2025-12-07T16-14-20Z_6ea78e9ab99f_ai_rss_feed.xml	ok_xml	Update RSS feeds and status report - Sun Dec  7 16:14:20 UTC 2025
https://rss.tedt.org/ai_rss_feed.xml	ai_rss_feed.xml	ai_rss_feed.xml	0605	c4faf6763f2a9896bf6a081712a13c53c0107c79	2025-12-08T00:59:35Z	historical/ai_rss_feed/0605_2025-12-08T00-59-35Z_c4faf6763f2a_ai_rss_feed.xml	ok_xml	Update RSS feeds and status report - Mon Dec  8 00:59:35 UTC 2025
https://rss.tedt.org/ai_rss_feed.xml	ai_rss_feed.xml	ai_rss_feed.xml	0606	e4281981da2a7fcfc49c813ee40b2b2cd9e62d31	2025-12-08T08:21:07Z	historical/ai_rss_feed/0606_2025-12-08T08-21-07Z_e4281981da2a_ai_rss_feed.xml	ok_xml	Update RSS feeds and status report - Mon Dec  8 08:21:07 UTC 2025
https://rss.tedt.org/ai_rss_feed.xml	ai_rss_feed.xml	ai_rss_feed.xml	0607	37da3eba490399bac37d75a59bfb8d48e357f7ac	2025-12-08T16:17:53Z	historical/ai_rss_feed/0607_2025-12-08T16-17-53Z_37da3eba4903_ai_rss_feed.xml	ok_xml	Update RSS feeds and status report - Mon Dec  8 16:17:53 UTC 2025
https://rss.tedt.org/ai_rss_feed.xml	ai_rss_feed.xml	ai_rss_feed.xml	0608	fc3bd374a71341a3f3499b4376fb4ce9d6503ae5	2025-12-09T00:59:03Z	historical/ai_rss_feed/0608_2025-12-09T00-59-03Z_fc3bd374a713_ai_rss_feed.xml	ok_xml	Update RSS feeds and status report - Tue Dec  9 00:59:03 UTC 2025
https://rss.tedt.org/ai_rss_feed.xml	ai_rss_feed.xml	ai_rss_feed.xml	0609	d1e94f11c662c6ade674ac594f829fada0bf6aba	2025-12-09T08:19:45Z	historical/ai_rss_feed/0609_2025-12-09T08-19-45Z_d1e94f11c662_ai_rss_feed.xml	ok_xml	Update RSS feeds and status report - Tue Dec  9 08:19:45 UTC 2025
https://rss.tedt.org/ai_rss_feed.xml	ai_rss_feed.xml	ai_rss_feed.xml	0610	7109c86e9c8da8317fb1599c31d0813a20dcc547	2025-12-09T16:18:19Z	historical/ai_rss_feed/0610_2025-12-09T16-18-19Z_7109c86e9c8d_ai_rss_feed.xml	ok_xml	Update RSS feeds and status report - Tue Dec  9 16:18:19 UTC 2025
https://rss.tedt.org/ai_rss_feed.xml	ai_rss_feed.xml	ai_rss_feed.xml	0611	f193baaa269bc321d12a8d68ff138437271bda76	2025-12-10T01:00:43Z	historical/ai_rss_feed/0611_2025-12-10T01-00-43Z_f193baaa269b_ai_rss_feed.xml	ok_xml	Update RSS feeds and status report - Wed Dec 10 01:00:43 UTC 2025
https://rss.tedt.org/ai_rss_feed.xml	ai_rss_feed.xml	ai_rss_feed.xml	0612	058770e3118c6c07877c9d7791077e9d52f9ba9e	2025-12-10T08:19:26Z	historical/ai_rss_feed/0612_2025-12-10T08-19-26Z_058770e3118c_ai_rss_feed.xml	ok_xml	Update RSS feeds and status report - Wed Dec 10 08:19:26 UTC 2025
https://rss.tedt.org/ai_rss_feed.xml	ai_rss_feed.xml	ai_rss_feed.xml	0613	6e7a29e4b2b671adfe69bb7d735163aa9795a728	2025-12-10T16:19:47Z	historical/ai_rss_feed/0613_2025-12-10T16-19-47Z_6e7a29e4b2b6_ai_rss_feed.xml	ok_xml	Update RSS feeds and status report - Wed Dec 10 16:19:47 UTC 2025
https://rss.tedt.org/ai_rss_feed.xml	ai_rss_feed.xml	ai_rss_feed.xml	0614	354c26d4972cb693a21bfeaeafdf5f58bae20f86	2025-12-11T01:01:17Z	historical/ai_rss_feed/0614_2025-12-11T01-01-17Z_354c26d4972c_ai_rss_feed.xml	ok_xml	Update RSS feeds and status report - Thu Dec 11 01:01:17 UTC 2025
https://rss.tedt.org/ai_rss_feed.xml	ai_rss_feed.xml	ai_rss_feed.xml	0615	0bac2053b5abaef0c3dd3563b4a7d904fdfdabb9	2025-12-11T08:20:10Z	historical/ai_rss_feed/0615_2025-12-11T08-20-10Z_0bac2053b5ab_ai_rss_feed.xml	ok_xml	Update RSS feeds and status report - Thu Dec 11 08:20:10 UTC 2025
https://rss.tedt.org/ai_rss_feed.xml	ai_rss_feed.xml	ai_rss_feed.xml	0616	7b4d1eece6529642a59414f219b46f327a3881d4	2025-12-11T16:19:53Z	historical/ai_rss_feed/0616_2025-12-11T16-19-53Z_7b4d1eece652_ai_rss_feed.xml	ok_xml	Update RSS feeds and status report - Thu Dec 11 16:19:53 UTC 2025
https://rss.tedt.org/ai_rss_feed.xml	ai_rss_feed.xml	ai_rss_feed.xml	0617	c3111e63ea862191e38d6d495ab1ad36449ec47b	2025-12-12T01:00:58Z	historical/ai_rss_feed/0617_2025-12-12T01-00-58Z_c3111e63ea86_ai_rss_feed.xml	ok_xml	Update RSS feeds and status report - Fri Dec 12 01:00:58 UTC 2025
https://rss.tedt.org/ai_rss_feed.xml	ai_rss_feed.xml	ai_rss_feed.xml	0618	2263ee900eff6244f2cfcdda9a9768839cb89271	2025-12-12T08:19:35Z	historical/ai_rss_feed/0618_2025-12-12T08-19-35Z_2263ee900eff_ai_rss_feed.xml	ok_xml	Update RSS feeds and status report - Fri Dec 12 08:19:35 UTC 2025
https://rss.tedt.org/ai_rss_feed.xml	ai_rss_feed.xml	ai_rss_feed.xml	0619	dd8cae9609a802d57ce41f8a917394add8975aff	2025-12-12T16:16:03Z	historical/ai_rss_feed/0619_2025-12-12T16-16-03Z_dd8cae9609a8_ai_rss_feed.xml	ok_xml	Update RSS feeds and status report - Fri Dec 12 16:16:03 UTC 2025
https://rss.tedt.org/ai_rss_feed.xml	ai_rss_feed.xml	ai_rss_feed.xml	0620	2c6b1be93fc5dc3cd0154335823fa5e40ee3ad70	2025-12-13T00:57:14Z	historical/ai_rss_feed/0620_2025-12-13T00-57-14Z_2c6b1be93fc5_ai_rss_feed.xml	ok_xml	Update RSS feeds and status report - Sat Dec 13 00:57:14 UTC 2025
https://rss.tedt.org/ai_rss_feed.xml	ai_rss_feed.xml	ai_rss_feed.xml	0621	75bc14fad88fd07dfff00d1a66574cc94c177454	2025-12-13T08:16:52Z	historical/ai_rss_feed/0621_2025-12-13T08-16-52Z_75bc14fad88f_ai_rss_feed.xml	ok_xml	Update RSS feeds and status report - Sat Dec 13 08:16:52 UTC 2025
https://rss.tedt.org/ai_rss_feed.xml	ai_rss_feed.xml	ai_rss_feed.xml	0622	c0b67a545b04845ea22fa3decc01edf7065cdcec	2025-12-13T16:14:53Z	historical/ai_rss_feed/0622_2025-12-13T16-14-53Z_c0b67a545b04_ai_rss_feed.xml	ok_xml	Update RSS feeds and status report - Sat Dec 13 16:14:53 UTC 2025
https://rss.tedt.org/ai_rss_feed.xml	ai_rss_feed.xml	ai_rss_feed.xml	0623	c9e88ee6ef365846f3b0b4ec9c2a2d90ce044247	2025-12-14T01:05:03Z	historical/ai_rss_feed/0623_2025-12-14T01-05-03Z_c9e88ee6ef36_ai_rss_feed.xml	ok_xml	Update RSS feeds and status report - Sun Dec 14 01:05:03 UTC 2025
https://rss.tedt.org/ai_rss_feed.xml	ai_rss_feed.xml	ai_rss_feed.xml	0624	4bc02ad56ce4fc7a8a4d3895b7668888c9b9455c	2025-12-14T08:16:41Z	historical/ai_rss_feed/0624_2025-12-14T08-16-41Z_4bc02ad56ce4_ai_rss_feed.xml	ok_xml	Update RSS feeds and status report - Sun Dec 14 08:16:41 UTC 2025
https://rss.tedt.org/ai_rss_feed.xml	ai_rss_feed.xml	ai_rss_feed.xml	0625	b7d0c180db761cbb7f7589a60738d21d33b33f38	2025-12-14T16:14:38Z	historical/ai_rss_feed/0625_2025-12-14T16-14-38Z_b7d0c180db76_ai_rss_feed.xml	ok_xml	Update RSS feeds and status report - Sun Dec 14 16:14:38 UTC 2025
https://rss.tedt.org/ai_rss_feed.xml	ai_rss_feed.xml	ai_rss_feed.xml	0626	ff3518a31050f2e8492578e80cccef984b824022	2025-12-15T01:03:07Z	historical/ai_rss_feed/0626_2025-12-15T01-03-07Z_ff3518a31050_ai_rss_feed.xml	ok_xml	Update RSS feeds and status report - Mon Dec 15 01:03:07 UTC 2025
https://rss.tedt.org/ai_rss_feed.xml	ai_rss_feed.xml	ai_rss_feed.xml	0627	76265678a0fdc42b2f9b208b176d7edd1fe88580	2025-12-15T08:21:21Z	historical/ai_rss_feed/0627_2025-12-15T08-21-21Z_76265678a0fd_ai_rss_feed.xml	ok_xml	Update RSS feeds and status report - Mon Dec 15 08:21:21 UTC 2025
https://rss.tedt.org/ai_rss_feed.xml	ai_rss_feed.xml	ai_rss_feed.xml	0628	7de723fa680a7f544d6435d0be3705efc648ead4	2025-12-15T16:19:46Z	historical/ai_rss_feed/0628_2025-12-15T16-19-46Z_7de723fa680a_ai_rss_feed.xml	ok_xml	Update RSS feeds and status report - Mon Dec 15 16:19:46 UTC 2025
https://rss.tedt.org/ai_rss_feed.xml	ai_rss_feed.xml	ai_rss_feed.xml	0629	d128a08478d64ab384ffe3da24256e7a0f530d76	2025-12-16T01:01:02Z	historical/ai_rss_feed/0629_2025-12-16T01-01-02Z_d128a08478d6_ai_rss_feed.xml	ok_xml	Update RSS feeds and status report - Tue Dec 16 01:01:02 UTC 2025
https://rss.tedt.org/ai_rss_feed.xml	ai_rss_feed.xml	ai_rss_feed.xml	0630	8ab9f6ee27fba47bc0063ee3da0817f2e6c939e0	2025-12-16T08:19:46Z	historical/ai_rss_feed/0630_2025-12-16T08-19-46Z_8ab9f6ee27fb_ai_rss_feed.xml	ok_xml	Update RSS feeds and status report - Tue Dec 16 08:19:46 UTC 2025
https://rss.tedt.org/ai_rss_feed.xml	ai_rss_feed.xml	ai_rss_feed.xml	0631	c94a203f5d2e1572245694a8af46cc906e080561	2025-12-16T16:18:31Z	historical/ai_rss_feed/0631_2025-12-16T16-18-31Z_c94a203f5d2e_ai_rss_feed.xml	ok_xml	Update RSS feeds and status report - Tue Dec 16 16:18:31 UTC 2025
https://rss.tedt.org/ai_rss_feed.xml	ai_rss_feed.xml	ai_rss_feed.xml	0632	3829fb1a311fa5e2f1d1d3fa2a414306772a8d11	2025-12-17T00:56:51Z	historical/ai_rss_feed/0632_2025-12-17T00-56-51Z_3829fb1a311f_ai_rss_feed.xml	ok_xml	Update RSS feeds and status report - Wed Dec 17 00:56:51 UTC 2025
https://rss.tedt.org/ai_rss_feed.xml	ai_rss_feed.xml	ai_rss_feed.xml	0633	a94f728bc6083fcdef0294ade756a6c88b9b2dac	2025-12-17T08:19:58Z	historical/ai_rss_feed/0633_2025-12-17T08-19-58Z_a94f728bc608_ai_rss_feed.xml	ok_xml	Update RSS feeds and status report - Wed Dec 17 08:19:58 UTC 2025
https://rss.tedt.org/ai_rss_feed.xml	ai_rss_feed.xml	ai_rss_feed.xml	0634	069125f370d283f925047eea96f066041439de9a	2025-12-17T16:17:56Z	historical/ai_rss_feed/0634_2025-12-17T16-17-56Z_069125f370d2_ai_rss_feed.xml	ok_xml	Update RSS feeds and status report - Wed Dec 17 16:17:56 UTC 2025
https://rss.tedt.org/ai_rss_feed.xml	ai_rss_feed.xml	ai_rss_feed.xml	0635	c79f0397287ba198a8338146a6c1b4dc3a8981d2	2025-12-18T00:57:47Z	historical/ai_rss_feed/0635_2025-12-18T00-57-47Z_c79f0397287b_ai_rss_feed.xml	ok_xml	Update RSS feeds and status report - Thu Dec 18 00:57:47 UTC 2025
https://rss.tedt.org/ai_rss_feed.xml	ai_rss_feed.xml	ai_rss_feed.xml	0636	1c1af5d717f9fdd48eddc0787addfe9abbcc83f7	2025-12-18T08:19:27Z	historical/ai_rss_feed/0636_2025-12-18T08-19-27Z_1c1af5d717f9_ai_rss_feed.xml	ok_xml	Update RSS feeds and status report - Thu Dec 18 08:19:27 UTC 2025
https://rss.tedt.org/ai_rss_feed.xml	ai_rss_feed.xml	ai_rss_feed.xml	0637	99a21a2c8383be6e009eeef519f78d85029fad18	2025-12-18T16:18:48Z	historical/ai_rss_feed/0637_2025-12-18T16-18-48Z_99a21a2c8383_ai_rss_feed.xml	ok_xml	Update RSS feeds and status report - Thu Dec 18 16:18:48 UTC 2025
https://rss.tedt.org/ai_rss_feed.xml	ai_rss_feed.xml	ai_rss_feed.xml	0638	088ba258c432655a4aade9c6683d52c4a782529e	2025-12-19T01:00:32Z	historical/ai_rss_feed/0638_2025-12-19T01-00-32Z_088ba258c432_ai_rss_feed.xml	ok_xml	Update RSS feeds and status report - Fri Dec 19 01:00:32 UTC 2025
https://rss.tedt.org/ai_rss_feed.xml	ai_rss_feed.xml	ai_rss_feed.xml	0639	5e73fb8cb0434f94d0769bafdb1a45eea29adc36	2025-12-19T08:19:02Z	historical/ai_rss_feed/0639_2025-12-19T08-19-02Z_5e73fb8cb043_ai_rss_feed.xml	ok_xml	Update RSS feeds and status report - Fri Dec 19 08:19:02 UTC 2025
https://rss.tedt.org/ai_rss_feed.xml	ai_rss_feed.xml	ai_rss_feed.xml	0640	97b8e5acbf379609dd7a09fee374c0c36bbd8639	2025-12-19T16:16:14Z	historical/ai_rss_feed/0640_2025-12-19T16-16-14Z_97b8e5acbf37_ai_rss_feed.xml	ok_xml	Update RSS feeds and status report - Fri Dec 19 16:16:14 UTC 2025
https://rss.tedt.org/ai_rss_feed.xml	ai_rss_feed.xml	ai_rss_feed.xml	0641	5cab8a008a28b61b9ad6e3efd15d01cdc2b3dfe1	2025-12-20T00:57:12Z	historical/ai_rss_feed/0641_2025-12-20T00-57-12Z_5cab8a008a28_ai_rss_feed.xml	ok_xml	Update RSS feeds and status report - Sat Dec 20 00:57:12 UTC 2025
https://rss.tedt.org/ai_rss_feed.xml	ai_rss_feed.xml	ai_rss_feed.xml	0642	f94adaf6eded0de5f2a58804a63720f72b7050b3	2025-12-20T08:16:33Z	historical/ai_rss_feed/0642_2025-12-20T08-16-33Z_f94adaf6eded_ai_rss_feed.xml	ok_xml	Update RSS feeds and status report - Sat Dec 20 08:16:33 UTC 2025
https://rss.tedt.org/ai_rss_feed.xml	ai_rss_feed.xml	ai_rss_feed.xml	0643	7e7af43bc59e7a034873d1dd3f96667e01a4afb4	2025-12-20T16:14:46Z	historical/ai_rss_feed/0643_2025-12-20T16-14-46Z_7e7af43bc59e_ai_rss_feed.xml	ok_xml	Update RSS feeds and status report - Sat Dec 20 16:14:46 UTC 2025
https://rss.tedt.org/ai_rss_feed.xml	ai_rss_feed.xml	ai_rss_feed.xml	0644	fe5a74a5d9641a86dae017eb1ba1dc568d397002	2025-12-21T01:04:38Z	historical/ai_rss_feed/0644_2025-12-21T01-04-38Z_fe5a74a5d964_ai_rss_feed.xml	ok_xml	Update RSS feeds and status report - Sun Dec 21 01:04:38 UTC 2025
https://rss.tedt.org/ai_rss_feed.xml	ai_rss_feed.xml	ai_rss_feed.xml	0645	b9dacff31acc41ef2ad34770741e6725f7adfa3a	2025-12-21T08:16:54Z	historical/ai_rss_feed/0645_2025-12-21T08-16-54Z_b9dacff31acc_ai_rss_feed.xml	ok_xml	Update RSS feeds and status report - Sun Dec 21 08:16:54 UTC 2025
https://rss.tedt.org/ai_rss_feed.xml	ai_rss_feed.xml	ai_rss_feed.xml	0646	ed9722edec6743a13c89a14bc2846a4147d48aa0	2025-12-21T16:14:55Z	historical/ai_rss_feed/0646_2025-12-21T16-14-55Z_ed9722edec67_ai_rss_feed.xml	ok_xml	Update RSS feeds and status report - Sun Dec 21 16:14:55 UTC 2025
https://rss.tedt.org/ai_rss_feed.xml	ai_rss_feed.xml	ai_rss_feed.xml	0647	9064420edd7da582bb1a4386aa7f49b3ba11ce14	2025-12-22T01:03:32Z	historical/ai_rss_feed/0647_2025-12-22T01-03-32Z_9064420edd7d_ai_rss_feed.xml	ok_xml	Update RSS feeds and status report - Mon Dec 22 01:03:32 UTC 2025
https://rss.tedt.org/ai_rss_feed.xml	ai_rss_feed.xml	ai_rss_feed.xml	0648	4697d7eeaec85a6c4ea86bf8f77eace59d573182	2025-12-22T08:20:02Z	historical/ai_rss_feed/0648_2025-12-22T08-20-02Z_4697d7eeaec8_ai_rss_feed.xml	ok_xml	Update RSS feeds and status report - Mon Dec 22 08:20:02 UTC 2025
https://rss.tedt.org/ai_rss_feed.xml	ai_rss_feed.xml	ai_rss_feed.xml	0649	65b2d883f7c9ca441241315116832a6e705a38dd	2025-12-22T16:16:28Z	historical/ai_rss_feed/0649_2025-12-22T16-16-28Z_65b2d883f7c9_ai_rss_feed.xml	ok_xml	Update RSS feeds and status report - Mon Dec 22 16:16:27 UTC 2025
https://rss.tedt.org/ai_rss_feed.xml	ai_rss_feed.xml	ai_rss_feed.xml	0650	7408e12d5b548b37c967995bb5f52b1f04ec611d	2025-12-23T01:00:40Z	historical/ai_rss_feed/0650_2025-12-23T01-00-40Z_7408e12d5b54_ai_rss_feed.xml	ok_xml	Update RSS feeds and status report - Tue Dec 23 01:00:40 UTC 2025
https://rss.tedt.org/ai_rss_feed.xml	ai_rss_feed.xml	ai_rss_feed.xml	0651	caea50727bcec05b15ad5b40f67447954023b013	2025-12-23T08:19:44Z	historical/ai_rss_feed/0651_2025-12-23T08-19-44Z_caea50727bce_ai_rss_feed.xml	ok_xml	Update RSS feeds and status report - Tue Dec 23 08:19:44 UTC 2025
https://rss.tedt.org/ai_rss_feed.xml	ai_rss_feed.xml	ai_rss_feed.xml	0652	c98d371d229e59bbbb09defbc6218f08b5328ab8	2025-12-24T01:00:14Z	historical/ai_rss_feed/0652_2025-12-24T01-00-14Z_c98d371d229e_ai_rss_feed.xml	ok_xml	Update RSS feeds and status report - Wed Dec 24 01:00:14 UTC 2025
https://rss.tedt.org/ai_rss_feed.xml	ai_rss_feed.xml	ai_rss_feed.xml	0653	19318377dbc6065c3a7e82ba27191c3e8865f381	2025-12-24T08:19:08Z	historical/ai_rss_feed/0653_2025-12-24T08-19-08Z_19318377dbc6_ai_rss_feed.xml	ok_xml	Update RSS feeds and status report - Wed Dec 24 08:19:08 UTC 2025
https://rss.tedt.org/ai_rss_feed.xml	ai_rss_feed.xml	ai_rss_feed.xml	0654	e73a6dacf484fc62a009f7574f486feb3c871745	2025-12-24T16:16:20Z	historical/ai_rss_feed/0654_2025-12-24T16-16-20Z_e73a6dacf484_ai_rss_feed.xml	ok_xml	Update RSS feeds and status report - Wed Dec 24 16:16:20 UTC 2025
https://rss.tedt.org/ai_rss_feed.xml	ai_rss_feed.xml	ai_rss_feed.xml	0655	cf272344568a938c185ccd27b0826276995ddbc6	2025-12-25T01:00:21Z	historical/ai_rss_feed/0655_2025-12-25T01-00-21Z_cf272344568a_ai_rss_feed.xml	ok_xml	Update RSS feeds and status report - Thu Dec 25 01:00:21 UTC 2025
https://rss.tedt.org/ai_rss_feed.xml	ai_rss_feed.xml	ai_rss_feed.xml	0656	cc06b505b19fce6b73bc41a6bee41af47bcf5363	2025-12-25T08:18:41Z	historical/ai_rss_feed/0656_2025-12-25T08-18-41Z_cc06b505b19f_ai_rss_feed.xml	ok_xml	Update RSS feeds and status report - Thu Dec 25 08:18:41 UTC 2025
https://rss.tedt.org/ai_rss_feed.xml	ai_rss_feed.xml	ai_rss_feed.xml	0657	313c1e41ab060034ecf4876abae74c3f8801b169	2025-12-25T16:15:56Z	historical/ai_rss_feed/0657_2025-12-25T16-15-56Z_313c1e41ab06_ai_rss_feed.xml	ok_xml	Update RSS feeds and status report - Thu Dec 25 16:15:56 UTC 2025
https://rss.tedt.org/ai_rss_feed.xml	ai_rss_feed.xml	ai_rss_feed.xml	0658	ab2d914806db8fe6594497f8a49d976116c18cba	2025-12-26T01:00:38Z	historical/ai_rss_feed/0658_2025-12-26T01-00-38Z_ab2d914806db_ai_rss_feed.xml	ok_xml	Update RSS feeds and status report - Fri Dec 26 01:00:38 UTC 2025
https://rss.tedt.org/ai_rss_feed.xml	ai_rss_feed.xml	ai_rss_feed.xml	0659	805716a48763678481e902e164c4762a9cdb58b8	2025-12-26T08:18:21Z	historical/ai_rss_feed/0659_2025-12-26T08-18-21Z_805716a48763_ai_rss_feed.xml	ok_xml	Update RSS feeds and status report - Fri Dec 26 08:18:21 UTC 2025
https://rss.tedt.org/ai_rss_feed.xml	ai_rss_feed.xml	ai_rss_feed.xml	0660	014abfd08bdb87f1a426965ae5cd4024e97774e1	2025-12-26T16:15:23Z	historical/ai_rss_feed/0660_2025-12-26T16-15-23Z_014abfd08bdb_ai_rss_feed.xml	ok_xml	Update RSS feeds and status report - Fri Dec 26 16:15:23 UTC 2025
https://rss.tedt.org/ai_rss_feed.xml	ai_rss_feed.xml	ai_rss_feed.xml	0661	dc0a80f3ab23cd3aaeb825dfd0e745c17ee17f1e	2025-12-27T00:59:17Z	historical/ai_rss_feed/0661_2025-12-27T00-59-17Z_dc0a80f3ab23_ai_rss_feed.xml	ok_xml	Update RSS feeds and status report - Sat Dec 27 00:59:17 UTC 2025
https://rss.tedt.org/ai_rss_feed.xml	ai_rss_feed.xml	ai_rss_feed.xml	0662	9c6a47818e62d86959db44c51a6a08809b2761e9	2025-12-27T08:17:07Z	historical/ai_rss_feed/0662_2025-12-27T08-17-07Z_9c6a47818e62_ai_rss_feed.xml	ok_xml	Update RSS feeds and status report - Sat Dec 27 08:17:07 UTC 2025
https://rss.tedt.org/ai_rss_feed.xml	ai_rss_feed.xml	ai_rss_feed.xml	0663	59c07d2179245f8fcbe712c6d2cd882accddc293	2025-12-27T16:14:49Z	historical/ai_rss_feed/0663_2025-12-27T16-14-49Z_59c07d217924_ai_rss_feed.xml	ok_xml	Update RSS feeds and status report - Sat Dec 27 16:14:49 UTC 2025
https://rss.tedt.org/ai_rss_feed.xml	ai_rss_feed.xml	ai_rss_feed.xml	0664	807b4ad6280c5dbd69121a5d723c3b0769f6a4f3	2025-12-28T01:07:59Z	historical/ai_rss_feed/0664_2025-12-28T01-07-59Z_807b4ad6280c_ai_rss_feed.xml	ok_xml	Update RSS feeds and status report - Sun Dec 28 01:07:59 UTC 2025
https://rss.tedt.org/ai_rss_feed.xml	ai_rss_feed.xml	ai_rss_feed.xml	0665	1a9c8b8aded4a26e7dcf12ad29056468ca15c5e7	2025-12-28T08:17:23Z	historical/ai_rss_feed/0665_2025-12-28T08-17-23Z_1a9c8b8aded4_ai_rss_feed.xml	ok_xml	Update RSS feeds and status report - Sun Dec 28 08:17:23 UTC 2025
https://rss.tedt.org/ai_rss_feed.xml	ai_rss_feed.xml	ai_rss_feed.xml	0666	437a1ab17a6c3bd649d68f324f1b2f26ff3d67f6	2025-12-28T16:15:24Z	historical/ai_rss_feed/0666_2025-12-28T16-15-24Z_437a1ab17a6c_ai_rss_feed.xml	ok_xml	Update RSS feeds and status report - Sun Dec 28 16:15:24 UTC 2025
https://rss.tedt.org/ai_rss_feed.xml	ai_rss_feed.xml	ai_rss_feed.xml	0667	49420eaa22c2c15257dc81fa928f1962570c7977	2025-12-29T01:06:00Z	historical/ai_rss_feed/0667_2025-12-29T01-06-00Z_49420eaa22c2_ai_rss_feed.xml	ok_xml	Update RSS feeds and status report - Mon Dec 29 01:06:00 UTC 2025
https://rss.tedt.org/ai_rss_feed.xml	ai_rss_feed.xml	ai_rss_feed.xml	0668	2f8bb0b54762abd2e58316fd786d6a33f3e1e1bf	2025-12-29T08:20:44Z	historical/ai_rss_feed/0668_2025-12-29T08-20-44Z_2f8bb0b54762_ai_rss_feed.xml	ok_xml	Update RSS feeds and status report - Mon Dec 29 08:20:44 UTC 2025
https://rss.tedt.org/ai_rss_feed.xml	ai_rss_feed.xml	ai_rss_feed.xml	0669	4ab5bd9fb2392ced750ab75e6db6fcfeed5b7a92	2025-12-29T19:59:37Z	historical/ai_rss_feed/0669_2025-12-29T19-59-37Z_4ab5bd9fb239_ai_rss_feed.xml	ok_xml	Update RSS feeds and status report - Mon Dec 29 19:59:37 UTC 2025
https://rss.tedt.org/ai_rss_feed.xml	ai_rss_feed.xml	ai_rss_feed.xml	0670	d4b68fc402a058565d8def7c2d8052028eed38b2	2025-12-30T01:01:12Z	historical/ai_rss_feed/0670_2025-12-30T01-01-12Z_d4b68fc402a0_ai_rss_feed.xml	ok_xml	Update RSS feeds and status report - Tue Dec 30 01:01:12 UTC 2025
https://rss.tedt.org/ai_rss_feed.xml	ai_rss_feed.xml	ai_rss_feed.xml	0671	5f7d3be94ebb19f73ddd3c7be76f492a921e182d	2025-12-30T08:19:11Z	historical/ai_rss_feed/0671_2025-12-30T08-19-11Z_5f7d3be94ebb_ai_rss_feed.xml	ok_xml	Update RSS feeds and status report - Tue Dec 30 08:19:11 UTC 2025
https://rss.tedt.org/ai_rss_feed.xml	ai_rss_feed.xml	ai_rss_feed.xml	0672	bd05e25227c7a0bbf5b61c07c5e4b04ed1a90f7d	2025-12-30T16:16:54Z	historical/ai_rss_feed/0672_2025-12-30T16-16-54Z_bd05e25227c7_ai_rss_feed.xml	ok_xml	Update RSS feeds and status report - Tue Dec 30 16:16:54 UTC 2025
https://rss.tedt.org/ai_rss_feed.xml	ai_rss_feed.xml	ai_rss_feed.xml	0673	7b9e5b5401974e7d62a6d87fc846c4fbf0029af8	2025-12-31T01:02:06Z	historical/ai_rss_feed/0673_2025-12-31T01-02-06Z_7b9e5b540197_ai_rss_feed.xml	ok_xml	Update RSS feeds and status report - Wed Dec 31 01:02:06 UTC 2025
https://rss.tedt.org/ai_rss_feed.xml	ai_rss_feed.xml	ai_rss_feed.xml	0674	6db8e520813e2ffbf88b59c0ddfec46c2ff8acdf	2025-12-30T22:15:46-08:00	historical/ai_rss_feed/0674_2025-12-30T22-15-46-08-00_6db8e520813e_ai_rss_feed.xml	ok_xml	Normalize text in RSS feed and scraper to fix encoding issues and improve character handling
https://rss.tedt.org/ai_rss_feed.xml	ai_rss_feed.xml	ai_rss_feed.xml	0675	8fb0b315fbbbdd9a8cb2cb7f8bc027ba24abf764	2025-12-30T22:40:39-08:00	historical/ai_rss_feed/0675_2025-12-30T22-40-39-08-00_8fb0b315fbbb_ai_rss_feed.xml	ok_xml	Add AI news RSS feed with extensive articles and insights for 2025
https://rss.tedt.org/ai_rss_feed.xml	ai_rss_feed.xml	ai_rss_feed.xml	0676	0e2a64fb7c586d047d8edcccab628eb8491a407a	2025-12-30T23:06:20-08:00	historical/ai_rss_feed/0676_2025-12-30T23-06-20-08-00_0e2a64fb7c58_ai_rss_feed.xml	ok_xml	Enhance styling and structure of RSS feeds with improved CSS variables, update timestamps, and refine feed generation for better compatibility with multiple formats.
https://rss.tedt.org/ai_rss_feed.xml	ai_rss_feed.xml	ai_rss_feed.xml	0677	f22f3ce175c7271160b53b47d8fe0d60c78e272e	2025-12-31T07:38:48-08:00	historical/ai_rss_feed/0677_2025-12-31T07-38-48-08-00_f22f3ce175c7_ai_rss_feed.xml	ok_xml	Update AI RSS feed and related components for improved content and structure
https://rss.tedt.org/ai_rss_feed.xml	ai_rss_feed.xml	ai_rss_feed.xml	0678	a17e973c82f93f9f167ecfe7aa5ef25fabfe4a18	2025-12-31T16:16:49Z	historical/ai_rss_feed/0678_2025-12-31T16-16-49Z_a17e973c82f9_ai_rss_feed.xml	ok_xml	Update RSS feeds and status report - Wed Dec 31 16:16:49 UTC 2025
https://rss.tedt.org/ai_rss_feed.xml	ai_rss_feed.xml	ai_rss_feed.xml	0679	cb3dabb1eeeabde31f5b1722392bf397867e0632	2026-01-01T01:08:15Z	historical/ai_rss_feed/0679_2026-01-01T01-08-15Z_cb3dabb1eeea_ai_rss_feed.xml	ok_xml	Update RSS feeds and status report - Thu Jan  1 01:08:15 UTC 2026
https://rss.tedt.org/ai_rss_feed.xml	ai_rss_feed.xml	ai_rss_feed.xml	0680	f60a0e123daaa9cdf265ea580ed59b691d7e5daa	2026-01-01T08:18:59Z	historical/ai_rss_feed/0680_2026-01-01T08-18-59Z_f60a0e123daa_ai_rss_feed.xml	ok_xml	Update RSS feeds and status report - Thu Jan  1 08:18:59 UTC 2026
https://rss.tedt.org/ai_rss_feed.xml	ai_rss_feed.xml	ai_rss_feed.xml	0681	41950315688dfc180e3a95cfb12335d0582df452	2026-01-01T16:16:39Z	historical/ai_rss_feed/0681_2026-01-01T16-16-39Z_41950315688d_ai_rss_feed.xml	ok_xml	Update RSS feeds and status report - Thu Jan  1 16:16:39 UTC 2026
https://rss.tedt.org/ai_rss_feed.xml	ai_rss_feed.xml	ai_rss_feed.xml	0682	2cad5c1746d80da75d4f2f90e815110c789072c2	2026-01-02T01:02:10Z	historical/ai_rss_feed/0682_2026-01-02T01-02-10Z_2cad5c1746d8_ai_rss_feed.xml	ok_xml	Update RSS feeds and status report - Fri Jan  2 01:02:10 UTC 2026
https://rss.tedt.org/ai_rss_feed.xml	ai_rss_feed.xml	ai_rss_feed.xml	0683	38ef0862ae721ea91f8d7012065a72c0fecdc14c	2026-01-02T08:19:59Z	historical/ai_rss_feed/0683_2026-01-02T08-19-59Z_38ef0862ae72_ai_rss_feed.xml	ok_xml	Update RSS feeds and status report - Fri Jan  2 08:19:59 UTC 2026
https://rss.tedt.org/ai_rss_feed.xml	ai_rss_feed.xml	ai_rss_feed.xml	0684	eead0edcf4cda95d00c09cce1975a9887ae4f4fd	2026-01-02T16:15:55Z	historical/ai_rss_feed/0684_2026-01-02T16-15-55Z_eead0edcf4cd_ai_rss_feed.xml	ok_xml	Update RSS feeds and status report - Fri Jan  2 16:15:55 UTC 2026
https://rss.tedt.org/ai_rss_feed.xml	ai_rss_feed.xml	ai_rss_feed.xml	0685	f82425305a66a6f29bd57995949b107bfb1c9c43	2026-01-03T00:58:29Z	historical/ai_rss_feed/0685_2026-01-03T00-58-29Z_f82425305a66_ai_rss_feed.xml	ok_xml	Update RSS feeds and status report - Sat Jan  3 00:58:29 UTC 2026
https://rss.tedt.org/ai_rss_feed.xml	ai_rss_feed.xml	ai_rss_feed.xml	0686	d22e6f0b59faa4b11237d21cf55991c5e5d28a7e	2026-01-03T08:17:19Z	historical/ai_rss_feed/0686_2026-01-03T08-17-19Z_d22e6f0b59fa_ai_rss_feed.xml	ok_xml	Update RSS feeds and status report - Sat Jan  3 08:17:19 UTC 2026
https://rss.tedt.org/ai_rss_feed.xml	ai_rss_feed.xml	ai_rss_feed.xml	0687	148e85284ff5c0003428a3762553c0874ea4d8d8	2026-01-03T16:15:42Z	historical/ai_rss_feed/0687_2026-01-03T16-15-42Z_148e85284ff5_ai_rss_feed.xml	ok_xml	Update RSS feeds and status report - Sat Jan  3 16:15:42 UTC 2026
https://rss.tedt.org/ai_rss_feed.xml	ai_rss_feed.xml	ai_rss_feed.xml	0688	bb79104b2c3ed3d1a7f2d0ce173958093f40ec8e	2026-01-04T01:08:35Z	historical/ai_rss_feed/0688_2026-01-04T01-08-35Z_bb79104b2c3e_ai_rss_feed.xml	ok_xml	Update RSS feeds and status report - Sun Jan  4 01:08:35 UTC 2026
https://rss.tedt.org/ai_rss_feed.xml	ai_rss_feed.xml	ai_rss_feed.xml	0689	f9147eae062a708ec4ca435234677b94a8ca51a1	2026-01-04T08:17:40Z	historical/ai_rss_feed/0689_2026-01-04T08-17-40Z_f9147eae062a_ai_rss_feed.xml	ok_xml	Update RSS feeds and status report - Sun Jan  4 08:17:40 UTC 2026
https://rss.tedt.org/ai_rss_feed.xml	ai_rss_feed.xml	ai_rss_feed.xml	0690	c2175004a5eee14e4315ed2e38eedb01108e292c	2026-01-04T16:15:15Z	historical/ai_rss_feed/0690_2026-01-04T16-15-15Z_c2175004a5ee_ai_rss_feed.xml	ok_xml	Update RSS feeds and status report - Sun Jan  4 16:15:15 UTC 2026
https://rss.tedt.org/ai_rss_feed.xml	ai_rss_feed.xml	ai_rss_feed.xml	0691	cb8921a57fe87aa702cd32c5ba603e7e1ea18230	2026-01-05T01:07:45Z	historical/ai_rss_feed/0691_2026-01-05T01-07-45Z_cb8921a57fe8_ai_rss_feed.xml	ok_xml	Update RSS feeds and status report - Mon Jan  5 01:07:45 UTC 2026
https://rss.tedt.org/ai_rss_feed.xml	ai_rss_feed.xml	ai_rss_feed.xml	0692	8cb00af8de1ed061fd1c6493c688a8e2838d9b02	2026-01-05T08:21:42Z	historical/ai_rss_feed/0692_2026-01-05T08-21-42Z_8cb00af8de1e_ai_rss_feed.xml	ok_xml	Update RSS feeds and status report - Mon Jan  5 08:21:42 UTC 2026
https://rss.tedt.org/ai_rss_feed.xml	ai_rss_feed.xml	ai_rss_feed.xml	0693	4e67519744c2702a6868a496e7dda3da501b9701	2026-01-05T16:18:57Z	historical/ai_rss_feed/0693_2026-01-05T16-18-57Z_4e67519744c2_ai_rss_feed.xml	ok_xml	Update RSS feeds and status report - Mon Jan  5 16:18:57 UTC 2026
https://rss.tedt.org/ai_rss_feed.xml	ai_rss_feed.xml	ai_rss_feed.xml	0694	e48bb734fa99d505b6b1b6f8372038de42863d86	2026-01-06T01:02:29Z	historical/ai_rss_feed/0694_2026-01-06T01-02-29Z_e48bb734fa99_ai_rss_feed.xml	ok_xml	Update RSS feeds and status report - Tue Jan  6 01:02:29 UTC 2026
https://rss.tedt.org/ai_rss_feed.xml	ai_rss_feed.xml	ai_rss_feed.xml	0695	95534eff02d9ee0205b197396edbdd5073e0b614	2026-01-06T08:20:14Z	historical/ai_rss_feed/0695_2026-01-06T08-20-14Z_95534eff02d9_ai_rss_feed.xml	ok_xml	Update RSS feeds and status report - Tue Jan  6 08:20:14 UTC 2026
https://rss.tedt.org/ai_rss_feed.xml	ai_rss_feed.xml	ai_rss_feed.xml	0696	65563f588d682dd45d5b406ff79dbc8f504906e0	2026-01-06T16:17:57Z	historical/ai_rss_feed/0696_2026-01-06T16-17-57Z_65563f588d68_ai_rss_feed.xml	ok_xml	Update RSS feeds and status report - Tue Jan  6 16:17:57 UTC 2026
https://rss.tedt.org/ai_rss_feed.xml	ai_rss_feed.xml	ai_rss_feed.xml	0697	a342c3b30e3be1f0f7e0561da243c6aa9a58e1b9	2026-01-07T01:02:25Z	historical/ai_rss_feed/0697_2026-01-07T01-02-25Z_a342c3b30e3b_ai_rss_feed.xml	ok_xml	Update RSS feeds and status report - Wed Jan  7 01:02:25 UTC 2026
https://rss.tedt.org/ai_rss_feed.xml	ai_rss_feed.xml	ai_rss_feed.xml	0698	36f75d3d6a2ae876e209f243cea9598a18ea9d05	2026-01-07T08:20:11Z	historical/ai_rss_feed/0698_2026-01-07T08-20-11Z_36f75d3d6a2a_ai_rss_feed.xml	ok_xml	Update RSS feeds and status report - Wed Jan  7 08:20:11 UTC 2026
https://rss.tedt.org/ai_rss_feed.xml	ai_rss_feed.xml	ai_rss_feed.xml	0699	a7312a844f55d06b959b1814307a7667012e59c2	2026-01-07T16:20:05Z	historical/ai_rss_feed/0699_2026-01-07T16-20-05Z_a7312a844f55_ai_rss_feed.xml	ok_xml	Update RSS feeds and status report - Wed Jan  7 16:20:05 UTC 2026
https://rss.tedt.org/ai_rss_feed.xml	ai_rss_feed.xml	ai_rss_feed.xml	0700	0d64ce905bc1caa235fd6429132e5b309f17864e	2026-01-08T01:02:24Z	historical/ai_rss_feed/0700_2026-01-08T01-02-24Z_0d64ce905bc1_ai_rss_feed.xml	ok_xml	Update RSS feeds and status report - Thu Jan  8 01:02:24 UTC 2026
https://rss.tedt.org/ai_rss_feed.xml	ai_rss_feed.xml	ai_rss_feed.xml	0701	348a356b5832a1e1ae41d51f3faa9ec9682754bc	2026-01-08T08:20:15Z	historical/ai_rss_feed/0701_2026-01-08T08-20-15Z_348a356b5832_ai_rss_feed.xml	ok_xml	Update RSS feeds and status report - Thu Jan  8 08:20:15 UTC 2026
https://rss.tedt.org/ai_rss_feed.xml	ai_rss_feed.xml	ai_rss_feed.xml	0702	0e65efbce4b96707f3952898e4b9f0bb0d95ef9d	2026-01-08T16:18:54Z	historical/ai_rss_feed/0702_2026-01-08T16-18-54Z_0e65efbce4b9_ai_rss_feed.xml	ok_xml	Update RSS feeds and status report - Thu Jan  8 16:18:54 UTC 2026
https://rss.tedt.org/ai_rss_feed.xml	ai_rss_feed.xml	ai_rss_feed.xml	0703	d05872fbddb2f05856afe64ed14256d2ba0fba0e	2026-01-09T01:02:37Z	historical/ai_rss_feed/0703_2026-01-09T01-02-37Z_d05872fbddb2_ai_rss_feed.xml	ok_xml	Update RSS feeds and status report - Fri Jan  9 01:02:37 UTC 2026
https://rss.tedt.org/ai_rss_feed.xml	ai_rss_feed.xml	ai_rss_feed.xml	0704	36518efc9e3d913fca63dd3a241b76a1bb564c4f	2026-01-09T08:19:55Z	historical/ai_rss_feed/0704_2026-01-09T08-19-55Z_36518efc9e3d_ai_rss_feed.xml	ok_xml	Update RSS feeds and status report - Fri Jan  9 08:19:55 UTC 2026
https://rss.tedt.org/ai_rss_feed.xml	ai_rss_feed.xml	ai_rss_feed.xml	0705	b6327bec0c60b2b8b00cb1685b66d8fbb0c44f68	2026-01-09T16:17:26Z	historical/ai_rss_feed/0705_2026-01-09T16-17-26Z_b6327bec0c60_ai_rss_feed.xml	ok_xml	Update RSS feeds and status report - Fri Jan  9 16:17:26 UTC 2026
https://rss.tedt.org/ai_rss_feed.xml	ai_rss_feed.xml	ai_rss_feed.xml	0706	f6cce7d947621057f4eb456ff7b70908dfb99aab	2026-01-10T01:00:45Z	historical/ai_rss_feed/0706_2026-01-10T01-00-45Z_f6cce7d94762_ai_rss_feed.xml	ok_xml	Update RSS feeds and status report - Sat Jan 10 01:00:45 UTC 2026
https://rss.tedt.org/ai_rss_feed.xml	ai_rss_feed.xml	ai_rss_feed.xml	0707	2291a1a1b2320cbc6cdc41733d45fffabeb7d23f	2026-01-10T08:17:20Z	historical/ai_rss_feed/0707_2026-01-10T08-17-20Z_2291a1a1b232_ai_rss_feed.xml	ok_xml	Update RSS feeds and status report - Sat Jan 10 08:17:20 UTC 2026
https://rss.tedt.org/ai_rss_feed.xml	ai_rss_feed.xml	ai_rss_feed.xml	0708	c2e4385fbeda1f2303c20d606c4b012454e3c8b1	2026-01-10T16:15:10Z	historical/ai_rss_feed/0708_2026-01-10T16-15-10Z_c2e4385fbeda_ai_rss_feed.xml	ok_xml	Update RSS feeds and status report - Sat Jan 10 16:15:10 UTC 2026
https://rss.tedt.org/ai_rss_feed.xml	ai_rss_feed.xml	ai_rss_feed.xml	0709	cd3f9b00c295bff40fcbfcaf93ac2b533681c987	2026-01-11T01:08:26Z	historical/ai_rss_feed/0709_2026-01-11T01-08-26Z_cd3f9b00c295_ai_rss_feed.xml	ok_xml	Update RSS feeds and status report - Sun Jan 11 01:08:26 UTC 2026
https://rss.tedt.org/ai_rss_feed.xml	ai_rss_feed.xml	ai_rss_feed.xml	0710	1102a911898067e88f81fb58bfa7220c1bf59445	2026-01-11T08:17:29Z	historical/ai_rss_feed/0710_2026-01-11T08-17-29Z_1102a9118980_ai_rss_feed.xml	ok_xml	Update RSS feeds and status report - Sun Jan 11 08:17:29 UTC 2026
https://rss.tedt.org/ai_rss_feed.xml	ai_rss_feed.xml	ai_rss_feed.xml	0711	9019c3d8e0e77b9df47b811d6bdafac6fe3d04aa	2026-01-11T16:15:16Z	historical/ai_rss_feed/0711_2026-01-11T16-15-16Z_9019c3d8e0e7_ai_rss_feed.xml	ok_xml	Update RSS feeds and status report - Sun Jan 11 16:15:16 UTC 2026
https://rss.tedt.org/ai_rss_feed.xml	ai_rss_feed.xml	ai_rss_feed.xml	0712	9cb67842ecc8381ac35f13e774400f9961f14dae	2026-01-11T10:55:33-08:00	historical/ai_rss_feed/0712_2026-01-11T10-55-33-08-00_9cb67842ecc8_ai_rss_feed.xml	ok_xml	Update AI RSS feed with new articles and adjust timestamps
https://rss.tedt.org/ai_rss_feed.xml	ai_rss_feed.xml	ai_rss_feed.xml	0713	88b05ccf46582a9b2105c371116e294d6248e0db	2026-01-12T01:05:39Z	historical/ai_rss_feed/0713_2026-01-12T01-05-39Z_88b05ccf4658_ai_rss_feed.xml	ok_xml	Update RSS feeds and status report - Mon Jan 12 01:05:39 UTC 2026
https://rss.tedt.org/ai_rss_feed.xml	ai_rss_feed.xml	ai_rss_feed.xml	0714	f72189af17b3b4c21c654283cf300eca24475295	2026-01-12T08:21:38Z	historical/ai_rss_feed/0714_2026-01-12T08-21-38Z_f72189af17b3_ai_rss_feed.xml	ok_xml	Update RSS feeds and status report - Mon Jan 12 08:21:38 UTC 2026
https://rss.tedt.org/ai_rss_feed.xml	ai_rss_feed.xml	ai_rss_feed.xml	0715	5035ca96f94dc754346835a5c3f1887f7cf956d9	2026-01-12T16:18:54Z	historical/ai_rss_feed/0715_2026-01-12T16-18-54Z_5035ca96f94d_ai_rss_feed.xml	ok_xml	Update RSS feeds and status report - Mon Jan 12 16:18:54 UTC 2026
https://rss.tedt.org/ai_rss_feed.xml	ai_rss_feed.xml	ai_rss_feed.xml	0716	9239166a63d83994c2469a3a147b8b4add3d89b0	2026-01-13T00:58:47Z	historical/ai_rss_feed/0716_2026-01-13T00-58-47Z_9239166a63d8_ai_rss_feed.xml	ok_xml	Update RSS feeds and status report - Tue Jan 13 00:58:47 UTC 2026
https://rss.tedt.org/ai_rss_feed.xml	ai_rss_feed.xml	ai_rss_feed.xml	0717	aef8a9d3251cba31fa1494622407d7f2dc0c522f	2026-01-13T08:20:02Z	historical/ai_rss_feed/0717_2026-01-13T08-20-02Z_aef8a9d3251c_ai_rss_feed.xml	ok_xml	Update RSS feeds and status report - Tue Jan 13 08:20:02 UTC 2026
https://rss.tedt.org/ai_rss_feed.xml	ai_rss_feed.xml	ai_rss_feed.xml	0718	fde7725f31c07d2153edc2fbbd6f117385f6ffe3	2026-01-13T16:21:25Z	historical/ai_rss_feed/0718_2026-01-13T16-21-25Z_fde7725f31c0_ai_rss_feed.xml	ok_xml	Update RSS feeds and status report - Tue Jan 13 16:21:25 UTC 2026
https://rss.tedt.org/ai_rss_feed.xml	ai_rss_feed.xml	ai_rss_feed.xml	0719	b6f71a3b6725f18bca781f3f3173a25e17523195	2026-01-14T01:04:26Z	historical/ai_rss_feed/0719_2026-01-14T01-04-26Z_b6f71a3b6725_ai_rss_feed.xml	ok_xml	Update RSS feeds and status report - Wed Jan 14 01:04:26 UTC 2026
https://rss.tedt.org/ai_rss_feed.xml	ai_rss_feed.xml	ai_rss_feed.xml	0720	4b7f60c6b8485d642d0b7d8bc95fa6908d91774d	2026-01-14T08:19:51Z	historical/ai_rss_feed/0720_2026-01-14T08-19-51Z_4b7f60c6b848_ai_rss_feed.xml	ok_xml	Update RSS feeds and status report - Wed Jan 14 08:19:51 UTC 2026
https://rss.tedt.org/ai_rss_feed.xml	ai_rss_feed.xml	ai_rss_feed.xml	0721	f8d95c90c47bc788a594f1845fadc4a732d6833b	2026-01-14T16:20:05Z	historical/ai_rss_feed/0721_2026-01-14T16-20-05Z_f8d95c90c47b_ai_rss_feed.xml	ok_xml	Update RSS feeds and status report - Wed Jan 14 16:20:05 UTC 2026
https://rss.tedt.org/ai_rss_feed.xml	ai_rss_feed.xml	ai_rss_feed.xml	0722	44155b9a1d8a75a34650db878522bacf21091cb3	2026-01-15T01:00:53Z	historical/ai_rss_feed/0722_2026-01-15T01-00-53Z_44155b9a1d8a_ai_rss_feed.xml	ok_xml	Update RSS feeds and status report - Thu Jan 15 01:00:53 UTC 2026
https://rss.tedt.org/ai_rss_feed.xml	ai_rss_feed.xml	ai_rss_feed.xml	0723	39a078c04e21a1756027c15ccec36e0b53c0d5a9	2026-01-15T08:20:32Z	historical/ai_rss_feed/0723_2026-01-15T08-20-32Z_39a078c04e21_ai_rss_feed.xml	ok_xml	Update RSS feeds and status report - Thu Jan 15 08:20:32 UTC 2026
https://rss.tedt.org/ai_rss_feed.xml	ai_rss_feed.xml	ai_rss_feed.xml	0724	1499a0123c5cee5f7b39f87b5fb4ec43597d9736	2026-01-15T16:24:59Z	historical/ai_rss_feed/0724_2026-01-15T16-24-59Z_1499a0123c5c_ai_rss_feed.xml	ok_xml	Update RSS feeds and status report - Thu Jan 15 16:24:59 UTC 2026
https://rss.tedt.org/ai_rss_feed.xml	ai_rss_feed.xml	ai_rss_feed.xml	0725	cd131ab25b10db4d8c5eb061a2cad6b8a1f25298	2026-01-16T01:03:08Z	historical/ai_rss_feed/0725_2026-01-16T01-03-08Z_cd131ab25b10_ai_rss_feed.xml	ok_xml	Update RSS feeds and status report - Fri Jan 16 01:03:08 UTC 2026
https://rss.tedt.org/ai_rss_feed.xml	ai_rss_feed.xml	ai_rss_feed.xml	0726	213ef1e51a8abe807f6062199993310fd90bbc07	2026-01-16T08:19:18Z	historical/ai_rss_feed/0726_2026-01-16T08-19-18Z_213ef1e51a8a_ai_rss_feed.xml	ok_xml	Update RSS feeds and status report - Fri Jan 16 08:19:18 UTC 2026
https://rss.tedt.org/ai_rss_feed.xml	ai_rss_feed.xml	ai_rss_feed.xml	0727	07a85407f1220a4f5800821cc607b23e41ef6eec	2026-01-16T16:18:42Z	historical/ai_rss_feed/0727_2026-01-16T16-18-42Z_07a85407f122_ai_rss_feed.xml	ok_xml	Update RSS feeds and status report - Fri Jan 16 16:18:42 UTC 2026
https://rss.tedt.org/ai_rss_feed.xml	ai_rss_feed.xml	ai_rss_feed.xml	0728	bdf76632969876e7a646153f8f351630f8b9a29e	2026-01-17T01:00:01Z	historical/ai_rss_feed/0728_2026-01-17T01-00-01Z_bdf766329698_ai_rss_feed.xml	ok_xml	Update RSS feeds and status report - Sat Jan 17 01:00:01 UTC 2026
https://rss.tedt.org/ai_rss_feed.xml	ai_rss_feed.xml	ai_rss_feed.xml	0729	3df02f22208a2de255d4f497f4e8b5466229b797	2026-01-17T08:17:04Z	historical/ai_rss_feed/0729_2026-01-17T08-17-04Z_3df02f22208a_ai_rss_feed.xml	ok_xml	Update RSS feeds and status report - Sat Jan 17 08:17:04 UTC 2026
https://rss.tedt.org/ai_rss_feed.xml	ai_rss_feed.xml	ai_rss_feed.xml	0730	22eaccfe04829b2e204512c4f18bdb02453d2857	2026-01-17T16:14:28Z	historical/ai_rss_feed/0730_2026-01-17T16-14-28Z_22eaccfe0482_ai_rss_feed.xml	ok_xml	Update RSS feeds and status report - Sat Jan 17 16:14:28 UTC 2026
https://rss.tedt.org/ai_rss_feed.xml	ai_rss_feed.xml	ai_rss_feed.xml	0731	e95af25881d14569c35225d5282bd8c79ee2c19d	2026-01-18T01:07:35Z	historical/ai_rss_feed/0731_2026-01-18T01-07-35Z_e95af25881d1_ai_rss_feed.xml	ok_xml	Update RSS feeds and status report - Sun Jan 18 01:07:35 UTC 2026
https://rss.tedt.org/ai_rss_feed.xml	ai_rss_feed.xml	ai_rss_feed.xml	0732	ec9b84bf82c59ef10f4e5fc7d8b1499ea35bf843	2026-01-18T08:17:17Z	historical/ai_rss_feed/0732_2026-01-18T08-17-17Z_ec9b84bf82c5_ai_rss_feed.xml	ok_xml	Update RSS feeds and status report - Sun Jan 18 08:17:17 UTC 2026
https://rss.tedt.org/ai_rss_feed.xml	ai_rss_feed.xml	ai_rss_feed.xml	0733	090a00e0501c0082e24b92f0cf964b747a7c094f	2026-01-18T16:15:27Z	historical/ai_rss_feed/0733_2026-01-18T16-15-27Z_090a00e0501c_ai_rss_feed.xml	ok_xml	Update RSS feeds and status report - Sun Jan 18 16:15:27 UTC 2026
https://rss.tedt.org/ai_rss_feed.xml	ai_rss_feed.xml	ai_rss_feed.xml	0734	8cb6be175bd3e60bbfa4f63018fd3f8393a6444c	2026-01-19T01:06:48Z	historical/ai_rss_feed/0734_2026-01-19T01-06-48Z_8cb6be175bd3_ai_rss_feed.xml	ok_xml	Update RSS feeds and status report - Mon Jan 19 01:06:48 UTC 2026
https://rss.tedt.org/ai_rss_feed.xml	ai_rss_feed.xml	ai_rss_feed.xml	0735	889d289a9f2055cbe31c58a47779639b707a2ea1	2026-01-19T08:22:00Z	historical/ai_rss_feed/0735_2026-01-19T08-22-00Z_889d289a9f20_ai_rss_feed.xml	ok_xml	Update RSS feeds and status report - Mon Jan 19 08:22:00 UTC 2026
https://rss.tedt.org/ai_rss_feed.xml	ai_rss_feed.xml	ai_rss_feed.xml	0736	a61b9883612571b1e6038b322e8d8286ee4152f4	2026-01-19T16:19:21Z	historical/ai_rss_feed/0736_2026-01-19T16-19-21Z_a61b98836125_ai_rss_feed.xml	ok_xml	Update RSS feeds and status report - Mon Jan 19 16:19:21 UTC 2026
https://rss.tedt.org/ai_rss_feed.xml	ai_rss_feed.xml	ai_rss_feed.xml	0737	b7f559ae35f13d5c9516d69f66b61babf88633bf	2026-01-20T01:01:40Z	historical/ai_rss_feed/0737_2026-01-20T01-01-40Z_b7f559ae35f1_ai_rss_feed.xml	ok_xml	Update RSS feeds and status report - Tue Jan 20 01:01:40 UTC 2026
https://rss.tedt.org/ai_rss_feed.xml	ai_rss_feed.xml	ai_rss_feed.xml	0738	2ba182736b2818945144a4a30f923f3e535b0883	2026-01-20T08:21:08Z	historical/ai_rss_feed/0738_2026-01-20T08-21-08Z_2ba182736b28_ai_rss_feed.xml	ok_xml	Update RSS feeds and status report - Tue Jan 20 08:21:08 UTC 2026
https://rss.tedt.org/ai_rss_feed.xml	ai_rss_feed.xml	ai_rss_feed.xml	0739	47ceb8d5f80d47bff8e21dfcbb93d1c44592bed8	2026-01-20T16:24:25Z	historical/ai_rss_feed/0739_2026-01-20T16-24-25Z_47ceb8d5f80d_ai_rss_feed.xml	ok_xml	Update RSS feeds and status report - Tue Jan 20 16:24:25 UTC 2026
https://rss.tedt.org/ai_rss_feed.xml	ai_rss_feed.xml	ai_rss_feed.xml	0740	7199d715680ba229b97f7f0bed44ebcabb2c2d6d	2026-01-21T01:03:59Z	historical/ai_rss_feed/0740_2026-01-21T01-03-59Z_7199d715680b_ai_rss_feed.xml	ok_xml	Update RSS feeds and status report - Wed Jan 21 01:03:59 UTC 2026
https://rss.tedt.org/ai_rss_feed.xml	ai_rss_feed.xml	ai_rss_feed.xml	0741	853c733c1c823a3db8720e0ec4bdb79f30d6a0d5	2026-01-21T08:21:27Z	historical/ai_rss_feed/0741_2026-01-21T08-21-27Z_853c733c1c82_ai_rss_feed.xml	ok_xml	Update RSS feeds and status report - Wed Jan 21 08:21:27 UTC 2026
https://rss.tedt.org/ai_rss_feed.xml	ai_rss_feed.xml	ai_rss_feed.xml	0742	36ff0333d7ef94eb310997fe3bb80c1cffd9f525	2026-01-21T16:27:57Z	historical/ai_rss_feed/0742_2026-01-21T16-27-57Z_36ff0333d7ef_ai_rss_feed.xml	ok_xml	Update RSS feeds and status report - Wed Jan 21 16:27:57 UTC 2026
https://rss.tedt.org/ai_rss_feed.xml	ai_rss_feed.xml	ai_rss_feed.xml	0743	6d7162dbe5edf7cd4e9a57b30413dce39eff6d02	2026-01-22T01:03:46Z	historical/ai_rss_feed/0743_2026-01-22T01-03-46Z_6d7162dbe5ed_ai_rss_feed.xml	ok_xml	Update RSS feeds and status report - Thu Jan 22 01:03:46 UTC 2026
https://rss.tedt.org/ai_rss_feed.xml	ai_rss_feed.xml	ai_rss_feed.xml	0744	b929f5489dd06034b101b45790a6cd70071cd78f	2026-01-22T08:20:46Z	historical/ai_rss_feed/0744_2026-01-22T08-20-46Z_b929f5489dd0_ai_rss_feed.xml	ok_xml	Update RSS feeds and status report - Thu Jan 22 08:20:46 UTC 2026
https://rss.tedt.org/ai_rss_feed.xml	ai_rss_feed.xml	ai_rss_feed.xml	0745	91f44d1cb0629faaf51cf4e30972ab55aceb7dac	2026-01-22T16:23:49Z	historical/ai_rss_feed/0745_2026-01-22T16-23-49Z_91f44d1cb062_ai_rss_feed.xml	ok_xml	Update RSS feeds and status report - Thu Jan 22 16:23:49 UTC 2026
https://rss.tedt.org/ai_rss_feed.xml	ai_rss_feed.xml	ai_rss_feed.xml	0746	e6482c9ad50616572d5e59b24bf65aadacf1c6f6	2026-01-23T01:03:52Z	historical/ai_rss_feed/0746_2026-01-23T01-03-52Z_e6482c9ad506_ai_rss_feed.xml	ok_xml	Update RSS feeds and status report - Fri Jan 23 01:03:52 UTC 2026
https://rss.tedt.org/ai_rss_feed.xml	ai_rss_feed.xml	ai_rss_feed.xml	0747	9d839fda7a1f33da8015a8780f8c8de1141679c8	2026-01-23T08:19:37Z	historical/ai_rss_feed/0747_2026-01-23T08-19-37Z_9d839fda7a1f_ai_rss_feed.xml	ok_xml	Update RSS feeds and status report - Fri Jan 23 08:19:37 UTC 2026
https://rss.tedt.org/ai_rss_feed.xml	ai_rss_feed.xml	ai_rss_feed.xml	0748	916ecdb85ed2bad476a9fa124255ebb0c3cfc962	2026-01-23T16:19:57Z	historical/ai_rss_feed/0748_2026-01-23T16-19-57Z_916ecdb85ed2_ai_rss_feed.xml	ok_xml	Update RSS feeds and status report - Fri Jan 23 16:19:57 UTC 2026
https://rss.tedt.org/ai_rss_feed.xml	ai_rss_feed.xml	ai_rss_feed.xml	0749	78ba4e0ed0bea51fd90d69be8dccb9da4824bb06	2026-01-24T01:00:46Z	historical/ai_rss_feed/0749_2026-01-24T01-00-46Z_78ba4e0ed0be_ai_rss_feed.xml	ok_xml	Update RSS feeds and status report - Sat Jan 24 01:00:46 UTC 2026
https://rss.tedt.org/ai_rss_feed.xml	ai_rss_feed.xml	ai_rss_feed.xml	0750	d455e58b0c1ff07b6c89aa93c4e8fa3a8971d63e	2026-01-24T08:17:28Z	historical/ai_rss_feed/0750_2026-01-24T08-17-28Z_d455e58b0c1f_ai_rss_feed.xml	ok_xml	Update RSS feeds and status report - Sat Jan 24 08:17:28 UTC 2026
https://rss.tedt.org/ai_rss_feed.xml	ai_rss_feed.xml	ai_rss_feed.xml	0751	bf6ed42e6746d073afedc4afc1fa5d2329259880	2026-01-24T16:15:15Z	historical/ai_rss_feed/0751_2026-01-24T16-15-15Z_bf6ed42e6746_ai_rss_feed.xml	ok_xml	Update RSS feeds and status report - Sat Jan 24 16:15:15 UTC 2026
https://rss.tedt.org/ai_rss_feed.xml	ai_rss_feed.xml	ai_rss_feed.xml	0752	3bb40016964a84e3ff3a7a07ba7dae48cbef52bb	2026-01-25T01:09:23Z	historical/ai_rss_feed/0752_2026-01-25T01-09-23Z_3bb40016964a_ai_rss_feed.xml	ok_xml	Update RSS feeds and status report - Sun Jan 25 01:09:23 UTC 2026
https://rss.tedt.org/ai_rss_feed.xml	ai_rss_feed.xml	ai_rss_feed.xml	0753	368e14b8c43c8c47d6011a048703a015ae77922e	2026-01-25T08:17:45Z	historical/ai_rss_feed/0753_2026-01-25T08-17-45Z_368e14b8c43c_ai_rss_feed.xml	ok_xml	Update RSS feeds and status report - Sun Jan 25 08:17:45 UTC 2026
https://rss.tedt.org/ai_rss_feed.xml	ai_rss_feed.xml	ai_rss_feed.xml	0754	b7146e6c9b5b27ff5cce1747a3f2cc6801070d1c	2026-01-25T16:15:59Z	historical/ai_rss_feed/0754_2026-01-25T16-15-59Z_b7146e6c9b5b_ai_rss_feed.xml	ok_xml	Update RSS feeds and status report - Sun Jan 25 16:15:59 UTC 2026
https://rss.tedt.org/ai_rss_feed.xml	ai_rss_feed.xml	ai_rss_feed.xml	0755	ad034d4e1f5f0c58935ec4c1b7f09a1a1019b67a	2026-01-26T01:07:59Z	historical/ai_rss_feed/0755_2026-01-26T01-07-59Z_ad034d4e1f5f_ai_rss_feed.xml	ok_xml	Update RSS feeds and status report - Mon Jan 26 01:07:59 UTC 2026
https://rss.tedt.org/ai_rss_feed.xml	ai_rss_feed.xml	ai_rss_feed.xml	0756	8bb40d610400302e1582e5ea948b33b19a07c4d4	2026-01-26T08:21:45Z	historical/ai_rss_feed/0756_2026-01-26T08-21-45Z_8bb40d610400_ai_rss_feed.xml	ok_xml	Update RSS feeds and status report - Mon Jan 26 08:21:45 UTC 2026
https://rss.tedt.org/ai_rss_feed.xml	ai_rss_feed.xml	ai_rss_feed.xml	0757	51984d8bd116b4ff7c9dc43d8268f69bfb2d53d8	2026-01-26T16:23:15Z	historical/ai_rss_feed/0757_2026-01-26T16-23-15Z_51984d8bd116_ai_rss_feed.xml	ok_xml	Update RSS feeds and status report - Mon Jan 26 16:23:15 UTC 2026
https://rss.tedt.org/ai_rss_feed.xml	ai_rss_feed.xml	ai_rss_feed.xml	0758	95ee85581608bebb7ae9bfbe03999f3b048c0ebe	2026-01-27T01:06:51Z	historical/ai_rss_feed/0758_2026-01-27T01-06-51Z_95ee85581608_ai_rss_feed.xml	ok_xml	Update RSS feeds and status report - Tue Jan 27 01:06:51 UTC 2026
https://rss.tedt.org/ai_rss_feed.xml	ai_rss_feed.xml	ai_rss_feed.xml	0759	5baaf6f6dffab921dbabb45c1182773e790607e0	2026-01-27T08:21:14Z	historical/ai_rss_feed/0759_2026-01-27T08-21-14Z_5baaf6f6dffa_ai_rss_feed.xml	ok_xml	Update RSS feeds and status report - Tue Jan 27 08:21:14 UTC 2026
https://rss.tedt.org/ai_rss_feed.xml	ai_rss_feed.xml	ai_rss_feed.xml	0760	7fa82d2dae45a9cf03351aed70c67d5faf204428	2026-01-27T16:20:06Z	historical/ai_rss_feed/0760_2026-01-27T16-20-06Z_7fa82d2dae45_ai_rss_feed.xml	ok_xml	Update RSS feeds and status report - Tue Jan 27 16:20:06 UTC 2026
https://rss.tedt.org/ai_rss_feed.xml	ai_rss_feed.xml	ai_rss_feed.xml	0761	6535fbdd5b69a99059b6c8fdd68c5e3998168641	2026-01-28T01:03:08Z	historical/ai_rss_feed/0761_2026-01-28T01-03-08Z_6535fbdd5b69_ai_rss_feed.xml	ok_xml	Update RSS feeds and status report - Wed Jan 28 01:03:08 UTC 2026
https://rss.tedt.org/ai_rss_feed.xml	ai_rss_feed.xml	ai_rss_feed.xml	0762	c2e7feee22cd2903c6a19245864457abef2c730d	2026-01-28T08:20:54Z	historical/ai_rss_feed/0762_2026-01-28T08-20-54Z_c2e7feee22cd_ai_rss_feed.xml	ok_xml	Update RSS feeds and status report - Wed Jan 28 08:20:54 UTC 2026
https://rss.tedt.org/ai_rss_feed.xml	ai_rss_feed.xml	ai_rss_feed.xml	0763	884f31f5b288fa660ed3c59a4d5b099638e16187	2026-01-28T16:26:11Z	historical/ai_rss_feed/0763_2026-01-28T16-26-11Z_884f31f5b288_ai_rss_feed.xml	ok_xml	Update RSS feeds and status report - Wed Jan 28 16:26:11 UTC 2026
https://rss.tedt.org/ai_rss_feed.xml	ai_rss_feed.xml	ai_rss_feed.xml	0764	c76922a6ff17f4c650a94b4b492d6b57ab7abfc1	2026-01-29T01:12:30Z	historical/ai_rss_feed/0764_2026-01-29T01-12-30Z_c76922a6ff17_ai_rss_feed.xml	ok_xml	Update RSS feeds and status report - Thu Jan 29 01:12:30 UTC 2026
https://rss.tedt.org/ai_rss_feed.xml	ai_rss_feed.xml	ai_rss_feed.xml	0765	c60a852ebe634f5a03df9602ff51883a791d4c70	2026-01-29T08:29:21Z	historical/ai_rss_feed/0765_2026-01-29T08-29-21Z_c60a852ebe63_ai_rss_feed.xml	ok_xml	Update RSS feeds and status report - Thu Jan 29 08:29:21 UTC 2026
https://rss.tedt.org/ai_rss_feed.xml	ai_rss_feed.xml	ai_rss_feed.xml	0766	4a7b47c5be63f0d32eba15ef159d6a00ce4caa77	2026-01-29T16:33:47Z	historical/ai_rss_feed/0766_2026-01-29T16-33-47Z_4a7b47c5be63_ai_rss_feed.xml	ok_xml	Update RSS feeds and status report - Thu Jan 29 16:33:47 UTC 2026
https://rss.tedt.org/ai_rss_feed.xml	ai_rss_feed.xml	ai_rss_feed.xml	0767	e0838802acc2e650b874ce3eba4980b94cb441e7	2026-01-30T01:11:52Z	historical/ai_rss_feed/0767_2026-01-30T01-11-52Z_e0838802acc2_ai_rss_feed.xml	ok_xml	Update RSS feeds and status report - Fri Jan 30 01:11:52 UTC 2026
https://rss.tedt.org/ai_rss_feed.xml	ai_rss_feed.xml	ai_rss_feed.xml	0768	d56895d6bfef790851cb45d800612dd300383b5f	2026-01-30T08:28:18Z	historical/ai_rss_feed/0768_2026-01-30T08-28-18Z_d56895d6bfef_ai_rss_feed.xml	ok_xml	Update RSS feeds and status report - Fri Jan 30 08:28:18 UTC 2026
https://rss.tedt.org/ai_rss_feed.xml	ai_rss_feed.xml	ai_rss_feed.xml	0769	6f4287077dc57b21bb3fe404c39818eae6508199	2026-01-30T16:28:22Z	historical/ai_rss_feed/0769_2026-01-30T16-28-22Z_6f4287077dc5_ai_rss_feed.xml	ok_xml	Update RSS feeds and status report - Fri Jan 30 16:28:22 UTC 2026
https://rss.tedt.org/ai_rss_feed.xml	ai_rss_feed.xml	ai_rss_feed.xml	0770	370771168a6023de13ebcc86701c88f315cdfc6c	2026-01-31T01:09:04Z	historical/ai_rss_feed/0770_2026-01-31T01-09-04Z_370771168a60_ai_rss_feed.xml	ok_xml	Update RSS feeds and status report - Sat Jan 31 01:09:04 UTC 2026
https://rss.tedt.org/ai_rss_feed.xml	ai_rss_feed.xml	ai_rss_feed.xml	0771	1e91c300cea08ad83847422f21e2a05cd4d1be37	2026-01-31T08:19:21Z	historical/ai_rss_feed/0771_2026-01-31T08-19-21Z_1e91c300cea0_ai_rss_feed.xml	ok_xml	Update RSS feeds and status report - Sat Jan 31 08:19:21 UTC 2026
https://rss.tedt.org/ai_rss_feed.xml	ai_rss_feed.xml	ai_rss_feed.xml	0772	83666817fefef7abaea388b4b81b864c59e24a89	2026-01-31T16:17:49Z	historical/ai_rss_feed/0772_2026-01-31T16-17-49Z_83666817fefe_ai_rss_feed.xml	ok_xml	Update RSS feeds and status report - Sat Jan 31 16:17:49 UTC 2026
https://rss.tedt.org/ai_rss_feed.xml	ai_rss_feed.xml	ai_rss_feed.xml	0773	fcccdce7bd8ac8f1b18a8340604092f1f7ee273f	2026-02-01T01:24:09Z	historical/ai_rss_feed/0773_2026-02-01T01-24-09Z_fcccdce7bd8a_ai_rss_feed.xml	ok_xml	Update RSS feeds and status report - Sun Feb  1 01:24:09 UTC 2026
https://rss.tedt.org/ai_rss_feed.xml	ai_rss_feed.xml	ai_rss_feed.xml	0774	a4f1d6220b47ff380af97e855ab439b76627b666	2026-02-01T08:22:33Z	historical/ai_rss_feed/0774_2026-02-01T08-22-33Z_a4f1d6220b47_ai_rss_feed.xml	ok_xml	Update RSS feeds and status report - Sun Feb  1 08:22:33 UTC 2026
https://rss.tedt.org/ai_rss_feed.xml	ai_rss_feed.xml	ai_rss_feed.xml	0775	9f7742992fd738a6a9675e172134b82fdd7b18c8	2026-02-01T16:19:33Z	historical/ai_rss_feed/0775_2026-02-01T16-19-33Z_9f7742992fd7_ai_rss_feed.xml	ok_xml	Update RSS feeds and status report - Sun Feb  1 16:19:33 UTC 2026
https://rss.tedt.org/ai_rss_feed.xml	ai_rss_feed.xml	ai_rss_feed.xml	0776	66b910ff1179ab916f5c2831f42d4ce8ea802a5b	2026-02-02T01:16:36Z	historical/ai_rss_feed/0776_2026-02-02T01-16-36Z_66b910ff1179_ai_rss_feed.xml	ok_xml	Update RSS feeds and status report - Mon Feb  2 01:16:36 UTC 2026
https://rss.tedt.org/ai_rss_feed.xml	ai_rss_feed.xml	ai_rss_feed.xml	0777	9a4b759d4d2a60f876e48cc17903c1aab9bf28b1	2026-02-02T08:33:22Z	historical/ai_rss_feed/0777_2026-02-02T08-33-22Z_9a4b759d4d2a_ai_rss_feed.xml	ok_xml	Update RSS feeds and status report - Mon Feb  2 08:33:22 UTC 2026
https://rss.tedt.org/ai_rss_feed.xml	ai_rss_feed.xml	ai_rss_feed.xml	0778	b3567e65c762d0d89eb7f0a47b6ba986c7fcc555	2026-02-02T16:27:25Z	historical/ai_rss_feed/0778_2026-02-02T16-27-25Z_b3567e65c762_ai_rss_feed.xml	ok_xml	Update RSS feeds and status report - Mon Feb  2 16:27:25 UTC 2026
https://rss.tedt.org/ai_rss_feed.xml	ai_rss_feed.xml	ai_rss_feed.xml	0779	8a719a1b5cbd1afe957287bb551642bec1670b46	2026-02-03T01:16:28Z	historical/ai_rss_feed/0779_2026-02-03T01-16-28Z_8a719a1b5cbd_ai_rss_feed.xml	ok_xml	Update RSS feeds and status report - Tue Feb  3 01:16:28 UTC 2026
https://rss.tedt.org/ai_rss_feed.xml	ai_rss_feed.xml	ai_rss_feed.xml	0780	bd38ba75b8198e1a1e44a920542a8f42cf3ad711	2026-02-03T08:27:26Z	historical/ai_rss_feed/0780_2026-02-03T08-27-26Z_bd38ba75b819_ai_rss_feed.xml	ok_xml	Update RSS feeds and status report - Tue Feb  3 08:27:26 UTC 2026
https://rss.tedt.org/ai_rss_feed.xml	ai_rss_feed.xml	ai_rss_feed.xml	0781	1b4841a9b217967a84bf7de0df900ce048b87953	2026-02-03T16:42:05Z	historical/ai_rss_feed/0781_2026-02-03T16-42-05Z_1b4841a9b217_ai_rss_feed.xml	ok_xml	Update RSS feeds and status report - Tue Feb  3 16:42:05 UTC 2026
https://rss.tedt.org/ai_rss_feed.xml	ai_rss_feed.xml	ai_rss_feed.xml	0782	22a563c80e02cff081421da5fd3dac1b920c0dd9	2026-02-04T01:11:46Z	historical/ai_rss_feed/0782_2026-02-04T01-11-46Z_22a563c80e02_ai_rss_feed.xml	ok_xml	Update RSS feeds and status report - Wed Feb  4 01:11:46 UTC 2026
https://rss.tedt.org/ai_rss_feed.xml	ai_rss_feed.xml	ai_rss_feed.xml	0783	ec2f4289f1b5756fd0b0db925c15ef1a51039795	2026-02-04T08:31:04Z	historical/ai_rss_feed/0783_2026-02-04T08-31-04Z_ec2f4289f1b5_ai_rss_feed.xml	ok_xml	Update RSS feeds and status report - Wed Feb  4 08:31:04 UTC 2026
https://rss.tedt.org/ai_rss_feed.xml	ai_rss_feed.xml	ai_rss_feed.xml	0784	4f6894ccac40bf34ea805b13b2d5aeee548aad79	2026-02-04T16:36:13Z	historical/ai_rss_feed/0784_2026-02-04T16-36-13Z_4f6894ccac40_ai_rss_feed.xml	ok_xml	Update RSS feeds and status report - Wed Feb  4 16:36:13 UTC 2026
https://rss.tedt.org/ai_rss_feed.xml	ai_rss_feed.xml	ai_rss_feed.xml	0785	ce18048298f9fca54020e769838ee3777546f270	2026-02-05T01:12:35Z	historical/ai_rss_feed/0785_2026-02-05T01-12-35Z_ce18048298f9_ai_rss_feed.xml	ok_xml	Update RSS feeds and status report - Thu Feb  5 01:12:35 UTC 2026
https://rss.tedt.org/ai_rss_feed.xml	ai_rss_feed.xml	ai_rss_feed.xml	0786	650d391b3493d5ffd1bcbb19a8cf1c096cac280c	2026-02-05T08:32:49Z	historical/ai_rss_feed/0786_2026-02-05T08-32-49Z_650d391b3493_ai_rss_feed.xml	ok_xml	Update RSS feeds and status report - Thu Feb  5 08:32:49 UTC 2026
https://rss.tedt.org/ai_rss_feed.xml	ai_rss_feed.xml	ai_rss_feed.xml	0787	6fa2dbc13fade8f04ffa2a10039faad119b1e04a	2026-02-05T16:36:43Z	historical/ai_rss_feed/0787_2026-02-05T16-36-43Z_6fa2dbc13fad_ai_rss_feed.xml	ok_xml	Update RSS feeds and status report - Thu Feb  5 16:36:43 UTC 2026
https://rss.tedt.org/ai_rss_feed.xml	ai_rss_feed.xml	ai_rss_feed.xml	0788	fec0160f91d78b3e5ebf0d8c6715c8c46fdd63e7	2026-02-06T01:11:52Z	historical/ai_rss_feed/0788_2026-02-06T01-11-52Z_fec0160f91d7_ai_rss_feed.xml	ok_xml	Update RSS feeds and status report - Fri Feb  6 01:11:52 UTC 2026
https://rss.tedt.org/ai_rss_feed.xml	ai_rss_feed.xml	ai_rss_feed.xml	0789	7fa56953aa91ca7cf6d765469f9914b90c00ef6e	2026-02-06T08:32:17Z	historical/ai_rss_feed/0789_2026-02-06T08-32-17Z_7fa56953aa91_ai_rss_feed.xml	ok_xml	Update RSS feeds and status report - Fri Feb  6 08:32:17 UTC 2026
https://rss.tedt.org/ai_rss_feed.xml	ai_rss_feed.xml	ai_rss_feed.xml	0790	a40caf64459e1924209a2a77468472f31c552861	2026-02-06T16:34:29Z	historical/ai_rss_feed/0790_2026-02-06T16-34-29Z_a40caf64459e_ai_rss_feed.xml	ok_xml	Update RSS feeds and status report - Fri Feb  6 16:34:29 UTC 2026
https://rss.tedt.org/ai_rss_feed.xml	ai_rss_feed.xml	ai_rss_feed.xml	0791	096839ffbc836bf30b200e09ff13bbeff94e469d	2026-02-07T01:10:43Z	historical/ai_rss_feed/0791_2026-02-07T01-10-43Z_096839ffbc83_ai_rss_feed.xml	ok_xml	Update RSS feeds and status report - Sat Feb  7 01:10:43 UTC 2026
https://rss.tedt.org/ai_rss_feed.xml	ai_rss_feed.xml	ai_rss_feed.xml	0792	ae50b8100ada31f1e34d368ad5e7519a66eceaf8	2026-02-07T08:20:58Z	historical/ai_rss_feed/0792_2026-02-07T08-20-58Z_ae50b8100ada_ai_rss_feed.xml	ok_xml	Update RSS feeds and status report - Sat Feb  7 08:20:58 UTC 2026
https://rss.tedt.org/ai_rss_feed.xml	ai_rss_feed.xml	ai_rss_feed.xml	0793	fa035a017e1b07c5011a1ffcd52678efe2823df2	2026-02-07T16:18:56Z	historical/ai_rss_feed/0793_2026-02-07T16-18-56Z_fa035a017e1b_ai_rss_feed.xml	ok_xml	Update RSS feeds and status report - Sat Feb  7 16:18:56 UTC 2026
https://rss.tedt.org/ai_rss_feed.xml	ai_rss_feed.xml	ai_rss_feed.xml	0794	6e547fd30404c40c27a95954d5f5ff677f7360e4	2026-02-08T01:47:12Z	historical/ai_rss_feed/0794_2026-02-08T01-47-12Z_6e547fd30404_ai_rss_feed.xml	ok_xml	Update RSS feeds and status report - Sun Feb  8 01:47:12 UTC 2026
https://rss.tedt.org/ai_rss_feed.xml	ai_rss_feed.xml	ai_rss_feed.xml	0795	ac64fb6421ab285e75b16c766eb261aa0bec37c9	2026-02-08T08:22:34Z	historical/ai_rss_feed/0795_2026-02-08T08-22-34Z_ac64fb6421ab_ai_rss_feed.xml	ok_xml	Update RSS feeds and status report - Sun Feb  8 08:22:34 UTC 2026
https://rss.tedt.org/ai_rss_feed.xml	ai_rss_feed.xml	ai_rss_feed.xml	0796	7a05d842a740693ca2bd3f8bcfa019cd55f5cec2	2026-02-08T16:20:39Z	historical/ai_rss_feed/0796_2026-02-08T16-20-39Z_7a05d842a740_ai_rss_feed.xml	ok_xml	Update RSS feeds and status report - Sun Feb  8 16:20:39 UTC 2026
https://rss.tedt.org/ai_rss_feed.xml	ai_rss_feed.xml	ai_rss_feed.xml	0797	dd4e95975d536b94bcb9909b5f4789b1bd9e0bb6	2026-02-09T01:18:06Z	historical/ai_rss_feed/0797_2026-02-09T01-18-06Z_dd4e95975d53_ai_rss_feed.xml	ok_xml	Update RSS feeds and status report - Mon Feb  9 01:18:06 UTC 2026
https://rss.tedt.org/ai_rss_feed.xml	ai_rss_feed.xml	ai_rss_feed.xml	0798	8c9b1beeabcf7683fe106ea97f2c23dc650a163f	2026-02-09T08:39:45Z	historical/ai_rss_feed/0798_2026-02-09T08-39-45Z_8c9b1beeabcf_ai_rss_feed.xml	ok_xml	Update RSS feeds and status report - Mon Feb  9 08:39:45 UTC 2026
https://rss.tedt.org/ai_rss_feed.xml	ai_rss_feed.xml	ai_rss_feed.xml	0799	f6a8143013d14fa3f1c56527236de46ec9120bf3	2026-02-10T01:26:41Z	historical/ai_rss_feed/0799_2026-02-10T01-26-41Z_f6a8143013d1_ai_rss_feed.xml	ok_xml	Update RSS feeds and status report - Tue Feb 10 01:26:41 UTC 2026
https://rss.tedt.org/ai_rss_feed.xml	ai_rss_feed.xml	ai_rss_feed.xml	0800	e2db884ff794ad16356b6411ab0353f3f48138d9	2026-02-10T08:41:03Z	historical/ai_rss_feed/0800_2026-02-10T08-41-03Z_e2db884ff794_ai_rss_feed.xml	ok_xml	Update RSS feeds and status report - Tue Feb 10 08:41:03 UTC 2026
https://rss.tedt.org/ai_rss_feed.xml	ai_rss_feed.xml	ai_rss_feed.xml	0801	0534233abd5b3c281e1e70829a59e49ee85a3284	2026-02-10T16:55:14Z	historical/ai_rss_feed/0801_2026-02-10T16-55-14Z_0534233abd5b_ai_rss_feed.xml	ok_xml	Update RSS feeds and status report - Tue Feb 10 16:55:14 UTC 2026
https://rss.tedt.org/ai_rss_feed.xml	ai_rss_feed.xml	ai_rss_feed.xml	0802	e9490181659b37d60a53d4302ca87df1c84300a7	2026-02-11T01:24:37Z	historical/ai_rss_feed/0802_2026-02-11T01-24-37Z_e9490181659b_ai_rss_feed.xml	ok_xml	Update RSS feeds and status report - Wed Feb 11 01:24:37 UTC 2026
https://rss.tedt.org/ai_rss_feed.xml	ai_rss_feed.xml	ai_rss_feed.xml	0803	86b043dfdeec4930b4e44665415de190ec826a81	2026-02-11T08:38:05Z	historical/ai_rss_feed/0803_2026-02-11T08-38-05Z_86b043dfdeec_ai_rss_feed.xml	ok_xml	Update RSS feeds and status report - Wed Feb 11 08:38:05 UTC 2026
https://rss.tedt.org/ai_rss_feed.xml	ai_rss_feed.xml	ai_rss_feed.xml	0804	38335f241df620ba2b92b83a7aeafa9f64c1548f	2026-02-11T16:55:24Z	historical/ai_rss_feed/0804_2026-02-11T16-55-24Z_38335f241df6_ai_rss_feed.xml	ok_xml	Update RSS feeds and status report - Wed Feb 11 16:55:24 UTC 2026
https://rss.tedt.org/ai_rss_feed.xml	ai_rss_feed.xml	ai_rss_feed.xml	0805	769b33faa1e97255b67449d182860313d005f7f3	2026-02-12T01:17:35Z	historical/ai_rss_feed/0805_2026-02-12T01-17-35Z_769b33faa1e9_ai_rss_feed.xml	ok_xml	Update RSS feeds and status report - Thu Feb 12 01:17:35 UTC 2026
https://rss.tedt.org/ai_rss_feed.xml	ai_rss_feed.xml	ai_rss_feed.xml	0806	633704a9ce3115138271853bebd2a6480832466a	2026-02-12T08:36:37Z	historical/ai_rss_feed/0806_2026-02-12T08-36-37Z_633704a9ce31_ai_rss_feed.xml	ok_xml	Update RSS feeds and status report - Thu Feb 12 08:36:37 UTC 2026
https://rss.tedt.org/ai_rss_feed.xml	ai_rss_feed.xml	ai_rss_feed.xml	0807	b1f23ebfe66eb03ebccb04b4d9a81fde8c58e04c	2026-02-12T16:47:23Z	historical/ai_rss_feed/0807_2026-02-12T16-47-23Z_b1f23ebfe66e_ai_rss_feed.xml	ok_xml	Update RSS feeds and status report - Thu Feb 12 16:47:23 UTC 2026
https://rss.tedt.org/ai_rss_feed.xml	ai_rss_feed.xml	ai_rss_feed.xml	0808	3fa83cf9e04128cad50ecb123e3236fe1faf1e2f	2026-02-13T01:20:40Z	historical/ai_rss_feed/0808_2026-02-13T01-20-40Z_3fa83cf9e041_ai_rss_feed.xml	ok_xml	Update RSS feeds and status report - Fri Feb 13 01:20:40 UTC 2026
https://rss.tedt.org/ai_rss_feed.xml	ai_rss_feed.xml	ai_rss_feed.xml	0809	80fbf6a7cff5edc434dde8a64798954f54c194b2	2026-02-13T08:33:41Z	historical/ai_rss_feed/0809_2026-02-13T08-33-41Z_80fbf6a7cff5_ai_rss_feed.xml	ok_xml	Update RSS feeds and status report - Fri Feb 13 08:33:41 UTC 2026
https://rss.tedt.org/ai_rss_feed.xml	ai_rss_feed.xml	ai_rss_feed.xml	0810	bb2a2108eaf1a4ac6c8f6c391cf6ac2b0f93c18c	2026-02-13T16:34:55Z	historical/ai_rss_feed/0810_2026-02-13T16-34-55Z_bb2a2108eaf1_ai_rss_feed.xml	ok_xml	Update RSS feeds and status report - Fri Feb 13 16:34:55 UTC 2026
https://rss.tedt.org/ai_rss_feed.xml	ai_rss_feed.xml	ai_rss_feed.xml	0811	967751da883af86e6df3a95cf2631f5d8562aeed	2026-02-14T01:13:09Z	historical/ai_rss_feed/0811_2026-02-14T01-13-09Z_967751da883a_ai_rss_feed.xml	ok_xml	Update RSS feeds and status report - Sat Feb 14 01:13:09 UTC 2026
https://rss.tedt.org/ai_rss_feed.xml	ai_rss_feed.xml	ai_rss_feed.xml	0812	c8421ee0dd0a0199c845e11d5c397309654499d4	2026-02-14T08:21:18Z	historical/ai_rss_feed/0812_2026-02-14T08-21-18Z_c8421ee0dd0a_ai_rss_feed.xml	ok_xml	Update RSS feeds and status report - Sat Feb 14 08:21:18 UTC 2026
https://rss.tedt.org/ai_rss_feed.xml	ai_rss_feed.xml	ai_rss_feed.xml	0813	8db15c28068c9e9c5d5352c5231d4ec5d29d7059	2026-02-14T16:19:20Z	historical/ai_rss_feed/0813_2026-02-14T16-19-20Z_8db15c28068c_ai_rss_feed.xml	ok_xml	Update RSS feeds and status report - Sat Feb 14 16:19:20 UTC 2026
https://rss.tedt.org/ai_rss_feed.xml	ai_rss_feed.xml	ai_rss_feed.xml	0814	a97fc28298c63002a45057376b00556b36bd7b0e	2026-02-15T01:20:08Z	historical/ai_rss_feed/0814_2026-02-15T01-20-08Z_a97fc28298c6_ai_rss_feed.xml	ok_xml	Update RSS feeds and status report - Sun Feb 15 01:20:08 UTC 2026
https://rss.tedt.org/ai_rss_feed.xml	ai_rss_feed.xml	ai_rss_feed.xml	0815	4aaa6c71497341108cd6cc0057e74579e6a31b50	2026-02-15T08:23:06Z	historical/ai_rss_feed/0815_2026-02-15T08-23-06Z_4aaa6c714973_ai_rss_feed.xml	ok_xml	Update RSS feeds and status report - Sun Feb 15 08:23:06 UTC 2026
https://rss.tedt.org/ai_rss_feed.xml	ai_rss_feed.xml	ai_rss_feed.xml	0816	8c5f45551e2370b1756b7930596a3a581a65ba48	2026-02-15T16:19:19Z	historical/ai_rss_feed/0816_2026-02-15T16-19-19Z_8c5f45551e23_ai_rss_feed.xml	ok_xml	Update RSS feeds and status report - Sun Feb 15 16:19:19 UTC 2026
https://rss.tedt.org/ai_rss_feed.xml	ai_rss_feed.xml	ai_rss_feed.xml	0817	bf0180517b6b1f5639d35156848848bbab6219f5	2026-02-16T01:17:07Z	historical/ai_rss_feed/0817_2026-02-16T01-17-07Z_bf0180517b6b_ai_rss_feed.xml	ok_xml	Update RSS feeds and status report - Mon Feb 16 01:17:07 UTC 2026
https://rss.tedt.org/ai_rss_feed.xml	ai_rss_feed.xml	ai_rss_feed.xml	0818	b84da2db6d6d7b30ed9a9ec5b99eb279101c62c9	2026-02-16T08:36:58Z	historical/ai_rss_feed/0818_2026-02-16T08-36-58Z_b84da2db6d6d_ai_rss_feed.xml	ok_xml	Update RSS feeds and status report - Mon Feb 16 08:36:58 UTC 2026
https://rss.tedt.org/ai_rss_feed.xml	ai_rss_feed.xml	ai_rss_feed.xml	0819	768ad4dc4bba9a56c3c67bfa1b24ce832b04edd3	2026-02-16T16:33:16Z	historical/ai_rss_feed/0819_2026-02-16T16-33-16Z_768ad4dc4bba_ai_rss_feed.xml	ok_xml	Update RSS feeds and status report - Mon Feb 16 16:33:16 UTC 2026
https://rss.tedt.org/ai_rss_feed.xml	ai_rss_feed.xml	ai_rss_feed.xml	0820	ef2e861fc6df0e964f16d5bc4963e0bcca7c128e	2026-02-17T01:16:16Z	historical/ai_rss_feed/0820_2026-02-17T01-16-16Z_ef2e861fc6df_ai_rss_feed.xml	ok_xml	Update RSS feeds and status report - Tue Feb 17 01:16:16 UTC 2026
https://rss.tedt.org/ai_rss_feed.xml	ai_rss_feed.xml	ai_rss_feed.xml	0821	7ad6a762a6752856960db7b045277b2dd922e56f	2026-02-17T08:34:28Z	historical/ai_rss_feed/0821_2026-02-17T08-34-28Z_7ad6a762a675_ai_rss_feed.xml	ok_xml	Update RSS feeds and status report - Tue Feb 17 08:34:28 UTC 2026
https://rss.tedt.org/ai_rss_feed.xml	ai_rss_feed.xml	ai_rss_feed.xml	0822	f7e4daacc5ad98c55b0fd170415c5f72eeea7e0d	2026-02-17T16:46:17Z	historical/ai_rss_feed/0822_2026-02-17T16-46-17Z_f7e4daacc5ad_ai_rss_feed.xml	ok_xml	Update RSS feeds and status report - Tue Feb 17 16:46:17 UTC 2026
https://rss.tedt.org/ai_rss_feed.xml	ai_rss_feed.xml	ai_rss_feed.xml	0823	afecf832d0a2a72bc5073d672c4e642ff4dac1a5	2026-02-18T01:18:26Z	historical/ai_rss_feed/0823_2026-02-18T01-18-26Z_afecf832d0a2_ai_rss_feed.xml	ok_xml	Update RSS feeds and status report - Wed Feb 18 01:18:26 UTC 2026
https://rss.tedt.org/ai_rss_feed.xml	ai_rss_feed.xml	ai_rss_feed.xml	0824	7c1e14d6b8c3be0767e9fb0d45ebc0e8bd31313d	2026-02-18T08:35:22Z	historical/ai_rss_feed/0824_2026-02-18T08-35-22Z_7c1e14d6b8c3_ai_rss_feed.xml	ok_xml	Update RSS feeds and status report - Wed Feb 18 08:35:22 UTC 2026
https://rss.tedt.org/ai_rss_feed.xml	ai_rss_feed.xml	ai_rss_feed.xml	0825	ed32d12bb464c88367d6e334ab04ad65af352709	2026-02-18T16:53:45Z	historical/ai_rss_feed/0825_2026-02-18T16-53-45Z_ed32d12bb464_ai_rss_feed.xml	ok_xml	Update RSS feeds and status report - Wed Feb 18 16:53:45 UTC 2026
https://rss.tedt.org/ai_rss_feed.xml	ai_rss_feed.xml	ai_rss_feed.xml	0826	447e78b5bca6595ffc14777dd3e2fa98caa18aea	2026-02-19T01:17:49Z	historical/ai_rss_feed/0826_2026-02-19T01-17-49Z_447e78b5bca6_ai_rss_feed.xml	ok_xml	Update RSS feeds and status report - Thu Feb 19 01:17:49 UTC 2026
https://rss.tedt.org/ai_rss_feed.xml	ai_rss_feed.xml	ai_rss_feed.xml	0827	7161f8991dd8a580430a9a4d3a41bbf92d4075d0	2026-02-19T08:33:46Z	historical/ai_rss_feed/0827_2026-02-19T08-33-46Z_7161f8991dd8_ai_rss_feed.xml	ok_xml	Update RSS feeds and status report - Thu Feb 19 08:33:46 UTC 2026
https://rss.tedt.org/ai_rss_feed.xml	ai_rss_feed.xml	ai_rss_feed.xml	0828	b7794822cc08ed210963cd49738ac8e8db10eda3	2026-02-19T16:41:37Z	historical/ai_rss_feed/0828_2026-02-19T16-41-37Z_b7794822cc08_ai_rss_feed.xml	ok_xml	Update RSS feeds and status report - Thu Feb 19 16:41:37 UTC 2026
https://rss.tedt.org/ai_rss_feed.xml	ai_rss_feed.xml	ai_rss_feed.xml	0829	afdfd84fea0b893fb0138b921b0ea23f9b01558a	2026-02-20T01:13:34Z	historical/ai_rss_feed/0829_2026-02-20T01-13-34Z_afdfd84fea0b_ai_rss_feed.xml	ok_xml	Update RSS feeds and status report - Fri Feb 20 01:13:34 UTC 2026
https://rss.tedt.org/ai_rss_feed.xml	ai_rss_feed.xml	ai_rss_feed.xml	0830	7aab3f092604ca4f1910c28bdc16984be7d1acdb	2026-02-20T08:31:41Z	historical/ai_rss_feed/0830_2026-02-20T08-31-41Z_7aab3f092604_ai_rss_feed.xml	ok_xml	Update RSS feeds and status report - Fri Feb 20 08:31:41 UTC 2026
https://rss.tedt.org/ai_rss_feed.xml	ai_rss_feed.xml	ai_rss_feed.xml	0831	fa6cd6b4985fa2461f4f40f26af5ad654fcaad59	2026-02-20T16:27:55Z	historical/ai_rss_feed/0831_2026-02-20T16-27-55Z_fa6cd6b4985f_ai_rss_feed.xml	ok_xml	Update RSS feeds and status report - Fri Feb 20 16:27:55 UTC 2026
https://rss.tedt.org/ai_rss_feed.xml	ai_rss_feed.xml	ai_rss_feed.xml	0832	fd4f058cb0f4d5f5dd5b7365018b73cabd2e20e8	2026-02-21T01:11:25Z	historical/ai_rss_feed/0832_2026-02-21T01-11-25Z_fd4f058cb0f4_ai_rss_feed.xml	ok_xml	Update RSS feeds and status report - Sat Feb 21 01:11:25 UTC 2026
https://rss.tedt.org/ai_rss_feed.xml	ai_rss_feed.xml	ai_rss_feed.xml	0833	f771bdd59fa2cb2f7b7108e7829f064e0ed3f2b2	2026-02-21T08:20:47Z	historical/ai_rss_feed/0833_2026-02-21T08-20-47Z_f771bdd59fa2_ai_rss_feed.xml	ok_xml	Update RSS feeds and status report - Sat Feb 21 08:20:47 UTC 2026
https://rss.tedt.org/ai_rss_feed.xml	ai_rss_feed.xml	ai_rss_feed.xml	0834	02410a064c6154bbaf819eda1c2a1ecceb3a3ac7	2026-02-21T16:18:39Z	historical/ai_rss_feed/0834_2026-02-21T16-18-39Z_02410a064c61_ai_rss_feed.xml	ok_xml	Update RSS feeds and status report - Sat Feb 21 16:18:39 UTC 2026
https://rss.tedt.org/ai_rss_feed.xml	ai_rss_feed.xml	ai_rss_feed.xml	0835	c6fde396d795b3aa5b3b7aa20c97cef7697baf43	2026-02-22T01:16:38Z	historical/ai_rss_feed/0835_2026-02-22T01-16-38Z_c6fde396d795_ai_rss_feed.xml	ok_xml	Update RSS feeds and status report - Sun Feb 22 01:16:38 UTC 2026
https://rss.tedt.org/ai_rss_feed.xml	ai_rss_feed.xml	ai_rss_feed.xml	0836	c2fa181ecdd93e88acf4bc14cf1e9aa40965ebf3	2026-02-22T08:22:01Z	historical/ai_rss_feed/0836_2026-02-22T08-22-01Z_c2fa181ecdd9_ai_rss_feed.xml	ok_xml	Update RSS feeds and status report - Sun Feb 22 08:22:01 UTC 2026
https://rss.tedt.org/ai_rss_feed.xml	ai_rss_feed.xml	ai_rss_feed.xml	0837	1ebe0b74c898a515418a55b6e6343b8f66da5725	2026-02-22T16:19:37Z	historical/ai_rss_feed/0837_2026-02-22T16-19-37Z_1ebe0b74c898_ai_rss_feed.xml	ok_xml	Update RSS feeds and status report - Sun Feb 22 16:19:37 UTC 2026
https://rss.tedt.org/ai_rss_feed.xml	ai_rss_feed.xml	ai_rss_feed.xml	0838	8177f0787159a308097f2b9d56b95b619449dd12	2026-02-23T01:16:23Z	historical/ai_rss_feed/0838_2026-02-23T01-16-23Z_8177f0787159_ai_rss_feed.xml	ok_xml	Update RSS feeds and status report - Mon Feb 23 01:16:23 UTC 2026
https://rss.tedt.org/ai_rss_feed.xml	ai_rss_feed.xml	ai_rss_feed.xml	0839	4fefeffa251f977ba580198149917f186d726fc3	2026-02-23T08:38:38Z	historical/ai_rss_feed/0839_2026-02-23T08-38-38Z_4fefeffa251f_ai_rss_feed.xml	ok_xml	Update RSS feeds and status report - Mon Feb 23 08:38:38 UTC 2026
https://rss.tedt.org/ai_rss_feed.xml	ai_rss_feed.xml	ai_rss_feed.xml	0840	b019ce96d7498b6f78564806c8b87866cdccf478	2026-02-23T16:44:43Z	historical/ai_rss_feed/0840_2026-02-23T16-44-43Z_b019ce96d749_ai_rss_feed.xml	ok_xml	Update RSS feeds and status report - Mon Feb 23 16:44:43 UTC 2026
https://rss.tedt.org/ai_rss_feed.xml	ai_rss_feed.xml	ai_rss_feed.xml	0841	5e4cdeefc423810adecf9839c0b7132ad9d842cc	2026-02-24T01:19:45Z	historical/ai_rss_feed/0841_2026-02-24T01-19-45Z_5e4cdeefc423_ai_rss_feed.xml	ok_xml	Update RSS feeds and status report - Tue Feb 24 01:19:45 UTC 2026
https://rss.tedt.org/ai_rss_feed.xml	ai_rss_feed.xml	ai_rss_feed.xml	0842	2c66b54a3911c58794c0f14b3f7d5596f42b4fd9	2026-02-24T08:41:37Z	historical/ai_rss_feed/0842_2026-02-24T08-41-37Z_2c66b54a3911_ai_rss_feed.xml	ok_xml	Update RSS feeds and status report - Tue Feb 24 08:41:37 UTC 2026
https://rss.tedt.org/ai_rss_feed.xml	ai_rss_feed.xml	ai_rss_feed.xml	0843	80c921ace9c204a361675107b3fd28e3496b0c27	2026-02-24T16:57:03Z	historical/ai_rss_feed/0843_2026-02-24T16-57-03Z_80c921ace9c2_ai_rss_feed.xml	ok_xml	Update RSS feeds and status report - Tue Feb 24 16:57:03 UTC 2026
https://rss.tedt.org/ai_rss_feed.xml	ai_rss_feed.xml	ai_rss_feed.xml	0844	c909bec9cd816a72e1f00e3f9712677d488a196c	2026-02-25T01:20:11Z	historical/ai_rss_feed/0844_2026-02-25T01-20-11Z_c909bec9cd81_ai_rss_feed.xml	ok_xml	Update RSS feeds and status report - Wed Feb 25 01:20:11 UTC 2026
https://rss.tedt.org/ai_rss_feed.xml	ai_rss_feed.xml	ai_rss_feed.xml	0845	d88fe33e9b32aeeb88e53a52e80ae0d57a8257e1	2026-02-24T17:54:35-08:00	historical/ai_rss_feed/0845_2026-02-24T17-54-35-08-00_d88fe33e9b32_ai_rss_feed.xml	ok_xml	Add aggregated feeds for Enterprise Architecture and External AI & Tech News
https://rss.tedt.org/ai_rss_feed.xml	ai_rss_feed.xml	ai_rss_feed.xml	0846	e54d62bda7c907aeea3596ab4a369e8ba6879712	2026-02-25T08:39:43Z	historical/ai_rss_feed/0846_2026-02-25T08-39-43Z_e54d62bda7c9_ai_rss_feed.xml	ok_xml	Update RSS feeds and status report - Wed Feb 25 08:39:43 UTC 2026
https://rss.tedt.org/ai_rss_feed.xml	ai_rss_feed.xml	ai_rss_feed.xml	0847	fd696e454d111ed1f49dfb500684b06434a3dfcb	2026-02-25T17:02:05Z	historical/ai_rss_feed/0847_2026-02-25T17-02-05Z_fd696e454d11_ai_rss_feed.xml	ok_xml	Update RSS feeds and status report - Wed Feb 25 17:02:05 UTC 2026
https://rss.tedt.org/ai_rss_feed.xml	ai_rss_feed.xml	ai_rss_feed.xml	0848	ca238b6ee49ce15802072d4c3a0698b6ca37a3c5	2026-02-26T01:15:40Z	historical/ai_rss_feed/0848_2026-02-26T01-15-40Z_ca238b6ee49c_ai_rss_feed.xml	ok_xml	Update RSS feeds and status report - Thu Feb 26 01:15:40 UTC 2026
https://rss.tedt.org/ai_rss_feed.xml	ai_rss_feed.xml	ai_rss_feed.xml	0849	125c86cc7e815b776c9f810d8aeab48be6520ac4	2026-02-26T08:37:56Z	historical/ai_rss_feed/0849_2026-02-26T08-37-56Z_125c86cc7e81_ai_rss_feed.xml	ok_xml	Update RSS feeds and status report - Thu Feb 26 08:37:56 UTC 2026
https://rss.tedt.org/ai_rss_feed.xml	ai_rss_feed.xml	ai_rss_feed.xml	0850	9328e9383c19f8d319f23c5d580d42f43f765155	2026-02-26T16:48:59Z	historical/ai_rss_feed/0850_2026-02-26T16-48-59Z_9328e9383c19_ai_rss_feed.xml	ok_xml	Update RSS feeds and status report - Thu Feb 26 16:48:59 UTC 2026
https://rss.tedt.org/ai_rss_feed.xml	ai_rss_feed.xml	ai_rss_feed.xml	0851	9cc7d81cec03806bffa09dfecb26e5b0dd5e1516	2026-02-26T23:59:28Z	historical/ai_rss_feed/0851_2026-02-26T23-59-28Z_9cc7d81cec03_ai_rss_feed.xml	ok_xml	Update RSS feeds and status report - Thu Feb 26 23:59:28 UTC 2026
https://rss.tedt.org/ai_rss_feed.xml	ai_rss_feed.xml	ai_rss_feed.xml	0852	78802d883a0b574029e163bafa385ae872aa202e	2026-02-27T00:10:11Z	historical/ai_rss_feed/0852_2026-02-27T00-10-11Z_78802d883a0b_ai_rss_feed.xml	ok_xml	Update RSS feeds and status report - Fri Feb 27 00:10:11 UTC 2026
https://rss.tedt.org/ai_rss_feed.xml	ai_rss_feed.xml	ai_rss_feed.xml	0853	07ab391b8194286e20462205c347593a26155053	2026-02-27T01:41:31Z	historical/ai_rss_feed/0853_2026-02-27T01-41-31Z_07ab391b8194_ai_rss_feed.xml	ok_xml	Update RSS feeds and status report - Fri Feb 27 01:41:31 UTC 2026
https://rss.tedt.org/ai_rss_feed.xml	ai_rss_feed.xml	ai_rss_feed.xml	0854	76024459df6f71705ebb3e299524dbbeae5b59fa	2026-02-26T18:14:37-08:00	historical/ai_rss_feed/0854_2026-02-26T18-14-37-08-00_76024459df6f_ai_rss_feed.xml	ok_xml	Update fetched timestamps and item counts across multiple JSON files; add new Reddit post to Machine Learning feed; adjust upvote counts and comments for existing posts; modify pipeline report and RSS status to reflect accurate data.
https://rss.tedt.org/ai_rss_feed.xml	ai_rss_feed.xml	ai_rss_feed.xml	0855	b8e1dbc611ff7c323bea437b6f298d7ef75de3ca	2026-02-27T08:33:47Z	historical/ai_rss_feed/0855_2026-02-27T08-33-47Z_b8e1dbc611ff_ai_rss_feed.xml	ok_xml	Update RSS feeds and status report - Fri Feb 27 08:33:47 UTC 2026
https://rss.tedt.org/ai_rss_feed.xml	ai_rss_feed.xml	ai_rss_feed.xml	0856	6e95bb2d3a3374962820246165cf896a7279e571	2026-02-27T16:32:50Z	historical/ai_rss_feed/0856_2026-02-27T16-32-50Z_6e95bb2d3a33_ai_rss_feed.xml	ok_xml	Update RSS feeds and status report - Fri Feb 27 16:32:50 UTC 2026
https://rss.tedt.org/ai_rss_feed.xml	ai_rss_feed.xml	ai_rss_feed.xml	0857	290d9a9d0ee5954fd0f222d8e3658ccd5613afbd	2026-02-27T14:07:52-08:00	historical/ai_rss_feed/0857_2026-02-27T14-07-52-08-00_290d9a9d0ee5_ai_rss_feed.xml	ok_xml	Update timestamps and enhance importance grading in aggregated feeds
https://rss.tedt.org/ai_rss_feed.xml	ai_rss_feed.xml	ai_rss_feed.xml	0858	42d52eefbfee6d13e4417f4df0c523e4ff0484fd	2026-02-27T15:31:10-08:00	historical/ai_rss_feed/0858_2026-02-27T15-31-10-08-00_42d52eefbfee_ai_rss_feed.xml	ok_xml	Update timestamps and enhance importance tagging in RSS feeds
https://rss.tedt.org/ai_rss_feed.xml	ai_rss_feed.xml	ai_rss_feed.xml	0859	94caec9015020e8010d27e416588738d702eb3cd	2026-02-28T01:12:49Z	historical/ai_rss_feed/0859_2026-02-28T01-12-49Z_94caec901502_ai_rss_feed.xml	ok_xml	Update RSS feeds and status report - Sat Feb 28 01:12:49 UTC 2026
https://rss.tedt.org/ai_rss_feed.xml	ai_rss_feed.xml	ai_rss_feed.xml	0860	b8d2d76d639ac8b06e57bbf52193e43ac0d93830	2026-02-28T08:20:48Z	historical/ai_rss_feed/0860_2026-02-28T08-20-48Z_b8d2d76d639a_ai_rss_feed.xml	ok_xml	Update RSS feeds and status report - Sat Feb 28 08:20:48 UTC 2026
https://rss.tedt.org/ai_rss_feed.xml	ai_rss_feed.xml	ai_rss_feed.xml	0861	1f67ea67497e24e898f75c8f201893d172dbbe70	2026-02-28T16:19:08Z	historical/ai_rss_feed/0861_2026-02-28T16-19-08Z_1f67ea67497e_ai_rss_feed.xml	ok_xml	Update RSS feeds and status report - Sat Feb 28 16:19:08 UTC 2026
https://rss.tedt.org/ai_rss_feed.xml	ai_rss_feed.xml	ai_rss_feed.xml	0862	39522f5b4c6cae26621e542676da5af38836b46b	2026-03-01T01:24:28Z	historical/ai_rss_feed/0862_2026-03-01T01-24-28Z_39522f5b4c6c_ai_rss_feed.xml	ok_xml	Update RSS feeds and status report - Sun Mar  1 01:24:28 UTC 2026
https://rss.tedt.org/ai_rss_feed.xml	ai_rss_feed.xml	ai_rss_feed.xml	0863	b9dcb3a46e4d3c383243659d44016fc75ec4f45e	2026-03-01T08:23:12Z	historical/ai_rss_feed/0863_2026-03-01T08-23-12Z_b9dcb3a46e4d_ai_rss_feed.xml	ok_xml	Update RSS feeds and status report - Sun Mar  1 08:23:12 UTC 2026
https://rss.tedt.org/ai_rss_feed.xml	ai_rss_feed.xml	ai_rss_feed.xml	0864	77020a5b215fef8b92ffa5d01657fd552744311f	2026-03-01T16:19:47Z	historical/ai_rss_feed/0864_2026-03-01T16-19-47Z_77020a5b215f_ai_rss_feed.xml	ok_xml	Update RSS feeds and status report - Sun Mar  1 16:19:47 UTC 2026
https://rss.tedt.org/ai_rss_feed.xml	ai_rss_feed.xml	ai_rss_feed.xml	0865	a566bcd67e73c3647a0a53698844fe33fbbb274b	2026-03-02T01:16:59Z	historical/ai_rss_feed/0865_2026-03-02T01-16-59Z_a566bcd67e73_ai_rss_feed.xml	ok_xml	Update RSS feeds and status report - Mon Mar  2 01:16:59 UTC 2026
https://rss.tedt.org/ai_rss_feed.xml	ai_rss_feed.xml	ai_rss_feed.xml	0866	0a54d4fe398ff8e57ae380e6df030e60d702151d	2026-03-02T08:36:16Z	historical/ai_rss_feed/0866_2026-03-02T08-36-16Z_0a54d4fe398f_ai_rss_feed.xml	ok_xml	Update RSS feeds and status report - Mon Mar  2 08:36:16 UTC 2026
https://rss.tedt.org/ai_rss_feed.xml	ai_rss_feed.xml	ai_rss_feed.xml	0867	a0ff353a3f7370dab2ddd5a0f02a90401ea3f2c2	2026-03-02T16:35:29Z	historical/ai_rss_feed/0867_2026-03-02T16-35-29Z_a0ff353a3f73_ai_rss_feed.xml	ok_xml	Update RSS feeds and status report - Mon Mar  2 16:35:29 UTC 2026
https://rss.tedt.org/ai_rss_feed.xml	ai_rss_feed.xml	ai_rss_feed.xml	0868	3caf89eb610b9454b44761df3d357053cb29f99e	2026-03-03T01:19:00Z	historical/ai_rss_feed/0868_2026-03-03T01-19-00Z_3caf89eb610b_ai_rss_feed.xml	ok_xml	Update RSS feeds and status report - Tue Mar  3 01:19:00 UTC 2026
https://rss.tedt.org/ai_rss_feed.xml	ai_rss_feed.xml	ai_rss_feed.xml	0869	679df67ce81a82868365d1579fca249cd89d5dc5	2026-03-03T08:32:12Z	historical/ai_rss_feed/0869_2026-03-03T08-32-12Z_679df67ce81a_ai_rss_feed.xml	ok_xml	Update RSS feeds and status report - Tue Mar  3 08:32:12 UTC 2026
https://rss.tedt.org/ai_rss_feed.xml	ai_rss_feed.xml	ai_rss_feed.xml	0870	fbff14ac2a12992924390879aaeb3fa21d485b63	2026-03-03T16:38:37Z	historical/ai_rss_feed/0870_2026-03-03T16-38-37Z_fbff14ac2a12_ai_rss_feed.xml	ok_xml	Update RSS feeds and status report - Tue Mar  3 16:38:37 UTC 2026
https://rss.tedt.org/ai_rss_feed.xml	ai_rss_feed.xml	ai_rss_feed.xml	0871	b271f003c3c667d3a65d821467608b9396fa4fdd	2026-03-04T01:14:51Z	historical/ai_rss_feed/0871_2026-03-04T01-14-51Z_b271f003c3c6_ai_rss_feed.xml	ok_xml	Update RSS feeds and status report - Wed Mar  4 01:14:51 UTC 2026
https://rss.tedt.org/ai_rss_feed.xml	ai_rss_feed.xml	ai_rss_feed.xml	0872	3e18baa996775268974e6745e060fe826b2cf62e	2026-03-04T08:31:03Z	historical/ai_rss_feed/0872_2026-03-04T08-31-03Z_3e18baa99677_ai_rss_feed.xml	ok_xml	Update RSS feeds and status report - Wed Mar  4 08:31:03 UTC 2026
https://rss.tedt.org/ai_rss_feed.xml	ai_rss_feed.xml	ai_rss_feed.xml	0873	f257785101434a00c0e362a922ae900af58e2ce4	2026-03-04T16:34:51Z	historical/ai_rss_feed/0873_2026-03-04T16-34-51Z_f25778510143_ai_rss_feed.xml	ok_xml	Update RSS feeds and status report - Wed Mar  4 16:34:51 UTC 2026
https://rss.tedt.org/ai_rss_feed.xml	ai_rss_feed.xml	ai_rss_feed.xml	0874	38891e26db1314291150b0b5522c4549187fd9db	2026-03-05T01:17:25Z	historical/ai_rss_feed/0874_2026-03-05T01-17-25Z_38891e26db13_ai_rss_feed.xml	ok_xml	Update RSS feeds and status report - Thu Mar  5 01:17:25 UTC 2026
https://rss.tedt.org/ai_rss_feed.xml	ai_rss_feed.xml	ai_rss_feed.xml	0875	2e3b199d71a2f405522fc6233a43eab035badeab	2026-03-05T08:32:46Z	historical/ai_rss_feed/0875_2026-03-05T08-32-46Z_2e3b199d71a2_ai_rss_feed.xml	ok_xml	Update RSS feeds and status report - Thu Mar  5 08:32:46 UTC 2026
https://rss.tedt.org/ai_rss_feed.xml	ai_rss_feed.xml	ai_rss_feed.xml	0876	6656c9eaa68ed05996840149562887a0cda6f8fb	2026-03-05T17:56:52Z	historical/ai_rss_feed/0876_2026-03-05T17-56-52Z_6656c9eaa68e_ai_rss_feed.xml	ok_xml	Update RSS feeds and status report - Thu Mar  5 17:56:52 UTC 2026
https://rss.tedt.org/ai_rss_feed.xml	ai_rss_feed.xml	ai_rss_feed.xml	0877	41ce721b015023586438ab2c3e683f67cad5d67d	2026-03-06T01:21:10Z	historical/ai_rss_feed/0877_2026-03-06T01-21-10Z_41ce721b0150_ai_rss_feed.xml	ok_xml	Update RSS feeds and status report - Fri Mar  6 01:21:10 UTC 2026
https://rss.tedt.org/ai_rss_feed.xml	ai_rss_feed.xml	ai_rss_feed.xml	0878	a41e2d6f8fc3646a72e0ca1354b51fc616474578	2026-03-06T08:29:30Z	historical/ai_rss_feed/0878_2026-03-06T08-29-30Z_a41e2d6f8fc3_ai_rss_feed.xml	ok_xml	Update RSS feeds and status report - Fri Mar  6 08:29:30 UTC 2026
https://rss.tedt.org/ai_rss_feed.xml	ai_rss_feed.xml	ai_rss_feed.xml	0879	f89ebfda0c1bbf8e1abfd57b2983aa0baf20e166	2026-03-06T16:32:07Z	historical/ai_rss_feed/0879_2026-03-06T16-32-07Z_f89ebfda0c1b_ai_rss_feed.xml	ok_xml	Update RSS feeds and status report - Fri Mar  6 16:32:07 UTC 2026
https://rss.tedt.org/ai_rss_feed.xml	ai_rss_feed.xml	ai_rss_feed.xml	0880	7c2068169df70374bb3eca07ce3f2acefbffea54	2026-03-07T01:12:30Z	historical/ai_rss_feed/0880_2026-03-07T01-12-30Z_7c2068169df7_ai_rss_feed.xml	ok_xml	Update RSS feeds and status report - Sat Mar  7 01:12:30 UTC 2026
https://rss.tedt.org/ai_rss_feed.xml	ai_rss_feed.xml	ai_rss_feed.xml	0881	dcd994d7d7e9d265bedb9616c23ca2d0dcd4194a	2026-03-07T08:22:09Z	historical/ai_rss_feed/0881_2026-03-07T08-22-09Z_dcd994d7d7e9_ai_rss_feed.xml	ok_xml	Update RSS feeds and status report - Sat Mar  7 08:22:09 UTC 2026
https://rss.tedt.org/ai_rss_feed.xml	ai_rss_feed.xml	ai_rss_feed.xml	0882	cce805b6440caa24f5fb46f3fb9940d062a6c869	2026-03-07T16:20:11Z	historical/ai_rss_feed/0882_2026-03-07T16-20-11Z_cce805b6440c_ai_rss_feed.xml	ok_xml	Update RSS feeds and status report - Sat Mar  7 16:20:11 UTC 2026
https://rss.tedt.org/ai_rss_feed.xml	ai_rss_feed.xml	ai_rss_feed.xml	0883	4ecb23e9dd90bdf9d311fa0e972ace2b5e80d5a3	2026-03-08T01:18:04Z	historical/ai_rss_feed/0883_2026-03-08T01-18-04Z_4ecb23e9dd90_ai_rss_feed.xml	ok_xml	Update RSS feeds and status report - Sun Mar  8 01:18:04 UTC 2026
https://rss.tedt.org/ai_rss_feed.xml	ai_rss_feed.xml	ai_rss_feed.xml	0884	413cd483e551ee28c8bcae83e9d662b53241b758	2026-03-08T08:22:35Z	historical/ai_rss_feed/0884_2026-03-08T08-22-35Z_413cd483e551_ai_rss_feed.xml	ok_xml	Update RSS feeds and status report - Sun Mar  8 08:22:35 UTC 2026
https://rss.tedt.org/ai_rss_feed.xml	ai_rss_feed.xml	ai_rss_feed.xml	0885	a84b92bda5240a2aaaf85586ebc0831bae2d6360	2026-03-08T16:20:22Z	historical/ai_rss_feed/0885_2026-03-08T16-20-22Z_a84b92bda524_ai_rss_feed.xml	ok_xml	Update RSS feeds and status report - Sun Mar  8 16:20:22 UTC 2026
https://rss.tedt.org/ai_rss_feed.xml	ai_rss_feed.xml	ai_rss_feed.xml	0886	a51edd0d2f3d71f92f00b1602d4afbb8239b42cc	2026-03-09T01:17:40Z	historical/ai_rss_feed/0886_2026-03-09T01-17-40Z_a51edd0d2f3d_ai_rss_feed.xml	ok_xml	Update RSS feeds and status report - Mon Mar  9 01:17:40 UTC 2026
https://rss.tedt.org/ai_rss_feed.xml	ai_rss_feed.xml	ai_rss_feed.xml	0887	03077cadbf033d7e18e1358c3d0cb6ba342433c7	2026-03-09T08:36:17Z	historical/ai_rss_feed/0887_2026-03-09T08-36-17Z_03077cadbf03_ai_rss_feed.xml	ok_xml	Update RSS feeds and status report - Mon Mar  9 08:36:17 UTC 2026
https://rss.tedt.org/ai_rss_feed.xml	ai_rss_feed.xml	ai_rss_feed.xml	0888	36220c33d206f58dc50d9617c2aacea7028d08cb	2026-03-09T16:50:54Z	historical/ai_rss_feed/0888_2026-03-09T16-50-54Z_36220c33d206_ai_rss_feed.xml	ok_xml	Update RSS feeds and status report - Mon Mar  9 16:50:54 UTC 2026
https://rss.tedt.org/ai_rss_feed.xml	ai_rss_feed.xml	ai_rss_feed.xml	0889	52994e61cb153b66cec803bd3e315133d356d66c	2026-03-10T01:11:50Z	historical/ai_rss_feed/0889_2026-03-10T01-11-50Z_52994e61cb15_ai_rss_feed.xml	ok_xml	Update RSS feeds and status report - Tue Mar 10 01:11:50 UTC 2026
https://rss.tedt.org/ai_rss_feed.xml	ai_rss_feed.xml	ai_rss_feed.xml	0890	57fa8d7dd97603cf1d697ac1ebeb873b0029b1a8	2026-03-10T08:33:12Z	historical/ai_rss_feed/0890_2026-03-10T08-33-12Z_57fa8d7dd976_ai_rss_feed.xml	ok_xml	Update RSS feeds and status report - Tue Mar 10 08:33:12 UTC 2026
https://rss.tedt.org/ai_rss_feed.xml	ai_rss_feed.xml	ai_rss_feed.xml	0891	414875f0671a452992836a40c709806f95f49b6c	2026-03-10T16:59:33Z	historical/ai_rss_feed/0891_2026-03-10T16-59-33Z_414875f0671a_ai_rss_feed.xml	ok_xml	Update RSS feeds and status report - Tue Mar 10 16:59:33 UTC 2026
https://rss.tedt.org/ai_rss_feed.xml	ai_rss_feed.xml	ai_rss_feed.xml	0892	7963d9c688b284e854a4c0472e78d460c7c72981	2026-03-11T01:12:43Z	historical/ai_rss_feed/0892_2026-03-11T01-12-43Z_7963d9c688b2_ai_rss_feed.xml	ok_xml	Update RSS feeds and status report - Wed Mar 11 01:12:43 UTC 2026
https://rss.tedt.org/ai_rss_feed.xml	ai_rss_feed.xml	ai_rss_feed.xml	0893	ae5ee5db670769f5ace65f595490afb6a23f11a6	2026-03-11T08:32:52Z	historical/ai_rss_feed/0893_2026-03-11T08-32-52Z_ae5ee5db6707_ai_rss_feed.xml	ok_xml	Update RSS feeds and status report - Wed Mar 11 08:32:52 UTC 2026
https://rss.tedt.org/ai_rss_feed.xml	ai_rss_feed.xml	ai_rss_feed.xml	0894	828c9be249e5e0892f7be01cc8c6a6209145a8d4	2026-03-11T16:43:27Z	historical/ai_rss_feed/0894_2026-03-11T16-43-27Z_828c9be249e5_ai_rss_feed.xml	ok_xml	Update RSS feeds and status report - Wed Mar 11 16:43:27 UTC 2026
https://rss.tedt.org/ai_rss_feed.xml	ai_rss_feed.xml	ai_rss_feed.xml	0895	4c948bdf8b10c51ea4efb53057a896e018542c10	2026-03-12T01:10:11Z	historical/ai_rss_feed/0895_2026-03-12T01-10-11Z_4c948bdf8b10_ai_rss_feed.xml	ok_xml	Update RSS feeds and status report - Thu Mar 12 01:10:11 UTC 2026
https://rss.tedt.org/ai_rss_feed.xml	ai_rss_feed.xml	ai_rss_feed.xml	0896	e639e6171a57e6e40926f473d0137e743f47f721	2026-03-12T08:35:21Z	historical/ai_rss_feed/0896_2026-03-12T08-35-21Z_e639e6171a57_ai_rss_feed.xml	ok_xml	Update RSS feeds and status report - Thu Mar 12 08:35:21 UTC 2026
https://rss.tedt.org/ai_rss_feed.xml	ai_rss_feed.xml	ai_rss_feed.xml	0897	baf5e171d9bd2a20227e15e0f95375549aeebf6d	2026-03-12T16:53:23Z	historical/ai_rss_feed/0897_2026-03-12T16-53-23Z_baf5e171d9bd_ai_rss_feed.xml	ok_xml	Update RSS feeds and status report - Thu Mar 12 16:53:23 UTC 2026
https://rss.tedt.org/ai_rss_feed.xml	ai_rss_feed.xml	ai_rss_feed.xml	0898	2fa83536d6231073f3929115d5c686a0f8e263d6	2026-03-13T01:16:04Z	historical/ai_rss_feed/0898_2026-03-13T01-16-04Z_2fa83536d623_ai_rss_feed.xml	ok_xml	Update RSS feeds and status report - Fri Mar 13 01:16:04 UTC 2026
https://rss.tedt.org/ai_rss_feed.xml	ai_rss_feed.xml	ai_rss_feed.xml	0899	00eb844cbf2e38d0cd36d62a0783c89d70517126	2026-03-13T08:32:45Z	historical/ai_rss_feed/0899_2026-03-13T08-32-45Z_00eb844cbf2e_ai_rss_feed.xml	ok_xml	Update RSS feeds and status report - Fri Mar 13 08:32:44 UTC 2026
https://rss.tedt.org/ai_rss_feed.xml	ai_rss_feed.xml	ai_rss_feed.xml	0900	f862e52c111d36147696c234ecc81fd414b20052	2026-03-13T16:32:05Z	historical/ai_rss_feed/0900_2026-03-13T16-32-05Z_f862e52c111d_ai_rss_feed.xml	ok_xml	Update RSS feeds and status report - Fri Mar 13 16:32:05 UTC 2026
https://rss.tedt.org/ai_rss_feed.xml	ai_rss_feed.xml	ai_rss_feed.xml	0901	adeee94aae53e66a1e0ffd199e1702ef0a2f9610	2026-03-14T01:14:46Z	historical/ai_rss_feed/0901_2026-03-14T01-14-46Z_adeee94aae53_ai_rss_feed.xml	ok_xml	Update RSS feeds and status report - Sat Mar 14 01:14:46 UTC 2026
https://rss.tedt.org/ai_rss_feed.xml	ai_rss_feed.xml	ai_rss_feed.xml	0902	61b8e1dfca9fcd98af2fd2dd4287f38f22eb17e7	2026-03-14T08:26:25Z	historical/ai_rss_feed/0902_2026-03-14T08-26-25Z_61b8e1dfca9f_ai_rss_feed.xml	ok_xml	Update RSS feeds and status report - Sat Mar 14 08:26:25 UTC 2026
https://rss.tedt.org/ai_rss_feed.xml	ai_rss_feed.xml	ai_rss_feed.xml	0903	ddd029b0c5c4bbc8dcfd8ca366150d73a4490781	2026-03-14T16:22:36Z	historical/ai_rss_feed/0903_2026-03-14T16-22-36Z_ddd029b0c5c4_ai_rss_feed.xml	ok_xml	Update RSS feeds and status report - Sat Mar 14 16:22:36 UTC 2026
https://rss.tedt.org/ai_rss_feed.xml	ai_rss_feed.xml	ai_rss_feed.xml	0904	1d63bc04700a41b35d2c2a2502ba66223486ad66	2026-03-15T01:26:58Z	historical/ai_rss_feed/0904_2026-03-15T01-26-58Z_1d63bc04700a_ai_rss_feed.xml	ok_xml	Update RSS feeds and status report - Sun Mar 15 01:26:58 UTC 2026
https://rss.tedt.org/ai_rss_feed.xml	ai_rss_feed.xml	ai_rss_feed.xml	0905	d6124f6719369e9063eb51b9b086a54633b939a1	2026-03-15T08:29:16Z	historical/ai_rss_feed/0905_2026-03-15T08-29-16Z_d6124f671936_ai_rss_feed.xml	ok_xml	Update RSS feeds and status report - Sun Mar 15 08:29:16 UTC 2026
https://rss.tedt.org/ai_rss_feed.xml	ai_rss_feed.xml	ai_rss_feed.xml	0906	86d3ec4e45137ffa412c0e17e8acae18fc117786	2026-03-15T16:23:15Z	historical/ai_rss_feed/0906_2026-03-15T16-23-15Z_86d3ec4e4513_ai_rss_feed.xml	ok_xml	Update RSS feeds and status report - Sun Mar 15 16:23:15 UTC 2026
https://rss.tedt.org/ai_rss_feed.xml	ai_rss_feed.xml	ai_rss_feed.xml	0907	211a3da7bef07fe555ed25b0c0fb46e4e2f8787b	2026-03-16T01:26:32Z	historical/ai_rss_feed/0907_2026-03-16T01-26-32Z_211a3da7bef0_ai_rss_feed.xml	ok_xml	Update RSS feeds and status report - Mon Mar 16 01:26:32 UTC 2026
https://rss.tedt.org/ai_rss_feed.xml	ai_rss_feed.xml	ai_rss_feed.xml	0908	2a61c57721950234dd268be9b0992f3c5ada44fc	2026-03-16T08:47:15Z	historical/ai_rss_feed/0908_2026-03-16T08-47-15Z_2a61c5772195_ai_rss_feed.xml	ok_xml	Update RSS feeds and status report - Mon Mar 16 08:47:15 UTC 2026
https://rss.tedt.org/ai_rss_feed.xml	ai_rss_feed.xml	ai_rss_feed.xml	0909	61748dada5649c8a423b682c4918cea06973c19b	2026-03-16T16:56:55Z	historical/ai_rss_feed/0909_2026-03-16T16-56-55Z_61748dada564_ai_rss_feed.xml	ok_xml	Update RSS feeds and status report - Mon Mar 16 16:56:55 UTC 2026
https://rss.tedt.org/ai_rss_feed.xml	ai_rss_feed.xml	ai_rss_feed.xml	0910	012f5bd4a828cc4ab84d16a2aab5a80605e8daf6	2026-03-17T01:17:55Z	historical/ai_rss_feed/0910_2026-03-17T01-17-55Z_012f5bd4a828_ai_rss_feed.xml	ok_xml	Update RSS feeds and status report - Tue Mar 17 01:17:55 UTC 2026
https://rss.tedt.org/ai_rss_feed.xml	ai_rss_feed.xml	ai_rss_feed.xml	0911	beb678929e885fdf691266a6e0a68d35b5a59248	2026-03-17T08:42:34Z	historical/ai_rss_feed/0911_2026-03-17T08-42-34Z_beb678929e88_ai_rss_feed.xml	ok_xml	Update RSS feeds and status report - Tue Mar 17 08:42:34 UTC 2026
https://rss.tedt.org/ai_rss_feed.xml	ai_rss_feed.xml	ai_rss_feed.xml	0912	c0c6a40897b1c50ec9944047392450167d68cf15	2026-03-17T16:58:46Z	historical/ai_rss_feed/0912_2026-03-17T16-58-46Z_c0c6a40897b1_ai_rss_feed.xml	ok_xml	Update RSS feeds and status report - Tue Mar 17 16:58:46 UTC 2026
https://rss.tedt.org/ai_rss_feed.xml	ai_rss_feed.xml	ai_rss_feed.xml	0913	81faae939c5def9f05090815932752ae419cac25	2026-03-18T01:21:49Z	historical/ai_rss_feed/0913_2026-03-18T01-21-49Z_81faae939c5d_ai_rss_feed.xml	ok_xml	Update RSS feeds and status report - Wed Mar 18 01:21:49 UTC 2026
https://rss.tedt.org/ai_rss_feed.xml	ai_rss_feed.xml	ai_rss_feed.xml	0914	21bdb21ce36ba85d8da281a370997f75de1a4fdf	2026-03-18T08:39:47Z	historical/ai_rss_feed/0914_2026-03-18T08-39-47Z_21bdb21ce36b_ai_rss_feed.xml	ok_xml	Update RSS feeds and status report - Wed Mar 18 08:39:46 UTC 2026
https://rss.tedt.org/ai_rss_feed.xml	ai_rss_feed.xml	ai_rss_feed.xml	0915	22a3c9cc9b0f38e69f9bc00cfbd7cca5ff26ea11	2026-03-18T16:53:05Z	historical/ai_rss_feed/0915_2026-03-18T16-53-05Z_22a3c9cc9b0f_ai_rss_feed.xml	ok_xml	Update RSS feeds and status report - Wed Mar 18 16:53:05 UTC 2026
https://rss.tedt.org/ai_rss_feed.xml	ai_rss_feed.xml	ai_rss_feed.xml	0916	934c9e069fcb3ebe70fb92910d38da413a86c475	2026-03-19T01:21:22Z	historical/ai_rss_feed/0916_2026-03-19T01-21-22Z_934c9e069fcb_ai_rss_feed.xml	ok_xml	Update RSS feeds and status report - Thu Mar 19 01:21:22 UTC 2026
https://rss.tedt.org/ai_rss_feed.xml	ai_rss_feed.xml	ai_rss_feed.xml	0917	8f6d49017490d20c984ba45299f81f2bda362947	2026-03-19T08:34:53Z	historical/ai_rss_feed/0917_2026-03-19T08-34-53Z_8f6d49017490_ai_rss_feed.xml	ok_xml	Update RSS feeds and status report - Thu Mar 19 08:34:53 UTC 2026
https://rss.tedt.org/ai_rss_feed.xml	ai_rss_feed.xml	ai_rss_feed.xml	0918	9242e45e8085952ca7f3ab896f6d459385853bb3	2026-03-19T16:49:25Z	historical/ai_rss_feed/0918_2026-03-19T16-49-25Z_9242e45e8085_ai_rss_feed.xml	ok_xml	Update RSS feeds and status report - Thu Mar 19 16:49:24 UTC 2026
https://rss.tedt.org/ai_rss_feed.xml	ai_rss_feed.xml	ai_rss_feed.xml	0919	9b4f9ed7dcbab0d3c63e989ac8ff6a44ad67b938	2026-03-20T01:16:54Z	historical/ai_rss_feed/0919_2026-03-20T01-16-54Z_9b4f9ed7dcba_ai_rss_feed.xml	ok_xml	Update RSS feeds and status report - Fri Mar 20 01:16:54 UTC 2026
https://rss.tedt.org/ai_rss_feed.xml	ai_rss_feed.xml	ai_rss_feed.xml	0920	6665390d16301c0e8a0b68d627ad64eb05c40e5a	2026-03-20T08:33:47Z	historical/ai_rss_feed/0920_2026-03-20T08-33-47Z_6665390d1630_ai_rss_feed.xml	ok_xml	Update RSS feeds and status report - Fri Mar 20 08:33:47 UTC 2026
https://rss.tedt.org/ai_rss_feed.xml	ai_rss_feed.xml	ai_rss_feed.xml	0921	7c4e72ebeca05d148cbe890b73119c9ab2cf6c13	2026-03-20T16:34:59Z	historical/ai_rss_feed/0921_2026-03-20T16-34-59Z_7c4e72ebeca0_ai_rss_feed.xml	ok_xml	Update RSS feeds and status report - Fri Mar 20 16:34:59 UTC 2026
https://rss.tedt.org/ai_rss_feed.xml	ai_rss_feed.xml	ai_rss_feed.xml	0922	f597afd224f29f587f99f9d05cb323944f36b22f	2026-03-21T01:12:52Z	historical/ai_rss_feed/0922_2026-03-21T01-12-52Z_f597afd224f2_ai_rss_feed.xml	ok_xml	Update RSS feeds and status report - Sat Mar 21 01:12:52 UTC 2026
https://rss.tedt.org/ai_rss_feed.xml	ai_rss_feed.xml	ai_rss_feed.xml	0923	99871d16a3bd4e0381cb2e7fa134a06ab69bb129	2026-03-21T08:24:14Z	historical/ai_rss_feed/0923_2026-03-21T08-24-14Z_99871d16a3bd_ai_rss_feed.xml	ok_xml	Update RSS feeds and status report - Sat Mar 21 08:24:14 UTC 2026
https://rss.tedt.org/ai_rss_feed.xml	ai_rss_feed.xml	ai_rss_feed.xml	0924	aab145070cf8802a52149a1e0dd2e07809d22b1e	2026-03-21T16:21:09Z	historical/ai_rss_feed/0924_2026-03-21T16-21-09Z_aab145070cf8_ai_rss_feed.xml	ok_xml	Update RSS feeds and status report - Sat Mar 21 16:21:09 UTC 2026
https://rss.tedt.org/ai_rss_feed.xml	ai_rss_feed.xml	ai_rss_feed.xml	0925	1867e97ef725d5b146912a355e75f3d0c25cdfe0	2026-03-22T01:21:19Z	historical/ai_rss_feed/0925_2026-03-22T01-21-19Z_1867e97ef725_ai_rss_feed.xml	ok_xml	Update RSS feeds and status report - Sun Mar 22 01:21:19 UTC 2026
https://rss.tedt.org/ai_rss_feed.xml	ai_rss_feed.xml	ai_rss_feed.xml	0926	2db5532b09ddc923d9d77c817c0ab5bcf7232c14	2026-03-22T08:26:08Z	historical/ai_rss_feed/0926_2026-03-22T08-26-08Z_2db5532b09dd_ai_rss_feed.xml	ok_xml	Update RSS feeds and status report - Sun Mar 22 08:26:08 UTC 2026
https://rss.tedt.org/ai_rss_feed.xml	ai_rss_feed.xml	ai_rss_feed.xml	0927	3bab8f6e77e841d7a93b68ab810657f3e8b9d201	2026-03-22T16:21:38Z	historical/ai_rss_feed/0927_2026-03-22T16-21-38Z_3bab8f6e77e8_ai_rss_feed.xml	ok_xml	Update RSS feeds and status report - Sun Mar 22 16:21:38 UTC 2026
https://rss.tedt.org/ai_rss_feed.xml	ai_rss_feed.xml	ai_rss_feed.xml	0928	febff36f6a1f561f04ca4382199d5899d133e1cf	2026-03-23T01:22:20Z	historical/ai_rss_feed/0928_2026-03-23T01-22-20Z_febff36f6a1f_ai_rss_feed.xml	ok_xml	Update RSS feeds and status report - Mon Mar 23 01:22:20 UTC 2026
https://rss.tedt.org/ai_rss_feed.xml	ai_rss_feed.xml	ai_rss_feed.xml	0929	de56264bce8392872b1cb99db8f03f36fbad7421	2026-03-23T08:46:35Z	historical/ai_rss_feed/0929_2026-03-23T08-46-35Z_de56264bce83_ai_rss_feed.xml	ok_xml	Update RSS feeds and status report - Mon Mar 23 08:46:35 UTC 2026
https://rss.tedt.org/ai_rss_feed.xml	ai_rss_feed.xml	ai_rss_feed.xml	0930	054453303a0c59491cec66d50d2f420fd3744922	2026-03-23T16:49:34Z	historical/ai_rss_feed/0930_2026-03-23T16-49-34Z_054453303a0c_ai_rss_feed.xml	ok_xml	Update RSS feeds and status report - Mon Mar 23 16:49:34 UTC 2026
https://rss.tedt.org/ai_rss_feed.xml	ai_rss_feed.xml	ai_rss_feed.xml	0931	19cb851885a732a3be56f9bcc566ebf05a8795a6	2026-03-24T01:15:35Z	historical/ai_rss_feed/0931_2026-03-24T01-15-35Z_19cb851885a7_ai_rss_feed.xml	ok_xml	Update RSS feeds and status report - Tue Mar 24 01:15:35 UTC 2026
https://rss.tedt.org/ai_rss_feed.xml	ai_rss_feed.xml	ai_rss_feed.xml	0932	eab9a48c03063f20e679220ee96051edfff8ba5c	2026-03-24T08:42:53Z	historical/ai_rss_feed/0932_2026-03-24T08-42-53Z_eab9a48c0306_ai_rss_feed.xml	ok_xml	Update RSS feeds and status report - Tue Mar 24 08:42:53 UTC 2026
https://rss.tedt.org/ai_rss_feed.xml	ai_rss_feed.xml	ai_rss_feed.xml	0933	88fdb7746ecab65a2b32b8ab77f779247d937253	2026-03-24T16:55:02Z	historical/ai_rss_feed/0933_2026-03-24T16-55-02Z_88fdb7746eca_ai_rss_feed.xml	ok_xml	Update RSS feeds and status report - Tue Mar 24 16:55:02 UTC 2026
https://rss.tedt.org/ai_rss_feed.xml	ai_rss_feed.xml	ai_rss_feed.xml	0934	f3675d261d0f1da100269eb986ae2db401f26b20	2026-03-25T01:20:36Z	historical/ai_rss_feed/0934_2026-03-25T01-20-36Z_f3675d261d0f_ai_rss_feed.xml	ok_xml	Update RSS feeds and status report - Wed Mar 25 01:20:36 UTC 2026
https://rss.tedt.org/ai_rss_feed.xml	ai_rss_feed.xml	ai_rss_feed.xml	0935	961dc51c303493878d2bfd1e12dac545860ae9cd	2026-03-25T08:41:05Z	historical/ai_rss_feed/0935_2026-03-25T08-41-05Z_961dc51c3034_ai_rss_feed.xml	ok_xml	Update RSS feeds and status report - Wed Mar 25 08:41:05 UTC 2026
https://rss.tedt.org/ai_rss_feed.xml	ai_rss_feed.xml	ai_rss_feed.xml	0936	113dab7d7401bb42e97c06441391d5d7e57c96c8	2026-03-25T16:56:47Z	historical/ai_rss_feed/0936_2026-03-25T16-56-47Z_113dab7d7401_ai_rss_feed.xml	ok_xml	Update RSS feeds and status report - Wed Mar 25 16:56:47 UTC 2026
https://rss.tedt.org/ai_rss_feed.xml	ai_rss_feed.xml	ai_rss_feed.xml	0937	3104effaace258faed4651781e48006c045653ac	2026-03-26T01:25:54Z	historical/ai_rss_feed/0937_2026-03-26T01-25-54Z_3104effaace2_ai_rss_feed.xml	ok_xml	Update RSS feeds and status report - Thu Mar 26 01:25:54 UTC 2026
https://rss.tedt.org/ai_rss_feed.xml	ai_rss_feed.xml	ai_rss_feed.xml	0938	f5784e72c429769479ad5fc097e2343c0d70484f	2026-03-26T08:46:08Z	historical/ai_rss_feed/0938_2026-03-26T08-46-08Z_f5784e72c429_ai_rss_feed.xml	ok_xml	Update RSS feeds and status report - Thu Mar 26 08:46:08 UTC 2026
https://rss.tedt.org/ai_rss_feed.xml	ai_rss_feed.xml	ai_rss_feed.xml	0939	d9132516577413d5fd93574f4213a0de31c68544	2026-03-26T16:55:44Z	historical/ai_rss_feed/0939_2026-03-26T16-55-44Z_d91325165774_ai_rss_feed.xml	ok_xml	Update RSS feeds and status report - Thu Mar 26 16:55:44 UTC 2026
https://rss.tedt.org/ai_rss_feed.xml	ai_rss_feed.xml	ai_rss_feed.xml	0940	5eda4b6fb6130550dc2ea8edc5adebbd8dd92efd	2026-03-27T01:25:51Z	historical/ai_rss_feed/0940_2026-03-27T01-25-51Z_5eda4b6fb613_ai_rss_feed.xml	ok_xml	Update RSS feeds and status report - Fri Mar 27 01:25:51 UTC 2026
https://rss.tedt.org/ai_rss_feed.xml	ai_rss_feed.xml	ai_rss_feed.xml	0941	c985176e9160e3e9006dc26472e042624edc38b2	2026-03-27T08:43:24Z	historical/ai_rss_feed/0941_2026-03-27T08-43-24Z_c985176e9160_ai_rss_feed.xml	ok_xml	Update RSS feeds and status report - Fri Mar 27 08:43:24 UTC 2026
https://rss.tedt.org/ai_rss_feed.xml	ai_rss_feed.xml	ai_rss_feed.xml	0942	b33ebc05f0fd3ad39a7834815b9e541875295c05	2026-03-27T16:45:39Z	historical/ai_rss_feed/0942_2026-03-27T16-45-39Z_b33ebc05f0fd_ai_rss_feed.xml	ok_xml	Update RSS feeds and status report - Fri Mar 27 16:45:39 UTC 2026
https://rss.tedt.org/ai_rss_feed.xml	ai_rss_feed.xml	ai_rss_feed.xml	0943	abce38b4397aa6418e088c150fc7d9b28ad1aff2	2026-03-28T01:19:10Z	historical/ai_rss_feed/0943_2026-03-28T01-19-10Z_abce38b4397a_ai_rss_feed.xml	ok_xml	Update RSS feeds and status report - Sat Mar 28 01:19:10 UTC 2026
https://rss.tedt.org/ai_rss_feed.xml	ai_rss_feed.xml	ai_rss_feed.xml	0944	b499ab4073b0338bb6787a9652b70b96ed1a0db4	2026-03-28T08:30:55Z	historical/ai_rss_feed/0944_2026-03-28T08-30-55Z_b499ab4073b0_ai_rss_feed.xml	ok_xml	Update RSS feeds and status report - Sat Mar 28 08:30:55 UTC 2026
https://rss.tedt.org/ai_rss_feed.xml	ai_rss_feed.xml	ai_rss_feed.xml	0945	64052ea7a957835e98114e7cb4fb7e031dd64939	2026-03-28T16:25:31Z	historical/ai_rss_feed/0945_2026-03-28T16-25-31Z_64052ea7a957_ai_rss_feed.xml	ok_xml	Update RSS feeds and status report - Sat Mar 28 16:25:31 UTC 2026
https://rss.tedt.org/ai_rss_feed.xml	ai_rss_feed.xml	ai_rss_feed.xml	0946	70ee2c61a6a393f79f4be3efad55d583c63d2075	2026-03-29T01:28:39Z	historical/ai_rss_feed/0946_2026-03-29T01-28-39Z_70ee2c61a6a3_ai_rss_feed.xml	ok_xml	Update RSS feeds and status report - Sun Mar 29 01:28:39 UTC 2026
https://rss.tedt.org/ai_rss_feed.xml	ai_rss_feed.xml	ai_rss_feed.xml	0947	22f4d9e030db7d6a0771ed3c21c5a77c83eadf1e	2026-03-29T08:32:40Z	historical/ai_rss_feed/0947_2026-03-29T08-32-40Z_22f4d9e030db_ai_rss_feed.xml	ok_xml	Update RSS feeds and status report - Sun Mar 29 08:32:40 UTC 2026
https://rss.tedt.org/ai_rss_feed.xml	ai_rss_feed.xml	ai_rss_feed.xml	0948	e280d68050cf8cb80bd7a9466c9f340a81f9b153	2026-03-29T16:27:33Z	historical/ai_rss_feed/0948_2026-03-29T16-27-33Z_e280d68050cf_ai_rss_feed.xml	ok_xml	Update RSS feeds and status report - Sun Mar 29 16:27:33 UTC 2026
https://rss.tedt.org/ai_rss_feed.xml	ai_rss_feed.xml	ai_rss_feed.xml	0949	b2f67400cb17cefb431b4b1196762b18bf10dd72	2026-03-30T01:29:37Z	historical/ai_rss_feed/0949_2026-03-30T01-29-37Z_b2f67400cb17_ai_rss_feed.xml	ok_xml	Update RSS feeds and status report - Mon Mar 30 01:29:37 UTC 2026
https://rss.tedt.org/ai_rss_feed.xml	ai_rss_feed.xml	ai_rss_feed.xml	0950	0c36a0e2304330009cce50293907b4dd82fee943	2026-03-30T09:05:57Z	historical/ai_rss_feed/0950_2026-03-30T09-05-57Z_0c36a0e23043_ai_rss_feed.xml	ok_xml	Update RSS feeds and status report - Mon Mar 30 09:05:57 UTC 2026
https://rss.tedt.org/ai_rss_feed.xml	ai_rss_feed.xml	ai_rss_feed.xml	0951	fa5e48bbf5972e0b4a7f6a9b823d5b1136db9a98	2026-03-30T16:48:46Z	historical/ai_rss_feed/0951_2026-03-30T16-48-46Z_fa5e48bbf597_ai_rss_feed.xml	ok_xml	Update RSS feeds and status report - Mon Mar 30 16:48:46 UTC 2026
https://rss.tedt.org/ai_rss_feed.xml	ai_rss_feed.xml	ai_rss_feed.xml	0952	cf317ef31208df07b60640778a01b875f6c41d45	2026-03-31T01:27:19Z	historical/ai_rss_feed/0952_2026-03-31T01-27-19Z_cf317ef31208_ai_rss_feed.xml	ok_xml	Update RSS feeds and status report - Tue Mar 31 01:27:19 UTC 2026
https://rss.tedt.org/ai_rss_feed.xml	ai_rss_feed.xml	ai_rss_feed.xml	0953	6b3827e2ae8e0291f8e7c2612ec5bb9ad855b765	2026-03-31T08:49:05Z	historical/ai_rss_feed/0953_2026-03-31T08-49-05Z_6b3827e2ae8e_ai_rss_feed.xml	ok_xml	Update RSS feeds and status report - Tue Mar 31 08:49:05 UTC 2026
https://rss.tedt.org/ai_rss_feed.xml	ai_rss_feed.xml	ai_rss_feed.xml	0954	9eeec881d76852428251f6d89f8f68fa40e73acf	2026-03-31T17:04:24Z	historical/ai_rss_feed/0954_2026-03-31T17-04-24Z_9eeec881d768_ai_rss_feed.xml	ok_xml	Update RSS feeds and status report - Tue Mar 31 17:04:24 UTC 2026
https://rss.tedt.org/ai_rss_feed.xml	ai_rss_feed.xml	ai_rss_feed.xml	0955	01ee48e67ff578a4d3c590faa87c860f46fe48a5	2026-04-01T01:47:30Z	historical/ai_rss_feed/0955_2026-04-01T01-47-30Z_01ee48e67ff5_ai_rss_feed.xml	ok_xml	Update RSS feeds and status report - Wed Apr  1 01:47:30 UTC 2026
https://rss.tedt.org/ai_rss_feed.xml	ai_rss_feed.xml	ai_rss_feed.xml	0956	17da9665366f29770f6031666b7a478b0e53ae1f	2026-04-01T08:57:00Z	historical/ai_rss_feed/0956_2026-04-01T08-57-00Z_17da9665366f_ai_rss_feed.xml	ok_xml	Update RSS feeds and status report - Wed Apr  1 08:57:00 UTC 2026
https://rss.tedt.org/ai_rss_feed.xml	ai_rss_feed.xml	ai_rss_feed.xml	0957	70bcb1bee13fb592d90f50790ca1a6d4d5df0de4	2026-04-01T16:46:29Z	historical/ai_rss_feed/0957_2026-04-01T16-46-29Z_70bcb1bee13f_ai_rss_feed.xml	ok_xml	Update RSS feeds and status report - Wed Apr  1 16:46:29 UTC 2026
https://rss.tedt.org/ai_rss_feed.xml	ai_rss_feed.xml	ai_rss_feed.xml	0958	8126bafb96dc9e3a03feeb0ee505a18bb34883f9	2026-04-02T01:23:42Z	historical/ai_rss_feed/0958_2026-04-02T01-23-42Z_8126bafb96dc_ai_rss_feed.xml	ok_xml	Update RSS feeds and status report - Thu Apr  2 01:23:42 UTC 2026
https://rss.tedt.org/ai_rss_feed.xml	ai_rss_feed.xml	ai_rss_feed.xml	0959	52b42e396fc340863421a79084925cb6f6159419	2026-04-02T08:47:29Z	historical/ai_rss_feed/0959_2026-04-02T08-47-29Z_52b42e396fc3_ai_rss_feed.xml	ok_xml	Update RSS feeds and status report - Thu Apr  2 08:47:29 UTC 2026
https://rss.tedt.org/ai_rss_feed.xml	ai_rss_feed.xml	ai_rss_feed.xml	0960	9f9ebc943b65f522e10647b90259c28f8c43a376	2026-04-02T16:48:16Z	historical/ai_rss_feed/0960_2026-04-02T16-48-16Z_9f9ebc943b65_ai_rss_feed.xml	ok_xml	Update RSS feeds and status report - Thu Apr  2 16:48:16 UTC 2026
https://rss.tedt.org/ai_rss_feed.xml	ai_rss_feed.xml	ai_rss_feed.xml	0961	0e4ae48d7f489d01d6ac577aede6b69c34bc0a2c	2026-04-03T01:25:58Z	historical/ai_rss_feed/0961_2026-04-03T01-25-58Z_0e4ae48d7f48_ai_rss_feed.xml	ok_xml	Update RSS feeds and status report - Fri Apr  3 01:25:58 UTC 2026
https://rss.tedt.org/ai_rss_feed.xml	ai_rss_feed.xml	ai_rss_feed.xml	0962	f8d4ab5d583965a744b15db24f3c10318026495c	2026-04-03T08:44:50Z	historical/ai_rss_feed/0962_2026-04-03T08-44-50Z_f8d4ab5d5839_ai_rss_feed.xml	ok_xml	Update RSS feeds and status report - Fri Apr  3 08:44:50 UTC 2026
https://rss.tedt.org/ai_rss_feed.xml	ai_rss_feed.xml	ai_rss_feed.xml	0963	bd0ee53c054c310e5ea23f40572b070e66d00a22	2026-04-03T16:32:39Z	historical/ai_rss_feed/0963_2026-04-03T16-32-39Z_bd0ee53c054c_ai_rss_feed.xml	ok_xml	Update RSS feeds and status report - Fri Apr  3 16:32:39 UTC 2026
https://rss.tedt.org/ai_rss_feed.xml	ai_rss_feed.xml	ai_rss_feed.xml	0964	9d21ad9db6c96c45884f90069a19ebf3a28165f1	2026-04-04T01:20:22Z	historical/ai_rss_feed/0964_2026-04-04T01-20-22Z_9d21ad9db6c9_ai_rss_feed.xml	ok_xml	Update RSS feeds and status report - Sat Apr  4 01:20:22 UTC 2026
https://rss.tedt.org/ai_rss_feed.xml	ai_rss_feed.xml	ai_rss_feed.xml	0965	ec0c52255e06099d43dc28193bed4476f7d828b1	2026-04-04T08:32:54Z	historical/ai_rss_feed/0965_2026-04-04T08-32-54Z_ec0c52255e06_ai_rss_feed.xml	ok_xml	Update RSS feeds and status report - Sat Apr  4 08:32:54 UTC 2026
https://rss.tedt.org/ai_rss_feed.xml	ai_rss_feed.xml	ai_rss_feed.xml	0966	3f7cca88208a2f471db7964dc93b1cf1aaf53508	2026-04-04T16:27:04Z	historical/ai_rss_feed/0966_2026-04-04T16-27-04Z_3f7cca88208a_ai_rss_feed.xml	ok_xml	Update RSS feeds and status report - Sat Apr  4 16:27:04 UTC 2026
https://rss.tedt.org/ai_rss_feed.xml	ai_rss_feed.xml	ai_rss_feed.xml	0967	6e7147dc61a9ed9da2c74b34a1e37f3dce1f11ba	2026-04-05T01:29:59Z	historical/ai_rss_feed/0967_2026-04-05T01-29-59Z_6e7147dc61a9_ai_rss_feed.xml	ok_xml	Update RSS feeds and status report - Sun Apr  5 01:29:59 UTC 2026
https://rss.tedt.org/ai_rss_feed.xml	ai_rss_feed.xml	ai_rss_feed.xml	0968	479cb9a8a366e0758dd5b5d783aeebbb5e7dead6	2026-04-05T08:35:56Z	historical/ai_rss_feed/0968_2026-04-05T08-35-56Z_479cb9a8a366_ai_rss_feed.xml	ok_xml	Update RSS feeds and status report - Sun Apr  5 08:35:56 UTC 2026
https://rss.tedt.org/ai_rss_feed.xml	ai_rss_feed.xml	ai_rss_feed.xml	0969	90cfd9be25c4959deb185920eedbe29d580d173a	2026-04-05T16:28:38Z	historical/ai_rss_feed/0969_2026-04-05T16-28-38Z_90cfd9be25c4_ai_rss_feed.xml	ok_xml	Update RSS feeds and status report - Sun Apr  5 16:28:38 UTC 2026
https://rss.tedt.org/ai_rss_feed.xml	ai_rss_feed.xml	ai_rss_feed.xml	0970	07ec08258515ea704b05be6cb54f63e3ec4c53b9	2026-04-06T01:29:56Z	historical/ai_rss_feed/0970_2026-04-06T01-29-56Z_07ec08258515_ai_rss_feed.xml	ok_xml	Update RSS feeds and status report - Mon Apr  6 01:29:56 UTC 2026
https://rss.tedt.org/ai_rss_feed.xml	ai_rss_feed.xml	ai_rss_feed.xml	0971	ac29e32fb182528ac1db2eac6af2512f0105b500	2026-04-06T09:03:33Z	historical/ai_rss_feed/0971_2026-04-06T09-03-33Z_ac29e32fb182_ai_rss_feed.xml	ok_xml	Update RSS feeds and status report - Mon Apr  6 09:03:33 UTC 2026
https://rss.tedt.org/ai_rss_feed.xml	ai_rss_feed.xml	ai_rss_feed.xml	0972	4bdc1d41d70f1e9bc2ef27048b4e9cfbad8972ae	2026-04-06T16:39:05Z	historical/ai_rss_feed/0972_2026-04-06T16-39-05Z_4bdc1d41d70f_ai_rss_feed.xml	ok_xml	Update RSS feeds and status report - Mon Apr  6 16:39:05 UTC 2026
https://rss.tedt.org/ai_rss_feed.xml	ai_rss_feed.xml	ai_rss_feed.xml	0973	c65399d3a1b5bd8b5e9ec405780c8ee000290e17	2026-04-07T01:27:55Z	historical/ai_rss_feed/0973_2026-04-07T01-27-55Z_c65399d3a1b5_ai_rss_feed.xml	ok_xml	Update RSS feeds and status report - Tue Apr  7 01:27:55 UTC 2026
https://rss.tedt.org/ai_rss_feed.xml	ai_rss_feed.xml	ai_rss_feed.xml	0974	6b16c861c7cfd812fbca29882abb88abd69cbbb9	2026-04-07T08:56:03Z	historical/ai_rss_feed/0974_2026-04-07T08-56-03Z_6b16c861c7cf_ai_rss_feed.xml	ok_xml	Update RSS feeds and status report - Tue Apr  7 08:56:03 UTC 2026
https://rss.tedt.org/ai_rss_feed.xml	ai_rss_feed.xml	ai_rss_feed.xml	0975	9b545261933b826397686d5c3fd805a708a90bbd	2026-04-07T16:48:53Z	historical/ai_rss_feed/0975_2026-04-07T16-48-53Z_9b545261933b_ai_rss_feed.xml	ok_xml	Update RSS feeds and status report - Tue Apr  7 16:48:53 UTC 2026
https://rss.tedt.org/ai_rss_feed.xml	ai_rss_feed.xml	ai_rss_feed.xml	0976	406bb3d27439b6a1101e23f9b812e60946902081	2026-04-08T01:28:25Z	historical/ai_rss_feed/0976_2026-04-08T01-28-25Z_406bb3d27439_ai_rss_feed.xml	ok_xml	Update RSS feeds and status report - Wed Apr  8 01:28:25 UTC 2026
https://rss.tedt.org/ai_rss_feed.xml	ai_rss_feed.xml	ai_rss_feed.xml	0977	2ad0e4237b2f93d37b63183493f80df406ae231a	2026-04-08T09:03:38Z	historical/ai_rss_feed/0977_2026-04-08T09-03-38Z_2ad0e4237b2f_ai_rss_feed.xml	ok_xml	Update RSS feeds and status report - Wed Apr  8 09:03:38 UTC 2026
https://rss.tedt.org/ai_rss_feed.xml	ai_rss_feed.xml	ai_rss_feed.xml	0978	649dc7e5b5f35cd2a78c47608c054836dd1ddefb	2026-04-08T16:54:16Z	historical/ai_rss_feed/0978_2026-04-08T16-54-16Z_649dc7e5b5f3_ai_rss_feed.xml	ok_xml	Update RSS feeds and status report - Wed Apr  8 16:54:16 UTC 2026
https://rss.tedt.org/ai_rss_feed.xml	ai_rss_feed.xml	ai_rss_feed.xml	0979	d2857968615bd34c703aa9f43335c765c23a1c7e	2026-04-09T01:20:01Z	historical/ai_rss_feed/0979_2026-04-09T01-20-01Z_d2857968615b_ai_rss_feed.xml	ok_xml	Update RSS feeds and status report - Thu Apr  9 01:20:01 UTC 2026
https://rss.tedt.org/ai_rss_feed.xml	ai_rss_feed.xml	ai_rss_feed.xml	0980	b41bec7c5b676bd60643ebf88bd49eb7faaa4c80	2026-04-09T09:02:05Z	historical/ai_rss_feed/0980_2026-04-09T09-02-05Z_b41bec7c5b67_ai_rss_feed.xml	ok_xml	Update RSS feeds and status report - Thu Apr  9 09:02:05 UTC 2026
https://rss.tedt.org/ai_rss_feed.xml	ai_rss_feed.xml	ai_rss_feed.xml	0981	e5903b38fe046eb6d0247b32e24afed8d1650ca7	2026-04-09T16:59:55Z	historical/ai_rss_feed/0981_2026-04-09T16-59-55Z_e5903b38fe04_ai_rss_feed.xml	ok_xml	Update RSS feeds and status report - Thu Apr  9 16:59:55 UTC 2026
https://rss.tedt.org/ai_rss_feed.xml	ai_rss_feed.xml	ai_rss_feed.xml	0982	982ba2bddfb395e167db01927355272c03dda77b	2026-04-10T01:29:10Z	historical/ai_rss_feed/0982_2026-04-10T01-29-10Z_982ba2bddfb3_ai_rss_feed.xml	ok_xml	Update RSS feeds and status report - Fri Apr 10 01:29:10 UTC 2026
https://rss.tedt.org/ai_rss_feed.xml	ai_rss_feed.xml	ai_rss_feed.xml	0983	01f52fea3f43565793e1d3929d6faa80cff6ccec	2026-04-10T16:43:43Z	historical/ai_rss_feed/0983_2026-04-10T16-43-43Z_01f52fea3f43_ai_rss_feed.xml	ok_xml	Update RSS feeds and status report - Fri Apr 10 16:43:43 UTC 2026
https://rss.tedt.org/ai_rss_feed.xml	ai_rss_feed.xml	ai_rss_feed.xml	0984	2b57e8469f0536be63ea531c470db039dbe5cabd	2026-04-11T01:23:47Z	historical/ai_rss_feed/0984_2026-04-11T01-23-47Z_2b57e8469f05_ai_rss_feed.xml	ok_xml	Update RSS feeds and status report - Sat Apr 11 01:23:47 UTC 2026
https://rss.tedt.org/ai_rss_feed.xml	ai_rss_feed.xml	ai_rss_feed.xml	0985	da4755a51d01d3ff09fad3776a41e9481ecc1a56	2026-04-11T08:34:49Z	historical/ai_rss_feed/0985_2026-04-11T08-34-49Z_da4755a51d01_ai_rss_feed.xml	ok_xml	Update RSS feeds and status report - Sat Apr 11 08:34:49 UTC 2026
https://rss.tedt.org/ai_rss_feed.xml	ai_rss_feed.xml	ai_rss_feed.xml	0986	4c1fa3d4a448fdd831e15d3109b3e003b7d834f0	2026-04-11T16:28:25Z	historical/ai_rss_feed/0986_2026-04-11T16-28-25Z_4c1fa3d4a448_ai_rss_feed.xml	ok_xml	Update RSS feeds and status report - Sat Apr 11 16:28:25 UTC 2026
https://rss.tedt.org/ai_rss_feed.xml	ai_rss_feed.xml	ai_rss_feed.xml	0987	109dec1abdf008e9b501e4ade2dd01704ffa0655	2026-04-12T01:46:29Z	historical/ai_rss_feed/0987_2026-04-12T01-46-29Z_109dec1abdf0_ai_rss_feed.xml	ok_xml	Update RSS feeds and status report - Sun Apr 12 01:46:29 UTC 2026
https://rss.tedt.org/ai_rss_feed.xml	ai_rss_feed.xml	ai_rss_feed.xml	0988	251b2230e913224a2c842ff23c0febb02bea0365	2026-04-12T08:40:23Z	historical/ai_rss_feed/0988_2026-04-12T08-40-23Z_251b2230e913_ai_rss_feed.xml	ok_xml	Update RSS feeds and status report - Sun Apr 12 08:40:23 UTC 2026
https://rss.tedt.org/ai_rss_feed.xml	ai_rss_feed.xml	ai_rss_feed.xml	0989	c600fc534425c96c485a9a1d3f5b1dbe4bc1d6e7	2026-04-12T16:30:39Z	historical/ai_rss_feed/0989_2026-04-12T16-30-39Z_c600fc534425_ai_rss_feed.xml	ok_xml	Update RSS feeds and status report - Sun Apr 12 16:30:39 UTC 2026
https://rss.tedt.org/ai_rss_feed.xml	ai_rss_feed.xml	ai_rss_feed.xml	0990	3f029926652dd5684270a415e317d1e8c183eaf6	2026-04-13T01:51:17Z	historical/ai_rss_feed/0990_2026-04-13T01-51-17Z_3f029926652d_ai_rss_feed.xml	ok_xml	Update RSS feeds and status report - Mon Apr 13 01:51:17 UTC 2026
https://rss.tedt.org/ai_rss_feed.xml	ai_rss_feed.xml	ai_rss_feed.xml	0991	e421e5fbe03de2b90463fc804a834ee446c7893a	2026-04-13T09:30:13Z	historical/ai_rss_feed/0991_2026-04-13T09-30-13Z_e421e5fbe03d_ai_rss_feed.xml	ok_xml	Update RSS feeds and status report - Mon Apr 13 09:30:13 UTC 2026
https://rss.tedt.org/ai_rss_feed.xml	ai_rss_feed.xml	ai_rss_feed.xml	0992	3cb4845db4fbe2a8da50d0218de22f8ac4cde858	2026-04-13T16:57:12Z	historical/ai_rss_feed/0992_2026-04-13T16-57-12Z_3cb4845db4fb_ai_rss_feed.xml	ok_xml	Update RSS feeds and status report - Mon Apr 13 16:57:12 UTC 2026
https://rss.tedt.org/ai_rss_feed.xml	ai_rss_feed.xml	ai_rss_feed.xml	0993	5d72d9f4a6398436995421bf7221009c4a4fa865	2026-04-14T01:33:01Z	historical/ai_rss_feed/0993_2026-04-14T01-33-01Z_5d72d9f4a639_ai_rss_feed.xml	ok_xml	Update RSS feeds and status report - Tue Apr 14 01:33:01 UTC 2026
https://rss.tedt.org/ai_rss_feed.xml	ai_rss_feed.xml	ai_rss_feed.xml	0994	251cb62a0861e0823880649f031d591cd4bb9b3f	2026-04-14T09:11:50Z	historical/ai_rss_feed/0994_2026-04-14T09-11-50Z_251cb62a0861_ai_rss_feed.xml	ok_xml	Update RSS feeds and status report - Tue Apr 14 09:11:50 UTC 2026
https://rss.tedt.org/ai_rss_feed.xml	ai_rss_feed.xml	ai_rss_feed.xml	0995	30ccb1befb607d223bab94fada13abdd5e2f76ea	2026-04-14T17:10:35Z	historical/ai_rss_feed/0995_2026-04-14T17-10-35Z_30ccb1befb60_ai_rss_feed.xml	ok_xml	Update RSS feeds and status report - Tue Apr 14 17:10:35 UTC 2026
https://rss.tedt.org/ai_rss_feed.xml	ai_rss_feed.xml	ai_rss_feed.xml	0996	f31ef6becfb23c8e87a5e2643ed9a4d9c8de3548	2026-04-15T01:29:19Z	historical/ai_rss_feed/0996_2026-04-15T01-29-19Z_f31ef6becfb2_ai_rss_feed.xml	ok_xml	Update RSS feeds and status report - Wed Apr 15 01:29:19 UTC 2026
https://rss.tedt.org/ai_rss_feed.xml	ai_rss_feed.xml	ai_rss_feed.xml	0997	2268dfccf46c2bda98e27974f8847a8144b0773e	2026-04-15T09:12:48Z	historical/ai_rss_feed/0997_2026-04-15T09-12-48Z_2268dfccf46c_ai_rss_feed.xml	ok_xml	Update RSS feeds and status report - Wed Apr 15 09:12:48 UTC 2026
https://rss.tedt.org/ai_rss_feed.xml	ai_rss_feed.xml	ai_rss_feed.xml	0998	add9735c897923c45973d84f44d16e5c856d2061	2026-04-15T16:56:29Z	historical/ai_rss_feed/0998_2026-04-15T16-56-29Z_add9735c8979_ai_rss_feed.xml	ok_xml	Update RSS feeds and status report - Wed Apr 15 16:56:29 UTC 2026
https://rss.tedt.org/ai_rss_feed.xml	ai_rss_feed.xml	ai_rss_feed.xml	0999	fcf408608e4413f91b3da324f7397b95ba186ed8	2026-04-16T01:50:47Z	historical/ai_rss_feed/0999_2026-04-16T01-50-47Z_fcf408608e44_ai_rss_feed.xml	ok_xml	Update RSS feeds and status report - Thu Apr 16 01:50:47 UTC 2026
https://rss.tedt.org/ai_rss_feed.xml	ai_rss_feed.xml	ai_rss_feed.xml	1000	a18324ca3a7242f53d0c4b1346dafb140b156259	2026-04-16T09:24:12Z	historical/ai_rss_feed/1000_2026-04-16T09-24-12Z_a18324ca3a72_ai_rss_feed.xml	ok_xml	Update RSS feeds and status report - Thu Apr 16 09:24:12 UTC 2026
https://rss.tedt.org/ai_rss_feed.xml	ai_rss_feed.xml	ai_rss_feed.xml	1001	b02ed77ce8ac05471988f0f60f8da50a28c871e7	2026-04-16T17:06:27Z	historical/ai_rss_feed/1001_2026-04-16T17-06-27Z_b02ed77ce8ac_ai_rss_feed.xml	ok_xml	Update RSS feeds and status report - Thu Apr 16 17:06:27 UTC 2026
https://rss.tedt.org/ai_rss_feed.xml	ai_rss_feed.xml	ai_rss_feed.xml	1002	26777394aa94e6cd847568e067b244e5bdadc5cf	2026-04-17T01:33:01Z	historical/ai_rss_feed/1002_2026-04-17T01-33-01Z_26777394aa94_ai_rss_feed.xml	ok_xml	Update RSS feeds and status report - Fri Apr 17 01:33:01 UTC 2026
https://rss.tedt.org/ai_rss_feed.xml	ai_rss_feed.xml	ai_rss_feed.xml	1003	9cc74b5e428bd10249239f9c919250ef17d48ae9	2026-04-17T09:10:57Z	historical/ai_rss_feed/1003_2026-04-17T09-10-57Z_9cc74b5e428b_ai_rss_feed.xml	ok_xml	Update RSS feeds and status report - Fri Apr 17 09:10:57 UTC 2026
https://rss.tedt.org/ai_rss_feed.xml	ai_rss_feed.xml	ai_rss_feed.xml	1004	d56df2948d77cb875659bcd263d806d297a757af	2026-04-17T16:46:15Z	historical/ai_rss_feed/1004_2026-04-17T16-46-15Z_d56df2948d77_ai_rss_feed.xml	ok_xml	Update RSS feeds and status report - Fri Apr 17 16:46:15 UTC 2026
https://rss.tedt.org/ai_rss_feed.xml	ai_rss_feed.xml	ai_rss_feed.xml	1005	d043a201a9792da3559fb6719e3408ee6f7f1575	2026-04-18T01:26:36Z	historical/ai_rss_feed/1005_2026-04-18T01-26-36Z_d043a201a979_ai_rss_feed.xml	ok_xml	Update RSS feeds and status report - Sat Apr 18 01:26:36 UTC 2026
https://rss.tedt.org/ai_rss_feed.xml	ai_rss_feed.xml	ai_rss_feed.xml	1006	73a7ff00d5c4ad4d9b88a52e1154a2dbcac2a6a4	2026-04-18T08:40:27Z	historical/ai_rss_feed/1006_2026-04-18T08-40-27Z_73a7ff00d5c4_ai_rss_feed.xml	ok_xml	Update RSS feeds and status report - Sat Apr 18 08:40:27 UTC 2026
https://rss.tedt.org/ai_rss_feed.xml	ai_rss_feed.xml	ai_rss_feed.xml	1007	b77dba2e544d29ae1547d1c1067fd20badf67f50	2026-04-18T16:30:51Z	historical/ai_rss_feed/1007_2026-04-18T16-30-51Z_b77dba2e544d_ai_rss_feed.xml	ok_xml	Update RSS feeds and status report - Sat Apr 18 16:30:51 UTC 2026
https://rss.tedt.org/ai_rss_feed.xml	ai_rss_feed.xml	ai_rss_feed.xml	1008	93c641360ce142933dd344f62268df64f964d325	2026-04-19T01:49:47Z	historical/ai_rss_feed/1008_2026-04-19T01-49-47Z_93c641360ce1_ai_rss_feed.xml	ok_xml	Update RSS feeds and status report - Sun Apr 19 01:49:47 UTC 2026
https://rss.tedt.org/ai_rss_feed.xml	ai_rss_feed.xml	ai_rss_feed.xml	1009	e63385a58bea72c86a74cd1d12cae4359b040ee2	2026-04-19T08:45:48Z	historical/ai_rss_feed/1009_2026-04-19T08-45-48Z_e63385a58bea_ai_rss_feed.xml	ok_xml	Update RSS feeds and status report - Sun Apr 19 08:45:48 UTC 2026
https://rss.tedt.org/ai_rss_feed.xml	ai_rss_feed.xml	ai_rss_feed.xml	1010	7aa17d8d171d6704b63d46dac571efdef59d0bbc	2026-04-19T16:31:49Z	historical/ai_rss_feed/1010_2026-04-19T16-31-49Z_7aa17d8d171d_ai_rss_feed.xml	ok_xml	Update RSS feeds and status report - Sun Apr 19 16:31:49 UTC 2026
https://rss.tedt.org/ai_rss_feed.xml	ai_rss_feed.xml	ai_rss_feed.xml	1011	4b1d3b5c814eaebbad2f009693b1808524d0489d	2026-04-20T01:52:07Z	historical/ai_rss_feed/1011_2026-04-20T01-52-07Z_4b1d3b5c814e_ai_rss_feed.xml	ok_xml	Update RSS feeds and status report - Mon Apr 20 01:52:07 UTC 2026
https://rss.tedt.org/ai_rss_feed.xml	ai_rss_feed.xml	ai_rss_feed.xml	1012	1737a74567267c3550b5aee95e54c8d65a025a48	2026-04-20T09:52:15Z	historical/ai_rss_feed/1012_2026-04-20T09-52-15Z_1737a7456726_ai_rss_feed.xml	ok_xml	Update RSS feeds and status report - Mon Apr 20 09:52:15 UTC 2026
https://rss.tedt.org/ai_rss_feed.xml	ai_rss_feed.xml	ai_rss_feed.xml	1013	e91a0bbd6188f90254694173efefdce766955afe	2026-04-20T16:57:41Z	historical/ai_rss_feed/1013_2026-04-20T16-57-41Z_e91a0bbd6188_ai_rss_feed.xml	ok_xml	Update RSS feeds and status report - Mon Apr 20 16:57:41 UTC 2026
https://rss.tedt.org/ai_rss_feed.xml	ai_rss_feed.xml	ai_rss_feed.xml	1014	3ae5ed42449bbf4d307e3841b68d00429d5cb51a	2026-04-21T01:33:25Z	historical/ai_rss_feed/1014_2026-04-21T01-33-25Z_3ae5ed42449b_ai_rss_feed.xml	ok_xml	Update RSS feeds and status report - Tue Apr 21 01:33:25 UTC 2026
https://rss.tedt.org/ai_rss_feed.xml	ai_rss_feed.xml	ai_rss_feed.xml	1015	97d30fad72a91f6e43e15ed984c5f9b75e53ca24	2026-04-21T09:20:01Z	historical/ai_rss_feed/1015_2026-04-21T09-20-01Z_97d30fad72a9_ai_rss_feed.xml	ok_xml	Update RSS feeds and status report - Tue Apr 21 09:20:01 UTC 2026
https://rss.tedt.org/ai_rss_feed.xml	ai_rss_feed.xml	ai_rss_feed.xml	1016	47210c587a249314c6efbdf8f566e03992a1fc92	2026-04-21T16:52:35Z	historical/ai_rss_feed/1016_2026-04-21T16-52-35Z_47210c587a24_ai_rss_feed.xml	ok_xml	Update RSS feeds and status report - Tue Apr 21 16:52:35 UTC 2026
https://rss.tedt.org/ai_rss_feed.xml	ai_rss_feed.xml	ai_rss_feed.xml	1017	2cc5568a7a578ca22dca9c28fa08c6d592d3c707	2026-04-22T01:32:26Z	historical/ai_rss_feed/1017_2026-04-22T01-32-26Z_2cc5568a7a57_ai_rss_feed.xml	ok_xml	Update RSS feeds and status report - Wed Apr 22 01:32:26 UTC 2026
https://rss.tedt.org/ai_rss_feed.xml	ai_rss_feed.xml	ai_rss_feed.xml	1018	16dff492edb76f5b3d1e6034fd714a68cf8ac586	2026-04-22T09:14:29Z	historical/ai_rss_feed/1018_2026-04-22T09-14-29Z_16dff492edb7_ai_rss_feed.xml	ok_xml	Update RSS feeds and status report - Wed Apr 22 09:14:29 UTC 2026
https://rss.tedt.org/ai_rss_feed.xml	ai_rss_feed.xml	ai_rss_feed.xml	1019	03b699c06b93dc17a395a9f62e8064c64bda9b8c	2026-04-22T16:52:17Z	historical/ai_rss_feed/1019_2026-04-22T16-52-17Z_03b699c06b93_ai_rss_feed.xml	ok_xml	Update RSS feeds and status report - Wed Apr 22 16:52:17 UTC 2026
https://rss.tedt.org/ai_rss_feed.xml	ai_rss_feed.xml	ai_rss_feed.xml	1020	5c4efae8f1a18ed9b8c11a30e0fb4c01c08382e3	2026-04-23T01:51:12Z	historical/ai_rss_feed/1020_2026-04-23T01-51-12Z_5c4efae8f1a1_ai_rss_feed.xml	ok_xml	Update RSS feeds and status report - Thu Apr 23 01:51:12 UTC 2026
https://rss.tedt.org/ai_rss_feed.xml	ai_rss_feed.xml	ai_rss_feed.xml	1021	02620501878af787f1a5d57d6e7ee50f26535cc5	2026-04-23T09:21:21Z	historical/ai_rss_feed/1021_2026-04-23T09-21-21Z_02620501878a_ai_rss_feed.xml	ok_xml	Update RSS feeds and status report - Thu Apr 23 09:21:21 UTC 2026
https://rss.tedt.org/ai_rss_feed.xml	ai_rss_feed.xml	ai_rss_feed.xml	1022	be86f51e7680bf6b2b83cc89d15e21962d805783	2026-04-23T17:12:51Z	historical/ai_rss_feed/1022_2026-04-23T17-12-51Z_be86f51e7680_ai_rss_feed.xml	ok_xml	Update RSS feeds and status report - Thu Apr 23 17:12:51 UTC 2026
https://rss.tedt.org/ai_rss_feed.xml	ai_rss_feed.xml	ai_rss_feed.xml	1023	883de1e8d3a434154c04520594b42b337ff2a89c	2026-04-24T01:50:17Z	historical/ai_rss_feed/1023_2026-04-24T01-50-17Z_883de1e8d3a4_ai_rss_feed.xml	ok_xml	Update RSS feeds and status report - Fri Apr 24 01:50:17 UTC 2026
https://rss.tedt.org/ai_rss_feed.xml	ai_rss_feed.xml	ai_rss_feed.xml	1024	11f5a3d229c3533a00203adb94668f51c037366a	2026-04-24T09:25:33Z	historical/ai_rss_feed/1024_2026-04-24T09-25-33Z_11f5a3d229c3_ai_rss_feed.xml	ok_xml	Update RSS feeds and status report - Fri Apr 24 09:25:33 UTC 2026
https://rss.tedt.org/ai_rss_feed.xml	ai_rss_feed.xml	ai_rss_feed.xml	1025	03027442f963cfd8c0572d64a78c531b1d5108a6	2026-04-24T16:47:31Z	historical/ai_rss_feed/1025_2026-04-24T16-47-31Z_03027442f963_ai_rss_feed.xml	ok_xml	Update RSS feeds and status report - Fri Apr 24 16:47:31 UTC 2026
https://rss.tedt.org/ai_rss_feed.xml	ai_rss_feed.xml	ai_rss_feed.xml	1026	e59136dc9bc6a09b5c1680820602077c86d1d5fb	2026-04-25T01:29:34Z	historical/ai_rss_feed/1026_2026-04-25T01-29-34Z_e59136dc9bc6_ai_rss_feed.xml	ok_xml	Update RSS feeds and status report - Sat Apr 25 01:29:34 UTC 2026
https://rss.tedt.org/ai_rss_feed.xml	ai_rss_feed.xml	ai_rss_feed.xml	1027	8d7b5f1ecd9857e520368f3da3cadf545b3425ab	2026-04-25T08:45:05Z	historical/ai_rss_feed/1027_2026-04-25T08-45-05Z_8d7b5f1ecd98_ai_rss_feed.xml	ok_xml	Update RSS feeds and status report - Sat Apr 25 08:45:05 UTC 2026
https://rss.tedt.org/ai_rss_feed.xml	ai_rss_feed.xml	ai_rss_feed.xml	1028	cede86c7190bf80e72fb4ce485c49b49636df391	2026-04-25T16:34:33Z	historical/ai_rss_feed/1028_2026-04-25T16-34-33Z_cede86c7190b_ai_rss_feed.xml	ok_xml	Update RSS feeds and status report - Sat Apr 25 16:34:33 UTC 2026
https://rss.tedt.org/ai_rss_feed.xml	ai_rss_feed.xml	ai_rss_feed.xml	1029	3bedf823ac6a53de670a5420c9683a22630cd9fd	2026-04-26T01:52:39Z	historical/ai_rss_feed/1029_2026-04-26T01-52-39Z_3bedf823ac6a_ai_rss_feed.xml	ok_xml	Update RSS feeds and status report - Sun Apr 26 01:52:39 UTC 2026
https://rss.tedt.org/ai_rss_feed.xml	ai_rss_feed.xml	ai_rss_feed.xml	1030	5da4c89bfb5545bf28d0dc65b962eebaef2673fd	2026-04-26T08:53:00Z	historical/ai_rss_feed/1030_2026-04-26T08-53-00Z_5da4c89bfb55_ai_rss_feed.xml	ok_xml	Update RSS feeds and status report - Sun Apr 26 08:53:00 UTC 2026
https://rss.tedt.org/ai_rss_feed.xml	ai_rss_feed.xml	ai_rss_feed.xml	1031	cd21190da7b523a660dde9c93d08f1acb8f39685	2026-04-26T16:34:53Z	historical/ai_rss_feed/1031_2026-04-26T16-34-53Z_cd21190da7b5_ai_rss_feed.xml	ok_xml	Update RSS feeds and status report - Sun Apr 26 16:34:53 UTC 2026
https://rss.tedt.org/ai_rss_feed.xml	ai_rss_feed.xml	ai_rss_feed.xml	1032	cfb884a0a9dbb3a5054d79e88287b100aa07b776	2026-04-27T01:55:45Z	historical/ai_rss_feed/1032_2026-04-27T01-55-45Z_cfb884a0a9db_ai_rss_feed.xml	ok_xml	Update RSS feeds and status report - Mon Apr 27 01:55:45 UTC 2026
https://rss.tedt.org/ai_rss_feed.xml	ai_rss_feed.xml	ai_rss_feed.xml	1033	f0c5787a8a67f11cc7e9968a3d64571f47f04b93	2026-04-27T10:09:27Z	historical/ai_rss_feed/1033_2026-04-27T10-09-27Z_f0c5787a8a67_ai_rss_feed.xml	ok_xml	Update RSS feeds and status report - Mon Apr 27 10:09:27 UTC 2026
https://rss.tedt.org/ai_rss_feed.xml	ai_rss_feed.xml	ai_rss_feed.xml	1034	354d2f23e86bced2f55e9931e5b7e139627fb700	2026-04-27T17:18:02Z	historical/ai_rss_feed/1034_2026-04-27T17-18-02Z_354d2f23e86b_ai_rss_feed.xml	ok_xml	Update RSS feeds and status report - Mon Apr 27 17:18:02 UTC 2026
https://rss.tedt.org/ai_rss_feed.xml	ai_rss_feed.xml	ai_rss_feed.xml	1035	a5acdffd2af8730ad8e7398850107c5eadedfac7	2026-04-28T02:02:56Z	historical/ai_rss_feed/1035_2026-04-28T02-02-56Z_a5acdffd2af8_ai_rss_feed.xml	ok_xml	Update RSS feeds and status report - Tue Apr 28 02:02:56 UTC 2026
https://rss.tedt.org/ai_rss_feed.xml	ai_rss_feed.xml	ai_rss_feed.xml	1036	3a440ffa88920b940c63b266192f5da9ca8552da	2026-04-28T10:09:00Z	historical/ai_rss_feed/1036_2026-04-28T10-09-00Z_3a440ffa8892_ai_rss_feed.xml	ok_xml	Update RSS feeds and status report - Tue Apr 28 10:09:00 UTC 2026
https://rss.tedt.org/ai_rss_feed.xml	ai_rss_feed.xml	ai_rss_feed.xml	1037	20001461d41fed0da774d52b67da0325f8e8f6dd	2026-04-28T17:32:45Z	historical/ai_rss_feed/1037_2026-04-28T17-32-45Z_20001461d41f_ai_rss_feed.xml	ok_xml	Update RSS feeds and status report - Tue Apr 28 17:32:45 UTC 2026
https://rss.tedt.org/ai_rss_feed.xml	ai_rss_feed.xml	ai_rss_feed.xml	1038	237d6a173182808ee7b22e24d65a49ccc642b31c	2026-04-29T02:05:18Z	historical/ai_rss_feed/1038_2026-04-29T02-05-18Z_237d6a173182_ai_rss_feed.xml	ok_xml	Update RSS feeds and status report - Wed Apr 29 02:05:18 UTC 2026
https://rss.tedt.org/ai_rss_feed.xml	ai_rss_feed.xml	ai_rss_feed.xml	1039	4479aeb21d12be21fa0134ee5fffdeb623b567db	2026-04-29T10:00:33Z	historical/ai_rss_feed/1039_2026-04-29T10-00-33Z_4479aeb21d12_ai_rss_feed.xml	ok_xml	Update RSS feeds and status report - Wed Apr 29 10:00:33 UTC 2026
https://rss.tedt.org/ai_rss_feed.xml	ai_rss_feed.xml	ai_rss_feed.xml	1040	23083d7e8517cf1f7e91aa0c963e1577ed96bf7c	2026-04-29T17:20:35Z	historical/ai_rss_feed/1040_2026-04-29T17-20-35Z_23083d7e8517_ai_rss_feed.xml	ok_xml	Update RSS feeds and status report - Wed Apr 29 17:20:35 UTC 2026
https://rss.tedt.org/ai_rss_feed.xml	ai_rss_feed.xml	ai_rss_feed.xml	1041	3aa4ff181a807d0743ae37f3f29524a1f04817bd	2026-04-30T02:04:50Z	historical/ai_rss_feed/1041_2026-04-30T02-04-50Z_3aa4ff181a80_ai_rss_feed.xml	ok_xml	Update RSS feeds and status report - Thu Apr 30 02:04:50 UTC 2026
https://rss.tedt.org/ai_rss_feed.xml	ai_rss_feed.xml	ai_rss_feed.xml	1042	0d87a7552f8ac2773f1071fd56c7cf08d9aa2903	2026-04-30T10:01:23Z	historical/ai_rss_feed/1042_2026-04-30T10-01-23Z_0d87a7552f8a_ai_rss_feed.xml	ok_xml	Update RSS feeds and status report - Thu Apr 30 10:01:23 UTC 2026
https://rss.tedt.org/ai_rss_feed.xml	ai_rss_feed.xml	ai_rss_feed.xml	1043	26adb110f06ded0744e2842cfc4c39091f336033	2026-04-30T17:11:38Z	historical/ai_rss_feed/1043_2026-04-30T17-11-38Z_26adb110f06d_ai_rss_feed.xml	ok_xml	Update RSS feeds and status report - Thu Apr 30 17:11:38 UTC 2026
https://rss.tedt.org/ai_rss_feed.xml	ai_rss_feed.xml	ai_rss_feed.xml	1044	e8d4947564c821a1fabc466571db802ce4ff797f	2026-05-01T02:07:52Z	historical/ai_rss_feed/1044_2026-05-01T02-07-52Z_e8d4947564c8_ai_rss_feed.xml	ok_xml	Update RSS feeds and status report - Fri May  1 02:07:52 UTC 2026
https://rss.tedt.org/ai_rss_feed.xml	ai_rss_feed.xml	ai_rss_feed.xml	1045	801952086db4618f50e0443490160868735e4899	2026-05-01T09:28:29Z	historical/ai_rss_feed/1045_2026-05-01T09-28-29Z_801952086db4_ai_rss_feed.xml	ok_xml	Update RSS feeds and status report - Fri May  1 09:28:29 UTC 2026
https://rss.tedt.org/ai_rss_feed.xml	ai_rss_feed.xml	ai_rss_feed.xml	1046	f88e7d67fb29e38fd6c93ff298dfeea4eb79fb40	2026-05-01T16:47:24Z	historical/ai_rss_feed/1046_2026-05-01T16-47-24Z_f88e7d67fb29_ai_rss_feed.xml	ok_xml	Update RSS feeds and status report - Fri May  1 16:47:24 UTC 2026
https://rss.tedt.org/ai_rss_feed.xml	ai_rss_feed.xml	ai_rss_feed.xml	1047	dda581b5a9d6def22b8e0fa67bbe9d975d2b685c	2026-05-02T01:55:23Z	historical/ai_rss_feed/1047_2026-05-02T01-55-23Z_dda581b5a9d6_ai_rss_feed.xml	ok_xml	Update RSS feeds and status report - Sat May  2 01:55:23 UTC 2026
https://rss.tedt.org/ai_rss_feed.xml	ai_rss_feed.xml	ai_rss_feed.xml	1048	576a75f644c7f69f9a9d360972ea589a4a13bf73	2026-05-02T08:59:49Z	historical/ai_rss_feed/1048_2026-05-02T08-59-49Z_576a75f644c7_ai_rss_feed.xml	ok_xml	Update RSS feeds and status report - Sat May  2 08:59:49 UTC 2026
https://rss.tedt.org/ai_rss_feed.xml	ai_rss_feed.xml	ai_rss_feed.xml	1049	3cc3ed4ce6003b616da9e1037c4f5c4d27c9093f	2026-05-02T16:39:31Z	historical/ai_rss_feed/1049_2026-05-02T16-39-31Z_3cc3ed4ce600_ai_rss_feed.xml	ok_xml	Update RSS feeds and status report - Sat May  2 16:39:31 UTC 2026
https://rss.tedt.org/ai_rss_feed.xml	ai_rss_feed.xml	ai_rss_feed.xml	1050	489faa2e31be9e07f1c948aa9449fe4b5a85379e	2026-05-03T01:58:22Z	historical/ai_rss_feed/1050_2026-05-03T01-58-22Z_489faa2e31be_ai_rss_feed.xml	ok_xml	Update RSS feeds and status report - Sun May  3 01:58:22 UTC 2026
https://rss.tedt.org/ai_rss_feed.xml	ai_rss_feed.xml	ai_rss_feed.xml	1051	11f9eb3306b3fd32ce9cc79956687bd88c7c086d	2026-05-03T09:16:26Z	historical/ai_rss_feed/1051_2026-05-03T09-16-26Z_11f9eb3306b3_ai_rss_feed.xml	ok_xml	Update RSS feeds and status report - Sun May  3 09:16:26 UTC 2026
https://rss.tedt.org/ai_rss_feed.xml	ai_rss_feed.xml	ai_rss_feed.xml	1052	5930a272892cbac2cfbf9677f03183e8de64aed6	2026-05-03T16:40:16Z	historical/ai_rss_feed/1052_2026-05-03T16-40-16Z_5930a272892c_ai_rss_feed.xml	ok_xml	Update RSS feeds and status report - Sun May  3 16:40:16 UTC 2026
https://rss.tedt.org/ai_rss_feed.xml	ai_rss_feed.xml	ai_rss_feed.xml	1053	52c4c218a2e1a92c3b22f1147f7d47c9a3c922e5	2026-05-04T01:59:55Z	historical/ai_rss_feed/1053_2026-05-04T01-59-55Z_52c4c218a2e1_ai_rss_feed.xml	ok_xml	Update RSS feeds and status report - Mon May  4 01:59:55 UTC 2026
https://rss.tedt.org/ai_rss_feed.xml	ai_rss_feed.xml	ai_rss_feed.xml	1054	59986db9391dbb6680cfb6f2056ff0b2ae2c39b6	2026-05-04T10:08:53Z	historical/ai_rss_feed/1054_2026-05-04T10-08-53Z_59986db9391d_ai_rss_feed.xml	ok_xml	Update RSS feeds and status report - Mon May  4 10:08:53 UTC 2026
https://rss.tedt.org/ai_rss_feed.xml	ai_rss_feed.xml	ai_rss_feed.xml	1055	40c572805ca8f19ed0edb04fe8925ae145ab5349	2026-05-04T17:24:51Z	historical/ai_rss_feed/1055_2026-05-04T17-24-51Z_40c572805ca8_ai_rss_feed.xml	ok_xml	Update RSS feeds and status report - Mon May  4 17:24:51 UTC 2026
https://rss.tedt.org/ai_rss_feed.xml	ai_rss_feed.xml	ai_rss_feed.xml	1056	a3e872aa90dc67ff4010ec1d6f2819c22ad903d8	2026-05-05T02:01:57Z	historical/ai_rss_feed/1056_2026-05-05T02-01-57Z_a3e872aa90dc_ai_rss_feed.xml	ok_xml	Update RSS feeds and status report - Tue May  5 02:01:57 UTC 2026
https://rss.tedt.org/ai_rss_feed.xml	ai_rss_feed.xml	ai_rss_feed.xml	1057	963ad7873f80276fb7fd374a8bc607e62363c8db	2026-05-05T09:56:03Z	historical/ai_rss_feed/1057_2026-05-05T09-56-03Z_963ad7873f80_ai_rss_feed.xml	ok_xml	Update RSS feeds and status report - Tue May  5 09:56:03 UTC 2026
https://rss.tedt.org/ai_rss_feed.xml	ai_rss_feed.xml	ai_rss_feed.xml	1058	40a6868832662dd1201f8d1f7882ef86e66e1335	2026-05-05T17:17:55Z	historical/ai_rss_feed/1058_2026-05-05T17-17-55Z_40a686883266_ai_rss_feed.xml	ok_xml	Update RSS feeds and status report - Tue May  5 17:17:55 UTC 2026
https://rss.tedt.org/ai_rss_feed.xml	ai_rss_feed.xml	ai_rss_feed.xml	1059	0934536986c537e4ce3448378eceff865281cb3e	2026-05-06T01:59:52Z	historical/ai_rss_feed/1059_2026-05-06T01-59-52Z_0934536986c5_ai_rss_feed.xml	ok_xml	Update RSS feeds and status report - Wed May  6 01:59:52 UTC 2026
https://rss.tedt.org/ai_rss_feed.xml	ai_rss_feed.xml	ai_rss_feed.xml	1060	5db1c853ae2e028c1458d28918b2369d83f20f92	2026-05-06T10:11:45Z	historical/ai_rss_feed/1060_2026-05-06T10-11-45Z_5db1c853ae2e_ai_rss_feed.xml	ok_xml	Update RSS feeds and status report - Wed May  6 10:11:45 UTC 2026
https://rss.tedt.org/ai_rss_feed.xml	ai_rss_feed.xml	ai_rss_feed.xml	1061	4d2824dc6ccb84b08464547621d91dd3a0fda251	2026-05-06T17:25:18Z	historical/ai_rss_feed/1061_2026-05-06T17-25-18Z_4d2824dc6ccb_ai_rss_feed.xml	ok_xml	Update RSS feeds and status report - Wed May  6 17:25:18 UTC 2026
https://rss.tedt.org/ai_rss_feed.xml	ai_rss_feed.xml	ai_rss_feed.xml	1062	71dfcf26bc6b08ec191a6f7bd1b15396d5d8807f	2026-05-07T02:02:35Z	historical/ai_rss_feed/1062_2026-05-07T02-02-35Z_71dfcf26bc6b_ai_rss_feed.xml	ok_xml	Update RSS feeds and status report - Thu May  7 02:02:35 UTC 2026
https://rss.tedt.org/ai_rss_feed.xml	ai_rss_feed.xml	ai_rss_feed.xml	1063	ab63f49468292e2bb686942173c1a306cafbabc7	2026-05-07T10:16:27Z	historical/ai_rss_feed/1063_2026-05-07T10-16-27Z_ab63f4946829_ai_rss_feed.xml	ok_xml	Update RSS feeds and status report - Thu May  7 10:16:27 UTC 2026
https://rss.tedt.org/ai_rss_feed.xml	ai_rss_feed.xml	ai_rss_feed.xml	1064	26a2130de89fb03c3b74ec69cd64bcbde010414c	2026-05-07T17:45:01Z	historical/ai_rss_feed/1064_2026-05-07T17-45-01Z_26a2130de89f_ai_rss_feed.xml	ok_xml	Update RSS feeds and status report - Thu May  7 17:45:01 UTC 2026
https://rss.tedt.org/ai_rss_feed.xml	ai_rss_feed.xml	ai_rss_feed.xml	1065	4b8df64f54c9a6ad9342506c6ca1981f47baf2da	2026-05-08T02:08:58Z	historical/ai_rss_feed/1065_2026-05-08T02-08-58Z_4b8df64f54c9_ai_rss_feed.xml	ok_xml	Update RSS feeds and status report - Fri May  8 02:08:58 UTC 2026
https://rss.tedt.org/ai_rss_feed.xml	ai_rss_feed.xml	ai_rss_feed.xml	1066	d3f947d4f888c8c31f15be65fe82b6404cee78d0	2026-05-08T09:08:35Z	historical/ai_rss_feed/1066_2026-05-08T09-08-35Z_d3f947d4f888_ai_rss_feed.xml	ok_xml	Update RSS feeds and status report - Fri May  8 09:08:35 UTC 2026
https://rss.tedt.org/ai_rss_feed.xml	ai_rss_feed.xml	ai_rss_feed.xml	1067	de4fa18d6eeb942cbd5cd1027b5c6a30cf787d49	2026-05-08T17:05:30Z	historical/ai_rss_feed/1067_2026-05-08T17-05-30Z_de4fa18d6eeb_ai_rss_feed.xml	ok_xml	Update RSS feeds and status report - Fri May  8 17:05:30 UTC 2026
https://rss.tedt.org/ai_rss_feed.xml	ai_rss_feed.xml	ai_rss_feed.xml	1068	7a1d1297f688d275e6d5d7a59184d17b5e3482f7	2026-05-09T02:03:03Z	historical/ai_rss_feed/1068_2026-05-09T02-03-03Z_7a1d1297f688_ai_rss_feed.xml	ok_xml	Update RSS feeds and status report - Sat May  9 02:03:03 UTC 2026
https://rss.tedt.org/ai_rss_feed.xml	ai_rss_feed.xml	ai_rss_feed.xml	1069	93db6bb717e52ca73e57bc5f8bd6cadec5c98b38	2026-05-09T09:11:27Z	historical/ai_rss_feed/1069_2026-05-09T09-11-27Z_93db6bb717e5_ai_rss_feed.xml	ok_xml	Update RSS feeds and status report - Sat May  9 09:11:27 UTC 2026
https://rss.tedt.org/ai_rss_feed.xml	ai_rss_feed.xml	ai_rss_feed.xml	1070	cdc62088172ef49c6660af94f2175101306af0bf	2026-05-09T16:44:07Z	historical/ai_rss_feed/1070_2026-05-09T16-44-07Z_cdc62088172e_ai_rss_feed.xml	ok_xml	Update RSS feeds and status report - Sat May  9 16:44:07 UTC 2026
https://rss.tedt.org/ai_rss_feed.xml	ai_rss_feed.xml	ai_rss_feed.xml	1071	0622cc2f318e699414979b5d6eaa3cbfd4d2c273	2026-05-10T02:01:24Z	historical/ai_rss_feed/1071_2026-05-10T02-01-24Z_0622cc2f318e_ai_rss_feed.xml	ok_xml	Update RSS feeds and status report - Sun May 10 02:01:24 UTC 2026
https://rss.tedt.org/ai_rss_feed.xml	ai_rss_feed.xml	ai_rss_feed.xml	1072	4eefaffe0a3c1ab6d5018be64827a74aed17f4ce	2026-05-10T09:25:22Z	historical/ai_rss_feed/1072_2026-05-10T09-25-22Z_4eefaffe0a3c_ai_rss_feed.xml	ok_xml	Update RSS feeds and status report - Sun May 10 09:25:22 UTC 2026
https://rss.tedt.org/ai_rss_feed.xml	ai_rss_feed.xml	ai_rss_feed.xml	1073	58780d253c2ec63fcfa1d36a35f788753722047e	2026-05-10T16:44:58Z	historical/ai_rss_feed/1073_2026-05-10T16-44-58Z_58780d253c2e_ai_rss_feed.xml	ok_xml	Update RSS feeds and status report - Sun May 10 16:44:58 UTC 2026
https://rss.tedt.org/ai_rss_feed.xml	ai_rss_feed.xml	ai_rss_feed.xml	1074	48f7982bdaf4766773124c2dba849a7a4372c4c2	2026-05-11T02:21:32Z	historical/ai_rss_feed/1074_2026-05-11T02-21-32Z_48f7982bdaf4_ai_rss_feed.xml	ok_xml	Update RSS feeds and status report - Mon May 11 02:21:32 UTC 2026
https://rss.tedt.org/ai_rss_feed.xml	ai_rss_feed.xml	ai_rss_feed.xml	1075	a61f1ed5d3c7bb3b968184df6862851f6155be4f	2026-05-11T05:34:36Z	historical/ai_rss_feed/1075_2026-05-11T05-34-36Z_a61f1ed5d3c7_ai_rss_feed.xml	ok_xml	Update RSS feeds and status report - Mon May 11 05:34:36 UTC 2026
https://rss.tedt.org/ai_rss_feed.xml	ai_rss_feed.xml	ai_rss_feed.xml	1076	59c33dbb0b7b375dedb569d463ef3292562bc518	2026-05-11T12:52:32Z	historical/ai_rss_feed/1076_2026-05-11T12-52-32Z_59c33dbb0b7b_ai_rss_feed.xml	ok_xml	Update RSS feeds and status report - Mon May 11 12:52:32 UTC 2026
https://rss.tedt.org/ai_rss_feed.xml	ai_rss_feed.xml	ai_rss_feed.xml	1077	79e6e83444a408b274b6cfdbac20e6db642c7747	2026-05-11T19:53:52Z	historical/ai_rss_feed/1077_2026-05-11T19-53-52Z_79e6e83444a4_ai_rss_feed.xml	ok_xml	Update RSS feeds and status report - Mon May 11 19:53:52 UTC 2026
https://rss.tedt.org/ai_rss_feed.xml	ai_rss_feed.xml	ai_rss_feed.xml	1078	394e64e58909bfcf8112fb37273b0d4b7269fdd1	2026-05-22T18:17:31Z	historical/ai_rss_feed/1078_2026-05-22T18-17-31Z_394e64e58909_ai_rss_feed.xml	ok_xml	Update RSS feeds and status report - Fri May 22 18:17:31 UTC 2026
https://rss.tedt.org/ai_rss_feed.xml	ai_rss_feed.xml	ai_rss_feed.xml	1079	f0500cdb46e51a4b1ac9bc401d454bc25be1ea09	2026-05-23T03:27:56Z	historical/ai_rss_feed/1079_2026-05-23T03-27-56Z_f0500cdb46e5_ai_rss_feed.xml	ok_xml	Update RSS feeds and status report - Sat May 23 03:27:56 UTC 2026
https://rss.tedt.org/ai_rss_feed.xml	ai_rss_feed.xml	ai_rss_feed.xml	1080	e22d79181451d10d3420db320242b3a3c502b7e7	2026-05-23T11:04:45Z	historical/ai_rss_feed/1080_2026-05-23T11-04-45Z_e22d79181451_ai_rss_feed.xml	ok_xml	Update RSS feeds and status report - Sat May 23 11:04:45 UTC 2026
https://rss.tedt.org/ai_rss_feed.xml	ai_rss_feed.xml	ai_rss_feed.xml	1081	6b01d92a09ce927cf88b398e5ce84919b412e1df	2026-05-24T11:11:28Z	historical/ai_rss_feed/1081_2026-05-24T11-11-28Z_6b01d92a09ce_ai_rss_feed.xml	ok_xml	Update RSS feeds and status report - Sun May 24 11:11:28 UTC 2026
https://rss.tedt.org/ai_rss_feed.xml	ai_rss_feed.xml	ai_rss_feed.xml	1082	12d9fa7b60cb170c0b3713c86010e13d4c174f8e	2026-05-24T09:23:37-07:00	historical/ai_rss_feed/1082_2026-05-24T09-23-37-07-00_12d9fa7b60cb_ai_rss_feed.xml	ok_xml	Refresh GAI feeds from local scrape
https://rss.tedt.org/ai_rss_feed.xml	ai_rss_feed.xml	ai_rss_feed.xml	1083	ce1ec8be9a9ab17dec3a4bd017c10d4a6c9712c9	2026-05-24T09:50:39-07:00	historical/ai_rss_feed/1083_2026-05-24T09-50-39-07-00_ce1ec8be9a9a_ai_rss_feed.xml	ok_xml	Update timestamps across various files to reflect the latest aggregation time
https://rss.tedt.org/feeds/top.xml	feeds/top.xml	feeds/top.xml	0001	78802d883a0b574029e163bafa385ae872aa202e	2026-02-27T00:10:11Z	historical/feeds_top/0001_2026-02-27T00-10-11Z_78802d883a0b_feeds_top.xml	ok_xml	Update RSS feeds and status report - Fri Feb 27 00:10:11 UTC 2026
https://rss.tedt.org/feeds/top.xml	feeds/top.xml	feeds/top.xml	0002	07ab391b8194286e20462205c347593a26155053	2026-02-27T01:41:31Z	historical/feeds_top/0002_2026-02-27T01-41-31Z_07ab391b8194_feeds_top.xml	ok_xml	Update RSS feeds and status report - Fri Feb 27 01:41:31 UTC 2026
https://rss.tedt.org/feeds/top.xml	feeds/top.xml	feeds/top.xml	0003	3de9e0cdd1e029c5a9d0a25a5c0b342c5feed965	2026-02-26T18:03:13-08:00	historical/feeds_top/0003_2026-02-26T18-03-13-08-00_3de9e0cdd1e0_feeds_top.xml	ok_xml	Refactor code structure for improved readability and maintainability
https://rss.tedt.org/feeds/top.xml	feeds/top.xml	feeds/top.xml	0004	76024459df6f71705ebb3e299524dbbeae5b59fa	2026-02-26T18:14:37-08:00	historical/feeds_top/0004_2026-02-26T18-14-37-08-00_76024459df6f_feeds_top.xml	ok_xml	Update fetched timestamps and item counts across multiple JSON files; add new Reddit post to Machine Learning feed; adjust upvote counts and comments for existing posts; modify pipeline report and RSS status to reflect accurate data.
https://rss.tedt.org/feeds/top.xml	feeds/top.xml	feeds/top.xml	0005	b8e1dbc611ff7c323bea437b6f298d7ef75de3ca	2026-02-27T08:33:47Z	historical/feeds_top/0005_2026-02-27T08-33-47Z_b8e1dbc611ff_feeds_top.xml	ok_xml	Update RSS feeds and status report - Fri Feb 27 08:33:47 UTC 2026
https://rss.tedt.org/feeds/top.xml	feeds/top.xml	feeds/top.xml	0006	6e95bb2d3a3374962820246165cf896a7279e571	2026-02-27T16:32:50Z	historical/feeds_top/0006_2026-02-27T16-32-50Z_6e95bb2d3a33_feeds_top.xml	ok_xml	Update RSS feeds and status report - Fri Feb 27 16:32:50 UTC 2026
https://rss.tedt.org/feeds/top.xml	feeds/top.xml	feeds/top.xml	0007	33f4d15a699df714768e2e66e001e1e51c12d968	2026-02-27T10:41:50-08:00	historical/feeds_top/0007_2026-02-27T10-41-50-08-00_33f4d15a699d_feeds_top.xml	ok_xml	feat: Update pipeline report and add importance classification schema
https://rss.tedt.org/feeds/top.xml	feeds/top.xml	feeds/top.xml	0008	94caec9015020e8010d27e416588738d702eb3cd	2026-02-28T01:12:49Z	historical/feeds_top/0008_2026-02-28T01-12-49Z_94caec901502_feeds_top.xml	ok_xml	Update RSS feeds and status report - Sat Feb 28 01:12:49 UTC 2026
https://rss.tedt.org/feeds/top.xml	feeds/top.xml	feeds/top.xml	0009	b8d2d76d639ac8b06e57bbf52193e43ac0d93830	2026-02-28T08:20:48Z	historical/feeds_top/0009_2026-02-28T08-20-48Z_b8d2d76d639a_feeds_top.xml	ok_xml	Update RSS feeds and status report - Sat Feb 28 08:20:48 UTC 2026
https://rss.tedt.org/feeds/top.xml	feeds/top.xml	feeds/top.xml	0010	1f67ea67497e24e898f75c8f201893d172dbbe70	2026-02-28T16:19:08Z	historical/feeds_top/0010_2026-02-28T16-19-08Z_1f67ea67497e_feeds_top.xml	ok_xml	Update RSS feeds and status report - Sat Feb 28 16:19:08 UTC 2026
https://rss.tedt.org/feeds/top.xml	feeds/top.xml	feeds/top.xml	0011	39522f5b4c6cae26621e542676da5af38836b46b	2026-03-01T01:24:28Z	historical/feeds_top/0011_2026-03-01T01-24-28Z_39522f5b4c6c_feeds_top.xml	ok_xml	Update RSS feeds and status report - Sun Mar  1 01:24:28 UTC 2026
https://rss.tedt.org/feeds/top.xml	feeds/top.xml	feeds/top.xml	0012	b9dcb3a46e4d3c383243659d44016fc75ec4f45e	2026-03-01T08:23:12Z	historical/feeds_top/0012_2026-03-01T08-23-12Z_b9dcb3a46e4d_feeds_top.xml	ok_xml	Update RSS feeds and status report - Sun Mar  1 08:23:12 UTC 2026
https://rss.tedt.org/feeds/top.xml	feeds/top.xml	feeds/top.xml	0013	77020a5b215fef8b92ffa5d01657fd552744311f	2026-03-01T16:19:47Z	historical/feeds_top/0013_2026-03-01T16-19-47Z_77020a5b215f_feeds_top.xml	ok_xml	Update RSS feeds and status report - Sun Mar  1 16:19:47 UTC 2026
https://rss.tedt.org/feeds/top.xml	feeds/top.xml	feeds/top.xml	0014	a566bcd67e73c3647a0a53698844fe33fbbb274b	2026-03-02T01:16:59Z	historical/feeds_top/0014_2026-03-02T01-16-59Z_a566bcd67e73_feeds_top.xml	ok_xml	Update RSS feeds and status report - Mon Mar  2 01:16:59 UTC 2026
https://rss.tedt.org/feeds/top.xml	feeds/top.xml	feeds/top.xml	0015	0a54d4fe398ff8e57ae380e6df030e60d702151d	2026-03-02T08:36:16Z	historical/feeds_top/0015_2026-03-02T08-36-16Z_0a54d4fe398f_feeds_top.xml	ok_xml	Update RSS feeds and status report - Mon Mar  2 08:36:16 UTC 2026
https://rss.tedt.org/feeds/top.xml	feeds/top.xml	feeds/top.xml	0016	a0ff353a3f7370dab2ddd5a0f02a90401ea3f2c2	2026-03-02T16:35:29Z	historical/feeds_top/0016_2026-03-02T16-35-29Z_a0ff353a3f73_feeds_top.xml	ok_xml	Update RSS feeds and status report - Mon Mar  2 16:35:29 UTC 2026
https://rss.tedt.org/feeds/top.xml	feeds/top.xml	feeds/top.xml	0017	3caf89eb610b9454b44761df3d357053cb29f99e	2026-03-03T01:19:00Z	historical/feeds_top/0017_2026-03-03T01-19-00Z_3caf89eb610b_feeds_top.xml	ok_xml	Update RSS feeds and status report - Tue Mar  3 01:19:00 UTC 2026
https://rss.tedt.org/feeds/top.xml	feeds/top.xml	feeds/top.xml	0018	679df67ce81a82868365d1579fca249cd89d5dc5	2026-03-03T08:32:12Z	historical/feeds_top/0018_2026-03-03T08-32-12Z_679df67ce81a_feeds_top.xml	ok_xml	Update RSS feeds and status report - Tue Mar  3 08:32:12 UTC 2026
https://rss.tedt.org/feeds/top.xml	feeds/top.xml	feeds/top.xml	0019	fbff14ac2a12992924390879aaeb3fa21d485b63	2026-03-03T16:38:37Z	historical/feeds_top/0019_2026-03-03T16-38-37Z_fbff14ac2a12_feeds_top.xml	ok_xml	Update RSS feeds and status report - Tue Mar  3 16:38:37 UTC 2026
https://rss.tedt.org/feeds/top.xml	feeds/top.xml	feeds/top.xml	0020	b271f003c3c667d3a65d821467608b9396fa4fdd	2026-03-04T01:14:51Z	historical/feeds_top/0020_2026-03-04T01-14-51Z_b271f003c3c6_feeds_top.xml	ok_xml	Update RSS feeds and status report - Wed Mar  4 01:14:51 UTC 2026
https://rss.tedt.org/feeds/top.xml	feeds/top.xml	feeds/top.xml	0021	3e18baa996775268974e6745e060fe826b2cf62e	2026-03-04T08:31:03Z	historical/feeds_top/0021_2026-03-04T08-31-03Z_3e18baa99677_feeds_top.xml	ok_xml	Update RSS feeds and status report - Wed Mar  4 08:31:03 UTC 2026
https://rss.tedt.org/feeds/top.xml	feeds/top.xml	feeds/top.xml	0022	f257785101434a00c0e362a922ae900af58e2ce4	2026-03-04T16:34:51Z	historical/feeds_top/0022_2026-03-04T16-34-51Z_f25778510143_feeds_top.xml	ok_xml	Update RSS feeds and status report - Wed Mar  4 16:34:51 UTC 2026
https://rss.tedt.org/feeds/top.xml	feeds/top.xml	feeds/top.xml	0023	38891e26db1314291150b0b5522c4549187fd9db	2026-03-05T01:17:25Z	historical/feeds_top/0023_2026-03-05T01-17-25Z_38891e26db13_feeds_top.xml	ok_xml	Update RSS feeds and status report - Thu Mar  5 01:17:25 UTC 2026
https://rss.tedt.org/feeds/top.xml	feeds/top.xml	feeds/top.xml	0024	2e3b199d71a2f405522fc6233a43eab035badeab	2026-03-05T08:32:46Z	historical/feeds_top/0024_2026-03-05T08-32-46Z_2e3b199d71a2_feeds_top.xml	ok_xml	Update RSS feeds and status report - Thu Mar  5 08:32:46 UTC 2026
https://rss.tedt.org/feeds/top.xml	feeds/top.xml	feeds/top.xml	0025	6656c9eaa68ed05996840149562887a0cda6f8fb	2026-03-05T17:56:52Z	historical/feeds_top/0025_2026-03-05T17-56-52Z_6656c9eaa68e_feeds_top.xml	ok_xml	Update RSS feeds and status report - Thu Mar  5 17:56:52 UTC 2026
https://rss.tedt.org/feeds/top.xml	feeds/top.xml	feeds/top.xml	0026	41ce721b015023586438ab2c3e683f67cad5d67d	2026-03-06T01:21:10Z	historical/feeds_top/0026_2026-03-06T01-21-10Z_41ce721b0150_feeds_top.xml	ok_xml	Update RSS feeds and status report - Fri Mar  6 01:21:10 UTC 2026
https://rss.tedt.org/feeds/top.xml	feeds/top.xml	feeds/top.xml	0027	a41e2d6f8fc3646a72e0ca1354b51fc616474578	2026-03-06T08:29:30Z	historical/feeds_top/0027_2026-03-06T08-29-30Z_a41e2d6f8fc3_feeds_top.xml	ok_xml	Update RSS feeds and status report - Fri Mar  6 08:29:30 UTC 2026
https://rss.tedt.org/feeds/top.xml	feeds/top.xml	feeds/top.xml	0028	f89ebfda0c1bbf8e1abfd57b2983aa0baf20e166	2026-03-06T16:32:07Z	historical/feeds_top/0028_2026-03-06T16-32-07Z_f89ebfda0c1b_feeds_top.xml	ok_xml	Update RSS feeds and status report - Fri Mar  6 16:32:07 UTC 2026
https://rss.tedt.org/feeds/top.xml	feeds/top.xml	feeds/top.xml	0029	7c2068169df70374bb3eca07ce3f2acefbffea54	2026-03-07T01:12:30Z	historical/feeds_top/0029_2026-03-07T01-12-30Z_7c2068169df7_feeds_top.xml	ok_xml	Update RSS feeds and status report - Sat Mar  7 01:12:30 UTC 2026
https://rss.tedt.org/feeds/top.xml	feeds/top.xml	feeds/top.xml	0030	dcd994d7d7e9d265bedb9616c23ca2d0dcd4194a	2026-03-07T08:22:09Z	historical/feeds_top/0030_2026-03-07T08-22-09Z_dcd994d7d7e9_feeds_top.xml	ok_xml	Update RSS feeds and status report - Sat Mar  7 08:22:09 UTC 2026
https://rss.tedt.org/feeds/top.xml	feeds/top.xml	feeds/top.xml	0031	cce805b6440caa24f5fb46f3fb9940d062a6c869	2026-03-07T16:20:11Z	historical/feeds_top/0031_2026-03-07T16-20-11Z_cce805b6440c_feeds_top.xml	ok_xml	Update RSS feeds and status report - Sat Mar  7 16:20:11 UTC 2026
https://rss.tedt.org/feeds/top.xml	feeds/top.xml	feeds/top.xml	0032	4ecb23e9dd90bdf9d311fa0e972ace2b5e80d5a3	2026-03-08T01:18:04Z	historical/feeds_top/0032_2026-03-08T01-18-04Z_4ecb23e9dd90_feeds_top.xml	ok_xml	Update RSS feeds and status report - Sun Mar  8 01:18:04 UTC 2026
https://rss.tedt.org/feeds/top.xml	feeds/top.xml	feeds/top.xml	0033	413cd483e551ee28c8bcae83e9d662b53241b758	2026-03-08T08:22:35Z	historical/feeds_top/0033_2026-03-08T08-22-35Z_413cd483e551_feeds_top.xml	ok_xml	Update RSS feeds and status report - Sun Mar  8 08:22:35 UTC 2026
https://rss.tedt.org/feeds/top.xml	feeds/top.xml	feeds/top.xml	0034	a84b92bda5240a2aaaf85586ebc0831bae2d6360	2026-03-08T16:20:22Z	historical/feeds_top/0034_2026-03-08T16-20-22Z_a84b92bda524_feeds_top.xml	ok_xml	Update RSS feeds and status report - Sun Mar  8 16:20:22 UTC 2026
https://rss.tedt.org/feeds/top.xml	feeds/top.xml	feeds/top.xml	0035	a51edd0d2f3d71f92f00b1602d4afbb8239b42cc	2026-03-09T01:17:40Z	historical/feeds_top/0035_2026-03-09T01-17-40Z_a51edd0d2f3d_feeds_top.xml	ok_xml	Update RSS feeds and status report - Mon Mar  9 01:17:40 UTC 2026
https://rss.tedt.org/feeds/top.xml	feeds/top.xml	feeds/top.xml	0036	03077cadbf033d7e18e1358c3d0cb6ba342433c7	2026-03-09T08:36:17Z	historical/feeds_top/0036_2026-03-09T08-36-17Z_03077cadbf03_feeds_top.xml	ok_xml	Update RSS feeds and status report - Mon Mar  9 08:36:17 UTC 2026
https://rss.tedt.org/feeds/top.xml	feeds/top.xml	feeds/top.xml	0037	36220c33d206f58dc50d9617c2aacea7028d08cb	2026-03-09T16:50:54Z	historical/feeds_top/0037_2026-03-09T16-50-54Z_36220c33d206_feeds_top.xml	ok_xml	Update RSS feeds and status report - Mon Mar  9 16:50:54 UTC 2026
https://rss.tedt.org/feeds/top.xml	feeds/top.xml	feeds/top.xml	0038	52994e61cb153b66cec803bd3e315133d356d66c	2026-03-10T01:11:50Z	historical/feeds_top/0038_2026-03-10T01-11-50Z_52994e61cb15_feeds_top.xml	ok_xml	Update RSS feeds and status report - Tue Mar 10 01:11:50 UTC 2026
https://rss.tedt.org/feeds/top.xml	feeds/top.xml	feeds/top.xml	0039	57fa8d7dd97603cf1d697ac1ebeb873b0029b1a8	2026-03-10T08:33:12Z	historical/feeds_top/0039_2026-03-10T08-33-12Z_57fa8d7dd976_feeds_top.xml	ok_xml	Update RSS feeds and status report - Tue Mar 10 08:33:12 UTC 2026
https://rss.tedt.org/feeds/top.xml	feeds/top.xml	feeds/top.xml	0040	414875f0671a452992836a40c709806f95f49b6c	2026-03-10T16:59:33Z	historical/feeds_top/0040_2026-03-10T16-59-33Z_414875f0671a_feeds_top.xml	ok_xml	Update RSS feeds and status report - Tue Mar 10 16:59:33 UTC 2026
https://rss.tedt.org/feeds/top.xml	feeds/top.xml	feeds/top.xml	0041	7963d9c688b284e854a4c0472e78d460c7c72981	2026-03-11T01:12:43Z	historical/feeds_top/0041_2026-03-11T01-12-43Z_7963d9c688b2_feeds_top.xml	ok_xml	Update RSS feeds and status report - Wed Mar 11 01:12:43 UTC 2026
https://rss.tedt.org/feeds/top.xml	feeds/top.xml	feeds/top.xml	0042	ae5ee5db670769f5ace65f595490afb6a23f11a6	2026-03-11T08:32:52Z	historical/feeds_top/0042_2026-03-11T08-32-52Z_ae5ee5db6707_feeds_top.xml	ok_xml	Update RSS feeds and status report - Wed Mar 11 08:32:52 UTC 2026
https://rss.tedt.org/feeds/top.xml	feeds/top.xml	feeds/top.xml	0043	828c9be249e5e0892f7be01cc8c6a6209145a8d4	2026-03-11T16:43:27Z	historical/feeds_top/0043_2026-03-11T16-43-27Z_828c9be249e5_feeds_top.xml	ok_xml	Update RSS feeds and status report - Wed Mar 11 16:43:27 UTC 2026
https://rss.tedt.org/feeds/top.xml	feeds/top.xml	feeds/top.xml	0044	4c948bdf8b10c51ea4efb53057a896e018542c10	2026-03-12T01:10:11Z	historical/feeds_top/0044_2026-03-12T01-10-11Z_4c948bdf8b10_feeds_top.xml	ok_xml	Update RSS feeds and status report - Thu Mar 12 01:10:11 UTC 2026
https://rss.tedt.org/feeds/top.xml	feeds/top.xml	feeds/top.xml	0045	e639e6171a57e6e40926f473d0137e743f47f721	2026-03-12T08:35:21Z	historical/feeds_top/0045_2026-03-12T08-35-21Z_e639e6171a57_feeds_top.xml	ok_xml	Update RSS feeds and status report - Thu Mar 12 08:35:21 UTC 2026
https://rss.tedt.org/feeds/top.xml	feeds/top.xml	feeds/top.xml	0046	baf5e171d9bd2a20227e15e0f95375549aeebf6d	2026-03-12T16:53:23Z	historical/feeds_top/0046_2026-03-12T16-53-23Z_baf5e171d9bd_feeds_top.xml	ok_xml	Update RSS feeds and status report - Thu Mar 12 16:53:23 UTC 2026
https://rss.tedt.org/feeds/top.xml	feeds/top.xml	feeds/top.xml	0047	2fa83536d6231073f3929115d5c686a0f8e263d6	2026-03-13T01:16:04Z	historical/feeds_top/0047_2026-03-13T01-16-04Z_2fa83536d623_feeds_top.xml	ok_xml	Update RSS feeds and status report - Fri Mar 13 01:16:04 UTC 2026
https://rss.tedt.org/feeds/top.xml	feeds/top.xml	feeds/top.xml	0048	00eb844cbf2e38d0cd36d62a0783c89d70517126	2026-03-13T08:32:45Z	historical/feeds_top/0048_2026-03-13T08-32-45Z_00eb844cbf2e_feeds_top.xml	ok_xml	Update RSS feeds and status report - Fri Mar 13 08:32:44 UTC 2026
https://rss.tedt.org/feeds/top.xml	feeds/top.xml	feeds/top.xml	0049	f862e52c111d36147696c234ecc81fd414b20052	2026-03-13T16:32:05Z	historical/feeds_top/0049_2026-03-13T16-32-05Z_f862e52c111d_feeds_top.xml	ok_xml	Update RSS feeds and status report - Fri Mar 13 16:32:05 UTC 2026
https://rss.tedt.org/feeds/top.xml	feeds/top.xml	feeds/top.xml	0050	adeee94aae53e66a1e0ffd199e1702ef0a2f9610	2026-03-14T01:14:46Z	historical/feeds_top/0050_2026-03-14T01-14-46Z_adeee94aae53_feeds_top.xml	ok_xml	Update RSS feeds and status report - Sat Mar 14 01:14:46 UTC 2026
https://rss.tedt.org/feeds/top.xml	feeds/top.xml	feeds/top.xml	0051	61b8e1dfca9fcd98af2fd2dd4287f38f22eb17e7	2026-03-14T08:26:25Z	historical/feeds_top/0051_2026-03-14T08-26-25Z_61b8e1dfca9f_feeds_top.xml	ok_xml	Update RSS feeds and status report - Sat Mar 14 08:26:25 UTC 2026
https://rss.tedt.org/feeds/top.xml	feeds/top.xml	feeds/top.xml	0052	ddd029b0c5c4bbc8dcfd8ca366150d73a4490781	2026-03-14T16:22:36Z	historical/feeds_top/0052_2026-03-14T16-22-36Z_ddd029b0c5c4_feeds_top.xml	ok_xml	Update RSS feeds and status report - Sat Mar 14 16:22:36 UTC 2026
https://rss.tedt.org/feeds/top.xml	feeds/top.xml	feeds/top.xml	0053	1d63bc04700a41b35d2c2a2502ba66223486ad66	2026-03-15T01:26:58Z	historical/feeds_top/0053_2026-03-15T01-26-58Z_1d63bc04700a_feeds_top.xml	ok_xml	Update RSS feeds and status report - Sun Mar 15 01:26:58 UTC 2026
https://rss.tedt.org/feeds/top.xml	feeds/top.xml	feeds/top.xml	0054	d6124f6719369e9063eb51b9b086a54633b939a1	2026-03-15T08:29:16Z	historical/feeds_top/0054_2026-03-15T08-29-16Z_d6124f671936_feeds_top.xml	ok_xml	Update RSS feeds and status report - Sun Mar 15 08:29:16 UTC 2026
https://rss.tedt.org/feeds/top.xml	feeds/top.xml	feeds/top.xml	0055	86d3ec4e45137ffa412c0e17e8acae18fc117786	2026-03-15T16:23:15Z	historical/feeds_top/0055_2026-03-15T16-23-15Z_86d3ec4e4513_feeds_top.xml	ok_xml	Update RSS feeds and status report - Sun Mar 15 16:23:15 UTC 2026
https://rss.tedt.org/feeds/top.xml	feeds/top.xml	feeds/top.xml	0056	211a3da7bef07fe555ed25b0c0fb46e4e2f8787b	2026-03-16T01:26:32Z	historical/feeds_top/0056_2026-03-16T01-26-32Z_211a3da7bef0_feeds_top.xml	ok_xml	Update RSS feeds and status report - Mon Mar 16 01:26:32 UTC 2026
https://rss.tedt.org/feeds/top.xml	feeds/top.xml	feeds/top.xml	0057	2a61c57721950234dd268be9b0992f3c5ada44fc	2026-03-16T08:47:15Z	historical/feeds_top/0057_2026-03-16T08-47-15Z_2a61c5772195_feeds_top.xml	ok_xml	Update RSS feeds and status report - Mon Mar 16 08:47:15 UTC 2026
https://rss.tedt.org/feeds/top.xml	feeds/top.xml	feeds/top.xml	0058	61748dada5649c8a423b682c4918cea06973c19b	2026-03-16T16:56:55Z	historical/feeds_top/0058_2026-03-16T16-56-55Z_61748dada564_feeds_top.xml	ok_xml	Update RSS feeds and status report - Mon Mar 16 16:56:55 UTC 2026
https://rss.tedt.org/feeds/top.xml	feeds/top.xml	feeds/top.xml	0059	012f5bd4a828cc4ab84d16a2aab5a80605e8daf6	2026-03-17T01:17:55Z	historical/feeds_top/0059_2026-03-17T01-17-55Z_012f5bd4a828_feeds_top.xml	ok_xml	Update RSS feeds and status report - Tue Mar 17 01:17:55 UTC 2026
https://rss.tedt.org/feeds/top.xml	feeds/top.xml	feeds/top.xml	0060	beb678929e885fdf691266a6e0a68d35b5a59248	2026-03-17T08:42:34Z	historical/feeds_top/0060_2026-03-17T08-42-34Z_beb678929e88_feeds_top.xml	ok_xml	Update RSS feeds and status report - Tue Mar 17 08:42:34 UTC 2026
https://rss.tedt.org/feeds/top.xml	feeds/top.xml	feeds/top.xml	0061	c0c6a40897b1c50ec9944047392450167d68cf15	2026-03-17T16:58:46Z	historical/feeds_top/0061_2026-03-17T16-58-46Z_c0c6a40897b1_feeds_top.xml	ok_xml	Update RSS feeds and status report - Tue Mar 17 16:58:46 UTC 2026
https://rss.tedt.org/feeds/top.xml	feeds/top.xml	feeds/top.xml	0062	81faae939c5def9f05090815932752ae419cac25	2026-03-18T01:21:49Z	historical/feeds_top/0062_2026-03-18T01-21-49Z_81faae939c5d_feeds_top.xml	ok_xml	Update RSS feeds and status report - Wed Mar 18 01:21:49 UTC 2026
https://rss.tedt.org/feeds/top.xml	feeds/top.xml	feeds/top.xml	0063	21bdb21ce36ba85d8da281a370997f75de1a4fdf	2026-03-18T08:39:47Z	historical/feeds_top/0063_2026-03-18T08-39-47Z_21bdb21ce36b_feeds_top.xml	ok_xml	Update RSS feeds and status report - Wed Mar 18 08:39:46 UTC 2026
https://rss.tedt.org/feeds/top.xml	feeds/top.xml	feeds/top.xml	0064	22a3c9cc9b0f38e69f9bc00cfbd7cca5ff26ea11	2026-03-18T16:53:05Z	historical/feeds_top/0064_2026-03-18T16-53-05Z_22a3c9cc9b0f_feeds_top.xml	ok_xml	Update RSS feeds and status report - Wed Mar 18 16:53:05 UTC 2026
https://rss.tedt.org/feeds/top.xml	feeds/top.xml	feeds/top.xml	0065	934c9e069fcb3ebe70fb92910d38da413a86c475	2026-03-19T01:21:22Z	historical/feeds_top/0065_2026-03-19T01-21-22Z_934c9e069fcb_feeds_top.xml	ok_xml	Update RSS feeds and status report - Thu Mar 19 01:21:22 UTC 2026
https://rss.tedt.org/feeds/top.xml	feeds/top.xml	feeds/top.xml	0066	8f6d49017490d20c984ba45299f81f2bda362947	2026-03-19T08:34:53Z	historical/feeds_top/0066_2026-03-19T08-34-53Z_8f6d49017490_feeds_top.xml	ok_xml	Update RSS feeds and status report - Thu Mar 19 08:34:53 UTC 2026
https://rss.tedt.org/feeds/top.xml	feeds/top.xml	feeds/top.xml	0067	9242e45e8085952ca7f3ab896f6d459385853bb3	2026-03-19T16:49:25Z	historical/feeds_top/0067_2026-03-19T16-49-25Z_9242e45e8085_feeds_top.xml	ok_xml	Update RSS feeds and status report - Thu Mar 19 16:49:24 UTC 2026
https://rss.tedt.org/feeds/top.xml	feeds/top.xml	feeds/top.xml	0068	9b4f9ed7dcbab0d3c63e989ac8ff6a44ad67b938	2026-03-20T01:16:54Z	historical/feeds_top/0068_2026-03-20T01-16-54Z_9b4f9ed7dcba_feeds_top.xml	ok_xml	Update RSS feeds and status report - Fri Mar 20 01:16:54 UTC 2026
https://rss.tedt.org/feeds/top.xml	feeds/top.xml	feeds/top.xml	0069	6665390d16301c0e8a0b68d627ad64eb05c40e5a	2026-03-20T08:33:47Z	historical/feeds_top/0069_2026-03-20T08-33-47Z_6665390d1630_feeds_top.xml	ok_xml	Update RSS feeds and status report - Fri Mar 20 08:33:47 UTC 2026
https://rss.tedt.org/feeds/top.xml	feeds/top.xml	feeds/top.xml	0070	7c4e72ebeca05d148cbe890b73119c9ab2cf6c13	2026-03-20T16:34:59Z	historical/feeds_top/0070_2026-03-20T16-34-59Z_7c4e72ebeca0_feeds_top.xml	ok_xml	Update RSS feeds and status report - Fri Mar 20 16:34:59 UTC 2026
https://rss.tedt.org/feeds/top.xml	feeds/top.xml	feeds/top.xml	0071	f597afd224f29f587f99f9d05cb323944f36b22f	2026-03-21T01:12:52Z	historical/feeds_top/0071_2026-03-21T01-12-52Z_f597afd224f2_feeds_top.xml	ok_xml	Update RSS feeds and status report - Sat Mar 21 01:12:52 UTC 2026
https://rss.tedt.org/feeds/top.xml	feeds/top.xml	feeds/top.xml	0072	99871d16a3bd4e0381cb2e7fa134a06ab69bb129	2026-03-21T08:24:14Z	historical/feeds_top/0072_2026-03-21T08-24-14Z_99871d16a3bd_feeds_top.xml	ok_xml	Update RSS feeds and status report - Sat Mar 21 08:24:14 UTC 2026
https://rss.tedt.org/feeds/top.xml	feeds/top.xml	feeds/top.xml	0073	aab145070cf8802a52149a1e0dd2e07809d22b1e	2026-03-21T16:21:09Z	historical/feeds_top/0073_2026-03-21T16-21-09Z_aab145070cf8_feeds_top.xml	ok_xml	Update RSS feeds and status report - Sat Mar 21 16:21:09 UTC 2026
https://rss.tedt.org/feeds/top.xml	feeds/top.xml	feeds/top.xml	0074	1867e97ef725d5b146912a355e75f3d0c25cdfe0	2026-03-22T01:21:19Z	historical/feeds_top/0074_2026-03-22T01-21-19Z_1867e97ef725_feeds_top.xml	ok_xml	Update RSS feeds and status report - Sun Mar 22 01:21:19 UTC 2026
https://rss.tedt.org/feeds/top.xml	feeds/top.xml	feeds/top.xml	0075	2db5532b09ddc923d9d77c817c0ab5bcf7232c14	2026-03-22T08:26:08Z	historical/feeds_top/0075_2026-03-22T08-26-08Z_2db5532b09dd_feeds_top.xml	ok_xml	Update RSS feeds and status report - Sun Mar 22 08:26:08 UTC 2026
https://rss.tedt.org/feeds/top.xml	feeds/top.xml	feeds/top.xml	0076	3bab8f6e77e841d7a93b68ab810657f3e8b9d201	2026-03-22T16:21:38Z	historical/feeds_top/0076_2026-03-22T16-21-38Z_3bab8f6e77e8_feeds_top.xml	ok_xml	Update RSS feeds and status report - Sun Mar 22 16:21:38 UTC 2026
https://rss.tedt.org/feeds/top.xml	feeds/top.xml	feeds/top.xml	0077	febff36f6a1f561f04ca4382199d5899d133e1cf	2026-03-23T01:22:20Z	historical/feeds_top/0077_2026-03-23T01-22-20Z_febff36f6a1f_feeds_top.xml	ok_xml	Update RSS feeds and status report - Mon Mar 23 01:22:20 UTC 2026
https://rss.tedt.org/feeds/top.xml	feeds/top.xml	feeds/top.xml	0078	de56264bce8392872b1cb99db8f03f36fbad7421	2026-03-23T08:46:35Z	historical/feeds_top/0078_2026-03-23T08-46-35Z_de56264bce83_feeds_top.xml	ok_xml	Update RSS feeds and status report - Mon Mar 23 08:46:35 UTC 2026
https://rss.tedt.org/feeds/top.xml	feeds/top.xml	feeds/top.xml	0079	054453303a0c59491cec66d50d2f420fd3744922	2026-03-23T16:49:34Z	historical/feeds_top/0079_2026-03-23T16-49-34Z_054453303a0c_feeds_top.xml	ok_xml	Update RSS feeds and status report - Mon Mar 23 16:49:34 UTC 2026
https://rss.tedt.org/feeds/top.xml	feeds/top.xml	feeds/top.xml	0080	19cb851885a732a3be56f9bcc566ebf05a8795a6	2026-03-24T01:15:35Z	historical/feeds_top/0080_2026-03-24T01-15-35Z_19cb851885a7_feeds_top.xml	ok_xml	Update RSS feeds and status report - Tue Mar 24 01:15:35 UTC 2026
https://rss.tedt.org/feeds/top.xml	feeds/top.xml	feeds/top.xml	0081	eab9a48c03063f20e679220ee96051edfff8ba5c	2026-03-24T08:42:53Z	historical/feeds_top/0081_2026-03-24T08-42-53Z_eab9a48c0306_feeds_top.xml	ok_xml	Update RSS feeds and status report - Tue Mar 24 08:42:53 UTC 2026
https://rss.tedt.org/feeds/top.xml	feeds/top.xml	feeds/top.xml	0082	88fdb7746ecab65a2b32b8ab77f779247d937253	2026-03-24T16:55:02Z	historical/feeds_top/0082_2026-03-24T16-55-02Z_88fdb7746eca_feeds_top.xml	ok_xml	Update RSS feeds and status report - Tue Mar 24 16:55:02 UTC 2026
https://rss.tedt.org/feeds/top.xml	feeds/top.xml	feeds/top.xml	0083	f3675d261d0f1da100269eb986ae2db401f26b20	2026-03-25T01:20:36Z	historical/feeds_top/0083_2026-03-25T01-20-36Z_f3675d261d0f_feeds_top.xml	ok_xml	Update RSS feeds and status report - Wed Mar 25 01:20:36 UTC 2026
https://rss.tedt.org/feeds/top.xml	feeds/top.xml	feeds/top.xml	0084	961dc51c303493878d2bfd1e12dac545860ae9cd	2026-03-25T08:41:05Z	historical/feeds_top/0084_2026-03-25T08-41-05Z_961dc51c3034_feeds_top.xml	ok_xml	Update RSS feeds and status report - Wed Mar 25 08:41:05 UTC 2026
https://rss.tedt.org/feeds/top.xml	feeds/top.xml	feeds/top.xml	0085	113dab7d7401bb42e97c06441391d5d7e57c96c8	2026-03-25T16:56:47Z	historical/feeds_top/0085_2026-03-25T16-56-47Z_113dab7d7401_feeds_top.xml	ok_xml	Update RSS feeds and status report - Wed Mar 25 16:56:47 UTC 2026
https://rss.tedt.org/feeds/top.xml	feeds/top.xml	feeds/top.xml	0086	3104effaace258faed4651781e48006c045653ac	2026-03-26T01:25:54Z	historical/feeds_top/0086_2026-03-26T01-25-54Z_3104effaace2_feeds_top.xml	ok_xml	Update RSS feeds and status report - Thu Mar 26 01:25:54 UTC 2026
https://rss.tedt.org/feeds/top.xml	feeds/top.xml	feeds/top.xml	0087	f5784e72c429769479ad5fc097e2343c0d70484f	2026-03-26T08:46:08Z	historical/feeds_top/0087_2026-03-26T08-46-08Z_f5784e72c429_feeds_top.xml	ok_xml	Update RSS feeds and status report - Thu Mar 26 08:46:08 UTC 2026
https://rss.tedt.org/feeds/top.xml	feeds/top.xml	feeds/top.xml	0088	d9132516577413d5fd93574f4213a0de31c68544	2026-03-26T16:55:44Z	historical/feeds_top/0088_2026-03-26T16-55-44Z_d91325165774_feeds_top.xml	ok_xml	Update RSS feeds and status report - Thu Mar 26 16:55:44 UTC 2026
https://rss.tedt.org/feeds/top.xml	feeds/top.xml	feeds/top.xml	0089	5eda4b6fb6130550dc2ea8edc5adebbd8dd92efd	2026-03-27T01:25:51Z	historical/feeds_top/0089_2026-03-27T01-25-51Z_5eda4b6fb613_feeds_top.xml	ok_xml	Update RSS feeds and status report - Fri Mar 27 01:25:51 UTC 2026
https://rss.tedt.org/feeds/top.xml	feeds/top.xml	feeds/top.xml	0090	c985176e9160e3e9006dc26472e042624edc38b2	2026-03-27T08:43:24Z	historical/feeds_top/0090_2026-03-27T08-43-24Z_c985176e9160_feeds_top.xml	ok_xml	Update RSS feeds and status report - Fri Mar 27 08:43:24 UTC 2026
https://rss.tedt.org/feeds/top.xml	feeds/top.xml	feeds/top.xml	0091	b33ebc05f0fd3ad39a7834815b9e541875295c05	2026-03-27T16:45:39Z	historical/feeds_top/0091_2026-03-27T16-45-39Z_b33ebc05f0fd_feeds_top.xml	ok_xml	Update RSS feeds and status report - Fri Mar 27 16:45:39 UTC 2026
https://rss.tedt.org/feeds/top.xml	feeds/top.xml	feeds/top.xml	0092	abce38b4397aa6418e088c150fc7d9b28ad1aff2	2026-03-28T01:19:10Z	historical/feeds_top/0092_2026-03-28T01-19-10Z_abce38b4397a_feeds_top.xml	ok_xml	Update RSS feeds and status report - Sat Mar 28 01:19:10 UTC 2026
https://rss.tedt.org/feeds/top.xml	feeds/top.xml	feeds/top.xml	0093	b499ab4073b0338bb6787a9652b70b96ed1a0db4	2026-03-28T08:30:55Z	historical/feeds_top/0093_2026-03-28T08-30-55Z_b499ab4073b0_feeds_top.xml	ok_xml	Update RSS feeds and status report - Sat Mar 28 08:30:55 UTC 2026
https://rss.tedt.org/feeds/top.xml	feeds/top.xml	feeds/top.xml	0094	64052ea7a957835e98114e7cb4fb7e031dd64939	2026-03-28T16:25:31Z	historical/feeds_top/0094_2026-03-28T16-25-31Z_64052ea7a957_feeds_top.xml	ok_xml	Update RSS feeds and status report - Sat Mar 28 16:25:31 UTC 2026
https://rss.tedt.org/feeds/top.xml	feeds/top.xml	feeds/top.xml	0095	70ee2c61a6a393f79f4be3efad55d583c63d2075	2026-03-29T01:28:39Z	historical/feeds_top/0095_2026-03-29T01-28-39Z_70ee2c61a6a3_feeds_top.xml	ok_xml	Update RSS feeds and status report - Sun Mar 29 01:28:39 UTC 2026
https://rss.tedt.org/feeds/top.xml	feeds/top.xml	feeds/top.xml	0096	22f4d9e030db7d6a0771ed3c21c5a77c83eadf1e	2026-03-29T08:32:40Z	historical/feeds_top/0096_2026-03-29T08-32-40Z_22f4d9e030db_feeds_top.xml	ok_xml	Update RSS feeds and status report - Sun Mar 29 08:32:40 UTC 2026
https://rss.tedt.org/feeds/top.xml	feeds/top.xml	feeds/top.xml	0097	e280d68050cf8cb80bd7a9466c9f340a81f9b153	2026-03-29T16:27:33Z	historical/feeds_top/0097_2026-03-29T16-27-33Z_e280d68050cf_feeds_top.xml	ok_xml	Update RSS feeds and status report - Sun Mar 29 16:27:33 UTC 2026
https://rss.tedt.org/feeds/top.xml	feeds/top.xml	feeds/top.xml	0098	b2f67400cb17cefb431b4b1196762b18bf10dd72	2026-03-30T01:29:37Z	historical/feeds_top/0098_2026-03-30T01-29-37Z_b2f67400cb17_feeds_top.xml	ok_xml	Update RSS feeds and status report - Mon Mar 30 01:29:37 UTC 2026
https://rss.tedt.org/feeds/top.xml	feeds/top.xml	feeds/top.xml	0099	0c36a0e2304330009cce50293907b4dd82fee943	2026-03-30T09:05:57Z	historical/feeds_top/0099_2026-03-30T09-05-57Z_0c36a0e23043_feeds_top.xml	ok_xml	Update RSS feeds and status report - Mon Mar 30 09:05:57 UTC 2026
https://rss.tedt.org/feeds/top.xml	feeds/top.xml	feeds/top.xml	0100	fa5e48bbf5972e0b4a7f6a9b823d5b1136db9a98	2026-03-30T16:48:46Z	historical/feeds_top/0100_2026-03-30T16-48-46Z_fa5e48bbf597_feeds_top.xml	ok_xml	Update RSS feeds and status report - Mon Mar 30 16:48:46 UTC 2026
https://rss.tedt.org/feeds/top.xml	feeds/top.xml	feeds/top.xml	0101	cf317ef31208df07b60640778a01b875f6c41d45	2026-03-31T01:27:19Z	historical/feeds_top/0101_2026-03-31T01-27-19Z_cf317ef31208_feeds_top.xml	ok_xml	Update RSS feeds and status report - Tue Mar 31 01:27:19 UTC 2026
https://rss.tedt.org/feeds/top.xml	feeds/top.xml	feeds/top.xml	0102	6b3827e2ae8e0291f8e7c2612ec5bb9ad855b765	2026-03-31T08:49:05Z	historical/feeds_top/0102_2026-03-31T08-49-05Z_6b3827e2ae8e_feeds_top.xml	ok_xml	Update RSS feeds and status report - Tue Mar 31 08:49:05 UTC 2026
https://rss.tedt.org/feeds/top.xml	feeds/top.xml	feeds/top.xml	0103	9eeec881d76852428251f6d89f8f68fa40e73acf	2026-03-31T17:04:24Z	historical/feeds_top/0103_2026-03-31T17-04-24Z_9eeec881d768_feeds_top.xml	ok_xml	Update RSS feeds and status report - Tue Mar 31 17:04:24 UTC 2026
https://rss.tedt.org/feeds/top.xml	feeds/top.xml	feeds/top.xml	0104	01ee48e67ff578a4d3c590faa87c860f46fe48a5	2026-04-01T01:47:30Z	historical/feeds_top/0104_2026-04-01T01-47-30Z_01ee48e67ff5_feeds_top.xml	ok_xml	Update RSS feeds and status report - Wed Apr  1 01:47:30 UTC 2026
https://rss.tedt.org/feeds/top.xml	feeds/top.xml	feeds/top.xml	0105	17da9665366f29770f6031666b7a478b0e53ae1f	2026-04-01T08:57:00Z	historical/feeds_top/0105_2026-04-01T08-57-00Z_17da9665366f_feeds_top.xml	ok_xml	Update RSS feeds and status report - Wed Apr  1 08:57:00 UTC 2026
https://rss.tedt.org/feeds/top.xml	feeds/top.xml	feeds/top.xml	0106	70bcb1bee13fb592d90f50790ca1a6d4d5df0de4	2026-04-01T16:46:29Z	historical/feeds_top/0106_2026-04-01T16-46-29Z_70bcb1bee13f_feeds_top.xml	ok_xml	Update RSS feeds and status report - Wed Apr  1 16:46:29 UTC 2026
https://rss.tedt.org/feeds/top.xml	feeds/top.xml	feeds/top.xml	0107	8126bafb96dc9e3a03feeb0ee505a18bb34883f9	2026-04-02T01:23:42Z	historical/feeds_top/0107_2026-04-02T01-23-42Z_8126bafb96dc_feeds_top.xml	ok_xml	Update RSS feeds and status report - Thu Apr  2 01:23:42 UTC 2026
https://rss.tedt.org/feeds/top.xml	feeds/top.xml	feeds/top.xml	0108	52b42e396fc340863421a79084925cb6f6159419	2026-04-02T08:47:29Z	historical/feeds_top/0108_2026-04-02T08-47-29Z_52b42e396fc3_feeds_top.xml	ok_xml	Update RSS feeds and status report - Thu Apr  2 08:47:29 UTC 2026
https://rss.tedt.org/feeds/top.xml	feeds/top.xml	feeds/top.xml	0109	9f9ebc943b65f522e10647b90259c28f8c43a376	2026-04-02T16:48:16Z	historical/feeds_top/0109_2026-04-02T16-48-16Z_9f9ebc943b65_feeds_top.xml	ok_xml	Update RSS feeds and status report - Thu Apr  2 16:48:16 UTC 2026
https://rss.tedt.org/feeds/top.xml	feeds/top.xml	feeds/top.xml	0110	0e4ae48d7f489d01d6ac577aede6b69c34bc0a2c	2026-04-03T01:25:58Z	historical/feeds_top/0110_2026-04-03T01-25-58Z_0e4ae48d7f48_feeds_top.xml	ok_xml	Update RSS feeds and status report - Fri Apr  3 01:25:58 UTC 2026
https://rss.tedt.org/feeds/top.xml	feeds/top.xml	feeds/top.xml	0111	f8d4ab5d583965a744b15db24f3c10318026495c	2026-04-03T08:44:50Z	historical/feeds_top/0111_2026-04-03T08-44-50Z_f8d4ab5d5839_feeds_top.xml	ok_xml	Update RSS feeds and status report - Fri Apr  3 08:44:50 UTC 2026
https://rss.tedt.org/feeds/top.xml	feeds/top.xml	feeds/top.xml	0112	bd0ee53c054c310e5ea23f40572b070e66d00a22	2026-04-03T16:32:39Z	historical/feeds_top/0112_2026-04-03T16-32-39Z_bd0ee53c054c_feeds_top.xml	ok_xml	Update RSS feeds and status report - Fri Apr  3 16:32:39 UTC 2026
https://rss.tedt.org/feeds/top.xml	feeds/top.xml	feeds/top.xml	0113	9d21ad9db6c96c45884f90069a19ebf3a28165f1	2026-04-04T01:20:22Z	historical/feeds_top/0113_2026-04-04T01-20-22Z_9d21ad9db6c9_feeds_top.xml	ok_xml	Update RSS feeds and status report - Sat Apr  4 01:20:22 UTC 2026
https://rss.tedt.org/feeds/top.xml	feeds/top.xml	feeds/top.xml	0114	ec0c52255e06099d43dc28193bed4476f7d828b1	2026-04-04T08:32:54Z	historical/feeds_top/0114_2026-04-04T08-32-54Z_ec0c52255e06_feeds_top.xml	ok_xml	Update RSS feeds and status report - Sat Apr  4 08:32:54 UTC 2026
https://rss.tedt.org/feeds/top.xml	feeds/top.xml	feeds/top.xml	0115	3f7cca88208a2f471db7964dc93b1cf1aaf53508	2026-04-04T16:27:04Z	historical/feeds_top/0115_2026-04-04T16-27-04Z_3f7cca88208a_feeds_top.xml	ok_xml	Update RSS feeds and status report - Sat Apr  4 16:27:04 UTC 2026
https://rss.tedt.org/feeds/top.xml	feeds/top.xml	feeds/top.xml	0116	6e7147dc61a9ed9da2c74b34a1e37f3dce1f11ba	2026-04-05T01:29:59Z	historical/feeds_top/0116_2026-04-05T01-29-59Z_6e7147dc61a9_feeds_top.xml	ok_xml	Update RSS feeds and status report - Sun Apr  5 01:29:59 UTC 2026
https://rss.tedt.org/feeds/top.xml	feeds/top.xml	feeds/top.xml	0117	479cb9a8a366e0758dd5b5d783aeebbb5e7dead6	2026-04-05T08:35:56Z	historical/feeds_top/0117_2026-04-05T08-35-56Z_479cb9a8a366_feeds_top.xml	ok_xml	Update RSS feeds and status report - Sun Apr  5 08:35:56 UTC 2026
https://rss.tedt.org/feeds/top.xml	feeds/top.xml	feeds/top.xml	0118	90cfd9be25c4959deb185920eedbe29d580d173a	2026-04-05T16:28:38Z	historical/feeds_top/0118_2026-04-05T16-28-38Z_90cfd9be25c4_feeds_top.xml	ok_xml	Update RSS feeds and status report - Sun Apr  5 16:28:38 UTC 2026
https://rss.tedt.org/feeds/top.xml	feeds/top.xml	feeds/top.xml	0119	07ec08258515ea704b05be6cb54f63e3ec4c53b9	2026-04-06T01:29:56Z	historical/feeds_top/0119_2026-04-06T01-29-56Z_07ec08258515_feeds_top.xml	ok_xml	Update RSS feeds and status report - Mon Apr  6 01:29:56 UTC 2026
https://rss.tedt.org/feeds/top.xml	feeds/top.xml	feeds/top.xml	0120	ac29e32fb182528ac1db2eac6af2512f0105b500	2026-04-06T09:03:33Z	historical/feeds_top/0120_2026-04-06T09-03-33Z_ac29e32fb182_feeds_top.xml	ok_xml	Update RSS feeds and status report - Mon Apr  6 09:03:33 UTC 2026
https://rss.tedt.org/feeds/top.xml	feeds/top.xml	feeds/top.xml	0121	4bdc1d41d70f1e9bc2ef27048b4e9cfbad8972ae	2026-04-06T16:39:05Z	historical/feeds_top/0121_2026-04-06T16-39-05Z_4bdc1d41d70f_feeds_top.xml	ok_xml	Update RSS feeds and status report - Mon Apr  6 16:39:05 UTC 2026
https://rss.tedt.org/feeds/top.xml	feeds/top.xml	feeds/top.xml	0122	c65399d3a1b5bd8b5e9ec405780c8ee000290e17	2026-04-07T01:27:55Z	historical/feeds_top/0122_2026-04-07T01-27-55Z_c65399d3a1b5_feeds_top.xml	ok_xml	Update RSS feeds and status report - Tue Apr  7 01:27:55 UTC 2026
https://rss.tedt.org/feeds/top.xml	feeds/top.xml	feeds/top.xml	0123	6b16c861c7cfd812fbca29882abb88abd69cbbb9	2026-04-07T08:56:03Z	historical/feeds_top/0123_2026-04-07T08-56-03Z_6b16c861c7cf_feeds_top.xml	ok_xml	Update RSS feeds and status report - Tue Apr  7 08:56:03 UTC 2026
https://rss.tedt.org/feeds/top.xml	feeds/top.xml	feeds/top.xml	0124	9b545261933b826397686d5c3fd805a708a90bbd	2026-04-07T16:48:53Z	historical/feeds_top/0124_2026-04-07T16-48-53Z_9b545261933b_feeds_top.xml	ok_xml	Update RSS feeds and status report - Tue Apr  7 16:48:53 UTC 2026
https://rss.tedt.org/feeds/top.xml	feeds/top.xml	feeds/top.xml	0125	406bb3d27439b6a1101e23f9b812e60946902081	2026-04-08T01:28:25Z	historical/feeds_top/0125_2026-04-08T01-28-25Z_406bb3d27439_feeds_top.xml	ok_xml	Update RSS feeds and status report - Wed Apr  8 01:28:25 UTC 2026
https://rss.tedt.org/feeds/top.xml	feeds/top.xml	feeds/top.xml	0126	2ad0e4237b2f93d37b63183493f80df406ae231a	2026-04-08T09:03:38Z	historical/feeds_top/0126_2026-04-08T09-03-38Z_2ad0e4237b2f_feeds_top.xml	ok_xml	Update RSS feeds and status report - Wed Apr  8 09:03:38 UTC 2026
https://rss.tedt.org/feeds/top.xml	feeds/top.xml	feeds/top.xml	0127	649dc7e5b5f35cd2a78c47608c054836dd1ddefb	2026-04-08T16:54:16Z	historical/feeds_top/0127_2026-04-08T16-54-16Z_649dc7e5b5f3_feeds_top.xml	ok_xml	Update RSS feeds and status report - Wed Apr  8 16:54:16 UTC 2026
https://rss.tedt.org/feeds/top.xml	feeds/top.xml	feeds/top.xml	0128	d2857968615bd34c703aa9f43335c765c23a1c7e	2026-04-09T01:20:01Z	historical/feeds_top/0128_2026-04-09T01-20-01Z_d2857968615b_feeds_top.xml	ok_xml	Update RSS feeds and status report - Thu Apr  9 01:20:01 UTC 2026
https://rss.tedt.org/feeds/top.xml	feeds/top.xml	feeds/top.xml	0129	b41bec7c5b676bd60643ebf88bd49eb7faaa4c80	2026-04-09T09:02:05Z	historical/feeds_top/0129_2026-04-09T09-02-05Z_b41bec7c5b67_feeds_top.xml	ok_xml	Update RSS feeds and status report - Thu Apr  9 09:02:05 UTC 2026
https://rss.tedt.org/feeds/top.xml	feeds/top.xml	feeds/top.xml	0130	e5903b38fe046eb6d0247b32e24afed8d1650ca7	2026-04-09T16:59:55Z	historical/feeds_top/0130_2026-04-09T16-59-55Z_e5903b38fe04_feeds_top.xml	ok_xml	Update RSS feeds and status report - Thu Apr  9 16:59:55 UTC 2026
https://rss.tedt.org/feeds/top.xml	feeds/top.xml	feeds/top.xml	0131	982ba2bddfb395e167db01927355272c03dda77b	2026-04-10T01:29:10Z	historical/feeds_top/0131_2026-04-10T01-29-10Z_982ba2bddfb3_feeds_top.xml	ok_xml	Update RSS feeds and status report - Fri Apr 10 01:29:10 UTC 2026
https://rss.tedt.org/feeds/top.xml	feeds/top.xml	feeds/top.xml	0132	01f52fea3f43565793e1d3929d6faa80cff6ccec	2026-04-10T16:43:43Z	historical/feeds_top/0132_2026-04-10T16-43-43Z_01f52fea3f43_feeds_top.xml	ok_xml	Update RSS feeds and status report - Fri Apr 10 16:43:43 UTC 2026
https://rss.tedt.org/feeds/top.xml	feeds/top.xml	feeds/top.xml	0133	2b57e8469f0536be63ea531c470db039dbe5cabd	2026-04-11T01:23:47Z	historical/feeds_top/0133_2026-04-11T01-23-47Z_2b57e8469f05_feeds_top.xml	ok_xml	Update RSS feeds and status report - Sat Apr 11 01:23:47 UTC 2026
https://rss.tedt.org/feeds/top.xml	feeds/top.xml	feeds/top.xml	0134	da4755a51d01d3ff09fad3776a41e9481ecc1a56	2026-04-11T08:34:49Z	historical/feeds_top/0134_2026-04-11T08-34-49Z_da4755a51d01_feeds_top.xml	ok_xml	Update RSS feeds and status report - Sat Apr 11 08:34:49 UTC 2026
https://rss.tedt.org/feeds/top.xml	feeds/top.xml	feeds/top.xml	0135	4c1fa3d4a448fdd831e15d3109b3e003b7d834f0	2026-04-11T16:28:25Z	historical/feeds_top/0135_2026-04-11T16-28-25Z_4c1fa3d4a448_feeds_top.xml	ok_xml	Update RSS feeds and status report - Sat Apr 11 16:28:25 UTC 2026
https://rss.tedt.org/feeds/top.xml	feeds/top.xml	feeds/top.xml	0136	109dec1abdf008e9b501e4ade2dd01704ffa0655	2026-04-12T01:46:29Z	historical/feeds_top/0136_2026-04-12T01-46-29Z_109dec1abdf0_feeds_top.xml	ok_xml	Update RSS feeds and status report - Sun Apr 12 01:46:29 UTC 2026
https://rss.tedt.org/feeds/top.xml	feeds/top.xml	feeds/top.xml	0137	251b2230e913224a2c842ff23c0febb02bea0365	2026-04-12T08:40:23Z	historical/feeds_top/0137_2026-04-12T08-40-23Z_251b2230e913_feeds_top.xml	ok_xml	Update RSS feeds and status report - Sun Apr 12 08:40:23 UTC 2026
https://rss.tedt.org/feeds/top.xml	feeds/top.xml	feeds/top.xml	0138	c600fc534425c96c485a9a1d3f5b1dbe4bc1d6e7	2026-04-12T16:30:39Z	historical/feeds_top/0138_2026-04-12T16-30-39Z_c600fc534425_feeds_top.xml	ok_xml	Update RSS feeds and status report - Sun Apr 12 16:30:39 UTC 2026
https://rss.tedt.org/feeds/top.xml	feeds/top.xml	feeds/top.xml	0139	3f029926652dd5684270a415e317d1e8c183eaf6	2026-04-13T01:51:17Z	historical/feeds_top/0139_2026-04-13T01-51-17Z_3f029926652d_feeds_top.xml	ok_xml	Update RSS feeds and status report - Mon Apr 13 01:51:17 UTC 2026
https://rss.tedt.org/feeds/top.xml	feeds/top.xml	feeds/top.xml	0140	e421e5fbe03de2b90463fc804a834ee446c7893a	2026-04-13T09:30:13Z	historical/feeds_top/0140_2026-04-13T09-30-13Z_e421e5fbe03d_feeds_top.xml	ok_xml	Update RSS feeds and status report - Mon Apr 13 09:30:13 UTC 2026
https://rss.tedt.org/feeds/top.xml	feeds/top.xml	feeds/top.xml	0141	3cb4845db4fbe2a8da50d0218de22f8ac4cde858	2026-04-13T16:57:12Z	historical/feeds_top/0141_2026-04-13T16-57-12Z_3cb4845db4fb_feeds_top.xml	ok_xml	Update RSS feeds and status report - Mon Apr 13 16:57:12 UTC 2026
https://rss.tedt.org/feeds/top.xml	feeds/top.xml	feeds/top.xml	0142	5d72d9f4a6398436995421bf7221009c4a4fa865	2026-04-14T01:33:01Z	historical/feeds_top/0142_2026-04-14T01-33-01Z_5d72d9f4a639_feeds_top.xml	ok_xml	Update RSS feeds and status report - Tue Apr 14 01:33:01 UTC 2026
https://rss.tedt.org/feeds/top.xml	feeds/top.xml	feeds/top.xml	0143	251cb62a0861e0823880649f031d591cd4bb9b3f	2026-04-14T09:11:50Z	historical/feeds_top/0143_2026-04-14T09-11-50Z_251cb62a0861_feeds_top.xml	ok_xml	Update RSS feeds and status report - Tue Apr 14 09:11:50 UTC 2026
https://rss.tedt.org/feeds/top.xml	feeds/top.xml	feeds/top.xml	0144	30ccb1befb607d223bab94fada13abdd5e2f76ea	2026-04-14T17:10:35Z	historical/feeds_top/0144_2026-04-14T17-10-35Z_30ccb1befb60_feeds_top.xml	ok_xml	Update RSS feeds and status report - Tue Apr 14 17:10:35 UTC 2026
https://rss.tedt.org/feeds/top.xml	feeds/top.xml	feeds/top.xml	0145	f31ef6becfb23c8e87a5e2643ed9a4d9c8de3548	2026-04-15T01:29:19Z	historical/feeds_top/0145_2026-04-15T01-29-19Z_f31ef6becfb2_feeds_top.xml	ok_xml	Update RSS feeds and status report - Wed Apr 15 01:29:19 UTC 2026
https://rss.tedt.org/feeds/top.xml	feeds/top.xml	feeds/top.xml	0146	2268dfccf46c2bda98e27974f8847a8144b0773e	2026-04-15T09:12:48Z	historical/feeds_top/0146_2026-04-15T09-12-48Z_2268dfccf46c_feeds_top.xml	ok_xml	Update RSS feeds and status report - Wed Apr 15 09:12:48 UTC 2026
https://rss.tedt.org/feeds/top.xml	feeds/top.xml	feeds/top.xml	0147	add9735c897923c45973d84f44d16e5c856d2061	2026-04-15T16:56:29Z	historical/feeds_top/0147_2026-04-15T16-56-29Z_add9735c8979_feeds_top.xml	ok_xml	Update RSS feeds and status report - Wed Apr 15 16:56:29 UTC 2026
https://rss.tedt.org/feeds/top.xml	feeds/top.xml	feeds/top.xml	0148	fcf408608e4413f91b3da324f7397b95ba186ed8	2026-04-16T01:50:47Z	historical/feeds_top/0148_2026-04-16T01-50-47Z_fcf408608e44_feeds_top.xml	ok_xml	Update RSS feeds and status report - Thu Apr 16 01:50:47 UTC 2026
https://rss.tedt.org/feeds/top.xml	feeds/top.xml	feeds/top.xml	0149	a18324ca3a7242f53d0c4b1346dafb140b156259	2026-04-16T09:24:12Z	historical/feeds_top/0149_2026-04-16T09-24-12Z_a18324ca3a72_feeds_top.xml	ok_xml	Update RSS feeds and status report - Thu Apr 16 09:24:12 UTC 2026
https://rss.tedt.org/feeds/top.xml	feeds/top.xml	feeds/top.xml	0150	b02ed77ce8ac05471988f0f60f8da50a28c871e7	2026-04-16T17:06:27Z	historical/feeds_top/0150_2026-04-16T17-06-27Z_b02ed77ce8ac_feeds_top.xml	ok_xml	Update RSS feeds and status report - Thu Apr 16 17:06:27 UTC 2026
https://rss.tedt.org/feeds/top.xml	feeds/top.xml	feeds/top.xml	0151	26777394aa94e6cd847568e067b244e5bdadc5cf	2026-04-17T01:33:01Z	historical/feeds_top/0151_2026-04-17T01-33-01Z_26777394aa94_feeds_top.xml	ok_xml	Update RSS feeds and status report - Fri Apr 17 01:33:01 UTC 2026
https://rss.tedt.org/feeds/top.xml	feeds/top.xml	feeds/top.xml	0152	9cc74b5e428bd10249239f9c919250ef17d48ae9	2026-04-17T09:10:57Z	historical/feeds_top/0152_2026-04-17T09-10-57Z_9cc74b5e428b_feeds_top.xml	ok_xml	Update RSS feeds and status report - Fri Apr 17 09:10:57 UTC 2026
https://rss.tedt.org/feeds/top.xml	feeds/top.xml	feeds/top.xml	0153	d56df2948d77cb875659bcd263d806d297a757af	2026-04-17T16:46:15Z	historical/feeds_top/0153_2026-04-17T16-46-15Z_d56df2948d77_feeds_top.xml	ok_xml	Update RSS feeds and status report - Fri Apr 17 16:46:15 UTC 2026
https://rss.tedt.org/feeds/top.xml	feeds/top.xml	feeds/top.xml	0154	d043a201a9792da3559fb6719e3408ee6f7f1575	2026-04-18T01:26:36Z	historical/feeds_top/0154_2026-04-18T01-26-36Z_d043a201a979_feeds_top.xml	ok_xml	Update RSS feeds and status report - Sat Apr 18 01:26:36 UTC 2026
https://rss.tedt.org/feeds/top.xml	feeds/top.xml	feeds/top.xml	0155	73a7ff00d5c4ad4d9b88a52e1154a2dbcac2a6a4	2026-04-18T08:40:27Z	historical/feeds_top/0155_2026-04-18T08-40-27Z_73a7ff00d5c4_feeds_top.xml	ok_xml	Update RSS feeds and status report - Sat Apr 18 08:40:27 UTC 2026
https://rss.tedt.org/feeds/top.xml	feeds/top.xml	feeds/top.xml	0156	b77dba2e544d29ae1547d1c1067fd20badf67f50	2026-04-18T16:30:51Z	historical/feeds_top/0156_2026-04-18T16-30-51Z_b77dba2e544d_feeds_top.xml	ok_xml	Update RSS feeds and status report - Sat Apr 18 16:30:51 UTC 2026
https://rss.tedt.org/feeds/top.xml	feeds/top.xml	feeds/top.xml	0157	93c641360ce142933dd344f62268df64f964d325	2026-04-19T01:49:47Z	historical/feeds_top/0157_2026-04-19T01-49-47Z_93c641360ce1_feeds_top.xml	ok_xml	Update RSS feeds and status report - Sun Apr 19 01:49:47 UTC 2026
https://rss.tedt.org/feeds/top.xml	feeds/top.xml	feeds/top.xml	0158	e63385a58bea72c86a74cd1d12cae4359b040ee2	2026-04-19T08:45:48Z	historical/feeds_top/0158_2026-04-19T08-45-48Z_e63385a58bea_feeds_top.xml	ok_xml	Update RSS feeds and status report - Sun Apr 19 08:45:48 UTC 2026
https://rss.tedt.org/feeds/top.xml	feeds/top.xml	feeds/top.xml	0159	7aa17d8d171d6704b63d46dac571efdef59d0bbc	2026-04-19T16:31:49Z	historical/feeds_top/0159_2026-04-19T16-31-49Z_7aa17d8d171d_feeds_top.xml	ok_xml	Update RSS feeds and status report - Sun Apr 19 16:31:49 UTC 2026
https://rss.tedt.org/feeds/top.xml	feeds/top.xml	feeds/top.xml	0160	4b1d3b5c814eaebbad2f009693b1808524d0489d	2026-04-20T01:52:07Z	historical/feeds_top/0160_2026-04-20T01-52-07Z_4b1d3b5c814e_feeds_top.xml	ok_xml	Update RSS feeds and status report - Mon Apr 20 01:52:07 UTC 2026
https://rss.tedt.org/feeds/top.xml	feeds/top.xml	feeds/top.xml	0161	1737a74567267c3550b5aee95e54c8d65a025a48	2026-04-20T09:52:15Z	historical/feeds_top/0161_2026-04-20T09-52-15Z_1737a7456726_feeds_top.xml	ok_xml	Update RSS feeds and status report - Mon Apr 20 09:52:15 UTC 2026
https://rss.tedt.org/feeds/top.xml	feeds/top.xml	feeds/top.xml	0162	e91a0bbd6188f90254694173efefdce766955afe	2026-04-20T16:57:41Z	historical/feeds_top/0162_2026-04-20T16-57-41Z_e91a0bbd6188_feeds_top.xml	ok_xml	Update RSS feeds and status report - Mon Apr 20 16:57:41 UTC 2026
https://rss.tedt.org/feeds/top.xml	feeds/top.xml	feeds/top.xml	0163	3ae5ed42449bbf4d307e3841b68d00429d5cb51a	2026-04-21T01:33:25Z	historical/feeds_top/0163_2026-04-21T01-33-25Z_3ae5ed42449b_feeds_top.xml	ok_xml	Update RSS feeds and status report - Tue Apr 21 01:33:25 UTC 2026
https://rss.tedt.org/feeds/top.xml	feeds/top.xml	feeds/top.xml	0164	97d30fad72a91f6e43e15ed984c5f9b75e53ca24	2026-04-21T09:20:01Z	historical/feeds_top/0164_2026-04-21T09-20-01Z_97d30fad72a9_feeds_top.xml	ok_xml	Update RSS feeds and status report - Tue Apr 21 09:20:01 UTC 2026
https://rss.tedt.org/feeds/top.xml	feeds/top.xml	feeds/top.xml	0165	47210c587a249314c6efbdf8f566e03992a1fc92	2026-04-21T16:52:35Z	historical/feeds_top/0165_2026-04-21T16-52-35Z_47210c587a24_feeds_top.xml	ok_xml	Update RSS feeds and status report - Tue Apr 21 16:52:35 UTC 2026
https://rss.tedt.org/feeds/top.xml	feeds/top.xml	feeds/top.xml	0166	2cc5568a7a578ca22dca9c28fa08c6d592d3c707	2026-04-22T01:32:26Z	historical/feeds_top/0166_2026-04-22T01-32-26Z_2cc5568a7a57_feeds_top.xml	ok_xml	Update RSS feeds and status report - Wed Apr 22 01:32:26 UTC 2026
https://rss.tedt.org/feeds/top.xml	feeds/top.xml	feeds/top.xml	0167	16dff492edb76f5b3d1e6034fd714a68cf8ac586	2026-04-22T09:14:29Z	historical/feeds_top/0167_2026-04-22T09-14-29Z_16dff492edb7_feeds_top.xml	ok_xml	Update RSS feeds and status report - Wed Apr 22 09:14:29 UTC 2026
https://rss.tedt.org/feeds/top.xml	feeds/top.xml	feeds/top.xml	0168	03b699c06b93dc17a395a9f62e8064c64bda9b8c	2026-04-22T16:52:17Z	historical/feeds_top/0168_2026-04-22T16-52-17Z_03b699c06b93_feeds_top.xml	ok_xml	Update RSS feeds and status report - Wed Apr 22 16:52:17 UTC 2026
https://rss.tedt.org/feeds/top.xml	feeds/top.xml	feeds/top.xml	0169	5c4efae8f1a18ed9b8c11a30e0fb4c01c08382e3	2026-04-23T01:51:12Z	historical/feeds_top/0169_2026-04-23T01-51-12Z_5c4efae8f1a1_feeds_top.xml	ok_xml	Update RSS feeds and status report - Thu Apr 23 01:51:12 UTC 2026
https://rss.tedt.org/feeds/top.xml	feeds/top.xml	feeds/top.xml	0170	02620501878af787f1a5d57d6e7ee50f26535cc5	2026-04-23T09:21:21Z	historical/feeds_top/0170_2026-04-23T09-21-21Z_02620501878a_feeds_top.xml	ok_xml	Update RSS feeds and status report - Thu Apr 23 09:21:21 UTC 2026
https://rss.tedt.org/feeds/top.xml	feeds/top.xml	feeds/top.xml	0171	be86f51e7680bf6b2b83cc89d15e21962d805783	2026-04-23T17:12:51Z	historical/feeds_top/0171_2026-04-23T17-12-51Z_be86f51e7680_feeds_top.xml	ok_xml	Update RSS feeds and status report - Thu Apr 23 17:12:51 UTC 2026
https://rss.tedt.org/feeds/top.xml	feeds/top.xml	feeds/top.xml	0172	883de1e8d3a434154c04520594b42b337ff2a89c	2026-04-24T01:50:17Z	historical/feeds_top/0172_2026-04-24T01-50-17Z_883de1e8d3a4_feeds_top.xml	ok_xml	Update RSS feeds and status report - Fri Apr 24 01:50:17 UTC 2026
https://rss.tedt.org/feeds/top.xml	feeds/top.xml	feeds/top.xml	0173	11f5a3d229c3533a00203adb94668f51c037366a	2026-04-24T09:25:33Z	historical/feeds_top/0173_2026-04-24T09-25-33Z_11f5a3d229c3_feeds_top.xml	ok_xml	Update RSS feeds and status report - Fri Apr 24 09:25:33 UTC 2026
https://rss.tedt.org/feeds/top.xml	feeds/top.xml	feeds/top.xml	0174	03027442f963cfd8c0572d64a78c531b1d5108a6	2026-04-24T16:47:31Z	historical/feeds_top/0174_2026-04-24T16-47-31Z_03027442f963_feeds_top.xml	ok_xml	Update RSS feeds and status report - Fri Apr 24 16:47:31 UTC 2026
https://rss.tedt.org/feeds/top.xml	feeds/top.xml	feeds/top.xml	0175	e59136dc9bc6a09b5c1680820602077c86d1d5fb	2026-04-25T01:29:34Z	historical/feeds_top/0175_2026-04-25T01-29-34Z_e59136dc9bc6_feeds_top.xml	ok_xml	Update RSS feeds and status report - Sat Apr 25 01:29:34 UTC 2026
https://rss.tedt.org/feeds/top.xml	feeds/top.xml	feeds/top.xml	0176	8d7b5f1ecd9857e520368f3da3cadf545b3425ab	2026-04-25T08:45:05Z	historical/feeds_top/0176_2026-04-25T08-45-05Z_8d7b5f1ecd98_feeds_top.xml	ok_xml	Update RSS feeds and status report - Sat Apr 25 08:45:05 UTC 2026
https://rss.tedt.org/feeds/top.xml	feeds/top.xml	feeds/top.xml	0177	cede86c7190bf80e72fb4ce485c49b49636df391	2026-04-25T16:34:33Z	historical/feeds_top/0177_2026-04-25T16-34-33Z_cede86c7190b_feeds_top.xml	ok_xml	Update RSS feeds and status report - Sat Apr 25 16:34:33 UTC 2026
https://rss.tedt.org/feeds/top.xml	feeds/top.xml	feeds/top.xml	0178	3bedf823ac6a53de670a5420c9683a22630cd9fd	2026-04-26T01:52:39Z	historical/feeds_top/0178_2026-04-26T01-52-39Z_3bedf823ac6a_feeds_top.xml	ok_xml	Update RSS feeds and status report - Sun Apr 26 01:52:39 UTC 2026
https://rss.tedt.org/feeds/top.xml	feeds/top.xml	feeds/top.xml	0179	5da4c89bfb5545bf28d0dc65b962eebaef2673fd	2026-04-26T08:53:00Z	historical/feeds_top/0179_2026-04-26T08-53-00Z_5da4c89bfb55_feeds_top.xml	ok_xml	Update RSS feeds and status report - Sun Apr 26 08:53:00 UTC 2026
https://rss.tedt.org/feeds/top.xml	feeds/top.xml	feeds/top.xml	0180	cd21190da7b523a660dde9c93d08f1acb8f39685	2026-04-26T16:34:53Z	historical/feeds_top/0180_2026-04-26T16-34-53Z_cd21190da7b5_feeds_top.xml	ok_xml	Update RSS feeds and status report - Sun Apr 26 16:34:53 UTC 2026
https://rss.tedt.org/feeds/top.xml	feeds/top.xml	feeds/top.xml	0181	cfb884a0a9dbb3a5054d79e88287b100aa07b776	2026-04-27T01:55:45Z	historical/feeds_top/0181_2026-04-27T01-55-45Z_cfb884a0a9db_feeds_top.xml	ok_xml	Update RSS feeds and status report - Mon Apr 27 01:55:45 UTC 2026
https://rss.tedt.org/feeds/top.xml	feeds/top.xml	feeds/top.xml	0182	f0c5787a8a67f11cc7e9968a3d64571f47f04b93	2026-04-27T10:09:27Z	historical/feeds_top/0182_2026-04-27T10-09-27Z_f0c5787a8a67_feeds_top.xml	ok_xml	Update RSS feeds and status report - Mon Apr 27 10:09:27 UTC 2026
https://rss.tedt.org/feeds/top.xml	feeds/top.xml	feeds/top.xml	0183	354d2f23e86bced2f55e9931e5b7e139627fb700	2026-04-27T17:18:02Z	historical/feeds_top/0183_2026-04-27T17-18-02Z_354d2f23e86b_feeds_top.xml	ok_xml	Update RSS feeds and status report - Mon Apr 27 17:18:02 UTC 2026
https://rss.tedt.org/feeds/top.xml	feeds/top.xml	feeds/top.xml	0184	a5acdffd2af8730ad8e7398850107c5eadedfac7	2026-04-28T02:02:56Z	historical/feeds_top/0184_2026-04-28T02-02-56Z_a5acdffd2af8_feeds_top.xml	ok_xml	Update RSS feeds and status report - Tue Apr 28 02:02:56 UTC 2026
https://rss.tedt.org/feeds/top.xml	feeds/top.xml	feeds/top.xml	0185	3a440ffa88920b940c63b266192f5da9ca8552da	2026-04-28T10:09:00Z	historical/feeds_top/0185_2026-04-28T10-09-00Z_3a440ffa8892_feeds_top.xml	ok_xml	Update RSS feeds and status report - Tue Apr 28 10:09:00 UTC 2026
https://rss.tedt.org/feeds/top.xml	feeds/top.xml	feeds/top.xml	0186	20001461d41fed0da774d52b67da0325f8e8f6dd	2026-04-28T17:32:45Z	historical/feeds_top/0186_2026-04-28T17-32-45Z_20001461d41f_feeds_top.xml	ok_xml	Update RSS feeds and status report - Tue Apr 28 17:32:45 UTC 2026
https://rss.tedt.org/feeds/top.xml	feeds/top.xml	feeds/top.xml	0187	237d6a173182808ee7b22e24d65a49ccc642b31c	2026-04-29T02:05:18Z	historical/feeds_top/0187_2026-04-29T02-05-18Z_237d6a173182_feeds_top.xml	ok_xml	Update RSS feeds and status report - Wed Apr 29 02:05:18 UTC 2026
https://rss.tedt.org/feeds/top.xml	feeds/top.xml	feeds/top.xml	0188	4479aeb21d12be21fa0134ee5fffdeb623b567db	2026-04-29T10:00:33Z	historical/feeds_top/0188_2026-04-29T10-00-33Z_4479aeb21d12_feeds_top.xml	ok_xml	Update RSS feeds and status report - Wed Apr 29 10:00:33 UTC 2026
https://rss.tedt.org/feeds/top.xml	feeds/top.xml	feeds/top.xml	0189	23083d7e8517cf1f7e91aa0c963e1577ed96bf7c	2026-04-29T17:20:35Z	historical/feeds_top/0189_2026-04-29T17-20-35Z_23083d7e8517_feeds_top.xml	ok_xml	Update RSS feeds and status report - Wed Apr 29 17:20:35 UTC 2026
https://rss.tedt.org/feeds/top.xml	feeds/top.xml	feeds/top.xml	0190	3aa4ff181a807d0743ae37f3f29524a1f04817bd	2026-04-30T02:04:50Z	historical/feeds_top/0190_2026-04-30T02-04-50Z_3aa4ff181a80_feeds_top.xml	ok_xml	Update RSS feeds and status report - Thu Apr 30 02:04:50 UTC 2026
https://rss.tedt.org/feeds/top.xml	feeds/top.xml	feeds/top.xml	0191	0d87a7552f8ac2773f1071fd56c7cf08d9aa2903	2026-04-30T10:01:23Z	historical/feeds_top/0191_2026-04-30T10-01-23Z_0d87a7552f8a_feeds_top.xml	ok_xml	Update RSS feeds and status report - Thu Apr 30 10:01:23 UTC 2026
https://rss.tedt.org/feeds/top.xml	feeds/top.xml	feeds/top.xml	0192	26adb110f06ded0744e2842cfc4c39091f336033	2026-04-30T17:11:38Z	historical/feeds_top/0192_2026-04-30T17-11-38Z_26adb110f06d_feeds_top.xml	ok_xml	Update RSS feeds and status report - Thu Apr 30 17:11:38 UTC 2026
https://rss.tedt.org/feeds/top.xml	feeds/top.xml	feeds/top.xml	0193	e8d4947564c821a1fabc466571db802ce4ff797f	2026-05-01T02:07:52Z	historical/feeds_top/0193_2026-05-01T02-07-52Z_e8d4947564c8_feeds_top.xml	ok_xml	Update RSS feeds and status report - Fri May  1 02:07:52 UTC 2026
https://rss.tedt.org/feeds/top.xml	feeds/top.xml	feeds/top.xml	0194	801952086db4618f50e0443490160868735e4899	2026-05-01T09:28:29Z	historical/feeds_top/0194_2026-05-01T09-28-29Z_801952086db4_feeds_top.xml	ok_xml	Update RSS feeds and status report - Fri May  1 09:28:29 UTC 2026
https://rss.tedt.org/feeds/top.xml	feeds/top.xml	feeds/top.xml	0195	f88e7d67fb29e38fd6c93ff298dfeea4eb79fb40	2026-05-01T16:47:24Z	historical/feeds_top/0195_2026-05-01T16-47-24Z_f88e7d67fb29_feeds_top.xml	ok_xml	Update RSS feeds and status report - Fri May  1 16:47:24 UTC 2026
https://rss.tedt.org/feeds/top.xml	feeds/top.xml	feeds/top.xml	0196	dda581b5a9d6def22b8e0fa67bbe9d975d2b685c	2026-05-02T01:55:23Z	historical/feeds_top/0196_2026-05-02T01-55-23Z_dda581b5a9d6_feeds_top.xml	ok_xml	Update RSS feeds and status report - Sat May  2 01:55:23 UTC 2026
https://rss.tedt.org/feeds/top.xml	feeds/top.xml	feeds/top.xml	0197	576a75f644c7f69f9a9d360972ea589a4a13bf73	2026-05-02T08:59:49Z	historical/feeds_top/0197_2026-05-02T08-59-49Z_576a75f644c7_feeds_top.xml	ok_xml	Update RSS feeds and status report - Sat May  2 08:59:49 UTC 2026
https://rss.tedt.org/feeds/top.xml	feeds/top.xml	feeds/top.xml	0198	3cc3ed4ce6003b616da9e1037c4f5c4d27c9093f	2026-05-02T16:39:31Z	historical/feeds_top/0198_2026-05-02T16-39-31Z_3cc3ed4ce600_feeds_top.xml	ok_xml	Update RSS feeds and status report - Sat May  2 16:39:31 UTC 2026
https://rss.tedt.org/feeds/top.xml	feeds/top.xml	feeds/top.xml	0199	489faa2e31be9e07f1c948aa9449fe4b5a85379e	2026-05-03T01:58:22Z	historical/feeds_top/0199_2026-05-03T01-58-22Z_489faa2e31be_feeds_top.xml	ok_xml	Update RSS feeds and status report - Sun May  3 01:58:22 UTC 2026
https://rss.tedt.org/feeds/top.xml	feeds/top.xml	feeds/top.xml	0200	11f9eb3306b3fd32ce9cc79956687bd88c7c086d	2026-05-03T09:16:26Z	historical/feeds_top/0200_2026-05-03T09-16-26Z_11f9eb3306b3_feeds_top.xml	ok_xml	Update RSS feeds and status report - Sun May  3 09:16:26 UTC 2026
https://rss.tedt.org/feeds/top.xml	feeds/top.xml	feeds/top.xml	0201	5930a272892cbac2cfbf9677f03183e8de64aed6	2026-05-03T16:40:16Z	historical/feeds_top/0201_2026-05-03T16-40-16Z_5930a272892c_feeds_top.xml	ok_xml	Update RSS feeds and status report - Sun May  3 16:40:16 UTC 2026
https://rss.tedt.org/feeds/top.xml	feeds/top.xml	feeds/top.xml	0202	52c4c218a2e1a92c3b22f1147f7d47c9a3c922e5	2026-05-04T01:59:55Z	historical/feeds_top/0202_2026-05-04T01-59-55Z_52c4c218a2e1_feeds_top.xml	ok_xml	Update RSS feeds and status report - Mon May  4 01:59:55 UTC 2026
https://rss.tedt.org/feeds/top.xml	feeds/top.xml	feeds/top.xml	0203	59986db9391dbb6680cfb6f2056ff0b2ae2c39b6	2026-05-04T10:08:53Z	historical/feeds_top/0203_2026-05-04T10-08-53Z_59986db9391d_feeds_top.xml	ok_xml	Update RSS feeds and status report - Mon May  4 10:08:53 UTC 2026
https://rss.tedt.org/feeds/top.xml	feeds/top.xml	feeds/top.xml	0204	40c572805ca8f19ed0edb04fe8925ae145ab5349	2026-05-04T17:24:51Z	historical/feeds_top/0204_2026-05-04T17-24-51Z_40c572805ca8_feeds_top.xml	ok_xml	Update RSS feeds and status report - Mon May  4 17:24:51 UTC 2026
https://rss.tedt.org/feeds/top.xml	feeds/top.xml	feeds/top.xml	0205	a3e872aa90dc67ff4010ec1d6f2819c22ad903d8	2026-05-05T02:01:57Z	historical/feeds_top/0205_2026-05-05T02-01-57Z_a3e872aa90dc_feeds_top.xml	ok_xml	Update RSS feeds and status report - Tue May  5 02:01:57 UTC 2026
https://rss.tedt.org/feeds/top.xml	feeds/top.xml	feeds/top.xml	0206	963ad7873f80276fb7fd374a8bc607e62363c8db	2026-05-05T09:56:03Z	historical/feeds_top/0206_2026-05-05T09-56-03Z_963ad7873f80_feeds_top.xml	ok_xml	Update RSS feeds and status report - Tue May  5 09:56:03 UTC 2026
https://rss.tedt.org/feeds/top.xml	feeds/top.xml	feeds/top.xml	0207	40a6868832662dd1201f8d1f7882ef86e66e1335	2026-05-05T17:17:55Z	historical/feeds_top/0207_2026-05-05T17-17-55Z_40a686883266_feeds_top.xml	ok_xml	Update RSS feeds and status report - Tue May  5 17:17:55 UTC 2026
https://rss.tedt.org/feeds/top.xml	feeds/top.xml	feeds/top.xml	0208	0934536986c537e4ce3448378eceff865281cb3e	2026-05-06T01:59:52Z	historical/feeds_top/0208_2026-05-06T01-59-52Z_0934536986c5_feeds_top.xml	ok_xml	Update RSS feeds and status report - Wed May  6 01:59:52 UTC 2026
https://rss.tedt.org/feeds/top.xml	feeds/top.xml	feeds/top.xml	0209	5db1c853ae2e028c1458d28918b2369d83f20f92	2026-05-06T10:11:45Z	historical/feeds_top/0209_2026-05-06T10-11-45Z_5db1c853ae2e_feeds_top.xml	ok_xml	Update RSS feeds and status report - Wed May  6 10:11:45 UTC 2026
https://rss.tedt.org/feeds/top.xml	feeds/top.xml	feeds/top.xml	0210	4d2824dc6ccb84b08464547621d91dd3a0fda251	2026-05-06T17:25:18Z	historical/feeds_top/0210_2026-05-06T17-25-18Z_4d2824dc6ccb_feeds_top.xml	ok_xml	Update RSS feeds and status report - Wed May  6 17:25:18 UTC 2026
https://rss.tedt.org/feeds/top.xml	feeds/top.xml	feeds/top.xml	0211	71dfcf26bc6b08ec191a6f7bd1b15396d5d8807f	2026-05-07T02:02:35Z	historical/feeds_top/0211_2026-05-07T02-02-35Z_71dfcf26bc6b_feeds_top.xml	ok_xml	Update RSS feeds and status report - Thu May  7 02:02:35 UTC 2026
https://rss.tedt.org/feeds/top.xml	feeds/top.xml	feeds/top.xml	0212	ab63f49468292e2bb686942173c1a306cafbabc7	2026-05-07T10:16:27Z	historical/feeds_top/0212_2026-05-07T10-16-27Z_ab63f4946829_feeds_top.xml	ok_xml	Update RSS feeds and status report - Thu May  7 10:16:27 UTC 2026
https://rss.tedt.org/feeds/top.xml	feeds/top.xml	feeds/top.xml	0213	26a2130de89fb03c3b74ec69cd64bcbde010414c	2026-05-07T17:45:01Z	historical/feeds_top/0213_2026-05-07T17-45-01Z_26a2130de89f_feeds_top.xml	ok_xml	Update RSS feeds and status report - Thu May  7 17:45:01 UTC 2026
https://rss.tedt.org/feeds/top.xml	feeds/top.xml	feeds/top.xml	0214	4b8df64f54c9a6ad9342506c6ca1981f47baf2da	2026-05-08T02:08:58Z	historical/feeds_top/0214_2026-05-08T02-08-58Z_4b8df64f54c9_feeds_top.xml	ok_xml	Update RSS feeds and status report - Fri May  8 02:08:58 UTC 2026
https://rss.tedt.org/feeds/top.xml	feeds/top.xml	feeds/top.xml	0215	d3f947d4f888c8c31f15be65fe82b6404cee78d0	2026-05-08T09:08:35Z	historical/feeds_top/0215_2026-05-08T09-08-35Z_d3f947d4f888_feeds_top.xml	ok_xml	Update RSS feeds and status report - Fri May  8 09:08:35 UTC 2026
https://rss.tedt.org/feeds/top.xml	feeds/top.xml	feeds/top.xml	0216	de4fa18d6eeb942cbd5cd1027b5c6a30cf787d49	2026-05-08T17:05:30Z	historical/feeds_top/0216_2026-05-08T17-05-30Z_de4fa18d6eeb_feeds_top.xml	ok_xml	Update RSS feeds and status report - Fri May  8 17:05:30 UTC 2026
https://rss.tedt.org/feeds/top.xml	feeds/top.xml	feeds/top.xml	0217	7a1d1297f688d275e6d5d7a59184d17b5e3482f7	2026-05-09T02:03:03Z	historical/feeds_top/0217_2026-05-09T02-03-03Z_7a1d1297f688_feeds_top.xml	ok_xml	Update RSS feeds and status report - Sat May  9 02:03:03 UTC 2026
https://rss.tedt.org/feeds/top.xml	feeds/top.xml	feeds/top.xml	0218	93db6bb717e52ca73e57bc5f8bd6cadec5c98b38	2026-05-09T09:11:27Z	historical/feeds_top/0218_2026-05-09T09-11-27Z_93db6bb717e5_feeds_top.xml	ok_xml	Update RSS feeds and status report - Sat May  9 09:11:27 UTC 2026
https://rss.tedt.org/feeds/top.xml	feeds/top.xml	feeds/top.xml	0219	cdc62088172ef49c6660af94f2175101306af0bf	2026-05-09T16:44:07Z	historical/feeds_top/0219_2026-05-09T16-44-07Z_cdc62088172e_feeds_top.xml	ok_xml	Update RSS feeds and status report - Sat May  9 16:44:07 UTC 2026
https://rss.tedt.org/feeds/top.xml	feeds/top.xml	feeds/top.xml	0220	0622cc2f318e699414979b5d6eaa3cbfd4d2c273	2026-05-10T02:01:24Z	historical/feeds_top/0220_2026-05-10T02-01-24Z_0622cc2f318e_feeds_top.xml	ok_xml	Update RSS feeds and status report - Sun May 10 02:01:24 UTC 2026
https://rss.tedt.org/feeds/top.xml	feeds/top.xml	feeds/top.xml	0221	4eefaffe0a3c1ab6d5018be64827a74aed17f4ce	2026-05-10T09:25:22Z	historical/feeds_top/0221_2026-05-10T09-25-22Z_4eefaffe0a3c_feeds_top.xml	ok_xml	Update RSS feeds and status report - Sun May 10 09:25:22 UTC 2026
https://rss.tedt.org/feeds/top.xml	feeds/top.xml	feeds/top.xml	0222	58780d253c2ec63fcfa1d36a35f788753722047e	2026-05-10T16:44:58Z	historical/feeds_top/0222_2026-05-10T16-44-58Z_58780d253c2e_feeds_top.xml	ok_xml	Update RSS feeds and status report - Sun May 10 16:44:58 UTC 2026
https://rss.tedt.org/feeds/top.xml	feeds/top.xml	feeds/top.xml	0223	48f7982bdaf4766773124c2dba849a7a4372c4c2	2026-05-11T02:21:32Z	historical/feeds_top/0223_2026-05-11T02-21-32Z_48f7982bdaf4_feeds_top.xml	ok_xml	Update RSS feeds and status report - Mon May 11 02:21:32 UTC 2026
https://rss.tedt.org/feeds/top.xml	feeds/top.xml	feeds/top.xml	0224	a61f1ed5d3c7bb3b968184df6862851f6155be4f	2026-05-11T05:34:36Z	historical/feeds_top/0224_2026-05-11T05-34-36Z_a61f1ed5d3c7_feeds_top.xml	ok_xml	Update RSS feeds and status report - Mon May 11 05:34:36 UTC 2026
https://rss.tedt.org/feeds/top.xml	feeds/top.xml	feeds/top.xml	0225	59c33dbb0b7b375dedb569d463ef3292562bc518	2026-05-11T12:52:32Z	historical/feeds_top/0225_2026-05-11T12-52-32Z_59c33dbb0b7b_feeds_top.xml	ok_xml	Update RSS feeds and status report - Mon May 11 12:52:32 UTC 2026
https://rss.tedt.org/feeds/top.xml	feeds/top.xml	feeds/top.xml	0226	34c29760ba79d94bcaa62e436cd7a50019e839e5	2026-05-11T08:47:20-07:00	historical/feeds_top/0226_2026-05-11T08-47-20-07-00_34c29760ba79_feeds_top.xml	ok_xml	feat: Enhance output cleanup process for titles and descriptions
https://rss.tedt.org/feeds/top.xml	feeds/top.xml	feeds/top.xml	0227	79e6e83444a408b274b6cfdbac20e6db642c7747	2026-05-11T19:53:52Z	historical/feeds_top/0227_2026-05-11T19-53-52Z_79e6e83444a4_feeds_top.xml	ok_xml	Update RSS feeds and status report - Mon May 11 19:53:52 UTC 2026
https://rss.tedt.org/feeds/top.xml	feeds/top.xml	feeds/top.xml	0228	394e64e58909bfcf8112fb37273b0d4b7269fdd1	2026-05-22T18:17:31Z	historical/feeds_top/0228_2026-05-22T18-17-31Z_394e64e58909_feeds_top.xml	ok_xml	Update RSS feeds and status report - Fri May 22 18:17:31 UTC 2026
https://rss.tedt.org/feeds/top.xml	feeds/top.xml	feeds/top.xml	0229	f0500cdb46e51a4b1ac9bc401d454bc25be1ea09	2026-05-23T03:27:56Z	historical/feeds_top/0229_2026-05-23T03-27-56Z_f0500cdb46e5_feeds_top.xml	ok_xml	Update RSS feeds and status report - Sat May 23 03:27:56 UTC 2026
https://rss.tedt.org/feeds/top.xml	feeds/top.xml	feeds/top.xml	0230	e22d79181451d10d3420db320242b3a3c502b7e7	2026-05-23T11:04:45Z	historical/feeds_top/0230_2026-05-23T11-04-45Z_e22d79181451_feeds_top.xml	ok_xml	Update RSS feeds and status report - Sat May 23 11:04:45 UTC 2026
https://rss.tedt.org/feeds/top.xml	feeds/top.xml	feeds/top.xml	0231	6b01d92a09ce927cf88b398e5ce84919b412e1df	2026-05-24T11:11:28Z	historical/feeds_top/0231_2026-05-24T11-11-28Z_6b01d92a09ce_feeds_top.xml	ok_xml	Update RSS feeds and status report - Sun May 24 11:11:28 UTC 2026
